age,age_group,income,employment_years,credit_history_len,existing_debt_ratio,loan_amount,purpose,default,period
25,Under 30,78855.59,0.4,2.0,0.428,14063.48,debt_consolidation,0,baseline
58,Over 50,34896.83,17.8,14.7,0.2,10781.07,auto,0,baseline
53,Over 50,14288.5,14.4,13.1,0.587,1622.52,debt_consolidation,0,baseline
42,30-50,22133.93,2.4,3.5,0.129,5383.77,education,0,baseline
42,30-50,92942.11,11.4,13.0,0.695,8816.41,debt_consolidation,0,baseline
63,Over 50,40922.5,18.7,15.2,0.479,9319.49,debt_consolidation,0,baseline
25,Under 30,34967.49,0.0,0.0,0.074,11540.05,debt_consolidation,0,baseline
55,Over 50,102661.98,4.3,2.3,0.099,17578.35,auto,0,baseline
30,30-50,86623.11,2.9,2.3,0.049,10865.27,small_business,0,baseline
25,Under 30,49563.1,4.8,4.5,0.305,2857.86,debt_consolidation,0,baseline
46,30-50,42957.59,13.5,13.2,0.266,8944.76,auto,0,baseline
68,Over 50,46191.66,13.8,10.9,0.389,14881.91,debt_consolidation,0,baseline
57,Over 50,54296.95,17.9,13.9,0.535,8568.04,debt_consolidation,0,baseline
58,Over 50,100712.1,6.3,5.2,0.418,8970.75,debt_consolidation,0,baseline
56,Over 50,59284.93,11.1,8.7,0.255,6328.86,debt_consolidation,0,baseline
59,Over 50,67962.62,12.0,10.5,0.526,13024.81,education,0,baseline
46,30-50,82964.79,12.2,10.6,0.121,6791.4,auto,0,baseline
27,Under 30,28959.27,6.0,8.2,0.125,10899.02,education,0,baseline
62,Over 50,68850.16,17.2,13.8,0.343,10039.4,education,0,baseline
43,30-50,42935.06,3.6,4.2,0.092,8325.76,education,0,baseline
45,30-50,15799.87,11.0,9.7,0.105,10322.14,home_improvement,0,baseline
39,30-50,18813.38,7.8,9.9,0.507,8962.78,debt_consolidation,1,baseline
29,Under 30,31003.24,0.0,1.7,0.206,15346.69,debt_consolidation,0,baseline
66,Over 50,62258.51,9.5,11.7,0.608,11365.75,debt_consolidation,0,baseline
59,Over 50,51596.54,16.4,12.8,0.28,13627.72,debt_consolidation,0,baseline
52,Over 50,53261.29,10.3,10.1,0.485,5530.55,debt_consolidation,0,baseline
40,30-50,117939.21,2.8,3.1,0.026,5359.85,auto,0,baseline
61,Over 50,27692.3,13.4,10.2,0.14,8361.19,home_improvement,0,baseline
47,30-50,48419.36,10.2,10.0,0.254,11786.72,home_improvement,0,baseline
42,30-50,56218.21,7.1,11.1,0.314,10569.58,home_improvement,0,baseline
43,30-50,35195.63,3.0,2.7,0.062,5565.63,debt_consolidation,0,baseline
32,30-50,49649.67,9.5,9.4,0.081,11971.46,debt_consolidation,0,baseline
25,Under 30,23861.53,4.4,2.9,0.144,5919.93,home_improvement,0,baseline
48,30-50,92453.2,8.4,5.8,0.144,11349.46,education,0,baseline
64,Over 50,36072.04,14.2,11.8,0.343,9351.36,auto,0,baseline
24,Under 30,122287.5,2.1,2.8,0.024,7240.46,small_business,0,baseline
63,Over 50,48309.65,11.3,10.2,0.197,6198.18,home_improvement,0,baseline
61,Over 50,77856.61,15.0,13.5,0.378,8661.04,education,0,baseline
34,30-50,47858.96,0.6,0.0,0.229,8446.64,auto,0,baseline
51,Over 50,48347.28,10.3,9.0,0.046,4801.66,small_business,0,baseline
29,Under 30,37691.38,0.0,3.0,0.634,10949.36,debt_consolidation,1,baseline
58,Over 50,51720.31,9.6,7.0,0.396,14448.44,education,0,baseline
55,Over 50,56562.38,16.8,14.8,0.14,12460.12,home_improvement,0,baseline
38,30-50,34443.78,6.1,7.5,0.112,9485.48,home_improvement,0,baseline
24,Under 30,46338.57,1.7,1.8,0.048,6470.65,home_improvement,0,baseline
68,Over 50,37251.8,10.4,11.0,0.23,8642.71,home_improvement,0,baseline
42,30-50,137977.9,5.6,3.4,0.396,7587.59,education,0,baseline
64,Over 50,47080.83,16.4,16.9,0.239,8622.67,small_business,0,baseline
54,Over 50,98258.25,12.1,12.4,0.24,12941.85,auto,1,baseline
59,Over 50,44889.98,6.8,7.6,0.087,7677.05,debt_consolidation,0,baseline
58,Over 50,55087.57,13.6,15.1,0.489,3233.55,home_improvement,0,baseline
30,30-50,27048.48,4.2,4.7,0.483,12085.64,home_improvement,0,baseline
38,30-50,40087.4,9.8,8.6,0.244,9883.32,auto,0,baseline
43,30-50,53892.18,5.7,9.3,0.056,8733.81,debt_consolidation,0,baseline
45,30-50,100077.66,1.7,7.0,0.033,4504.41,auto,0,baseline
23,Under 30,54170.53,0.0,0.6,0.482,5344.6,home_improvement,0,baseline
47,30-50,91370.15,5.8,6.4,0.332,5666.38,debt_consolidation,0,baseline
28,Under 30,65403.31,4.7,7.8,0.265,6052.03,debt_consolidation,1,baseline
57,Over 50,101959.46,4.4,5.4,0.333,6341.96,debt_consolidation,0,baseline
54,Over 50,47735.52,10.2,11.4,0.068,4487.9,education,0,baseline
66,Over 50,143716.84,20.0,19.6,0.221,23761.61,auto,0,baseline
57,Over 50,39401.99,12.6,11.0,0.078,17172.19,auto,0,baseline
38,30-50,34720.73,8.6,9.7,0.333,9307.56,debt_consolidation,0,baseline
68,Over 50,28437.85,11.5,11.2,0.33,7967.86,education,0,baseline
41,30-50,139938.89,2.2,1.3,0.11,20196.52,debt_consolidation,0,baseline
36,30-50,70880.55,9.6,7.7,0.23,18249.31,home_improvement,1,baseline
65,Over 50,42177.65,15.7,13.3,0.057,5597.31,auto,0,baseline
39,30-50,85996.36,6.6,9.1,0.291,9171.34,debt_consolidation,0,baseline
24,Under 30,66800.21,0.0,3.9,0.228,7396.76,education,0,baseline
44,30-50,118747.82,8.4,10.2,0.169,7082.09,education,0,baseline
59,Over 50,24427.75,9.9,10.8,0.156,7459.65,home_improvement,0,baseline
30,30-50,43503.12,6.7,8.2,0.337,7763.33,home_improvement,0,baseline
43,30-50,39809.68,15.9,15.3,0.536,9003.5,debt_consolidation,0,baseline
27,Under 30,20167.8,3.6,5.7,0.118,9029.03,auto,0,baseline
54,Over 50,78995.58,9.6,10.7,0.136,16632.11,debt_consolidation,0,baseline
44,30-50,43404.64,0.4,0.0,0.347,5412.98,education,0,baseline
37,30-50,68379.89,0.5,0.9,0.384,13140.57,auto,0,baseline
32,30-50,141760.94,8.5,6.8,0.459,4733.85,home_improvement,0,baseline
48,30-50,41816.25,6.4,9.3,0.125,9121.8,debt_consolidation,0,baseline
53,Over 50,40557.71,10.1,13.4,0.329,13652.46,home_improvement,0,baseline
67,Over 50,51709.61,18.1,12.1,0.288,10769.95,debt_consolidation,0,baseline
42,30-50,76439.99,11.8,14.6,0.243,6917.53,small_business,0,baseline
28,Under 30,37986.24,1.9,3.7,0.465,9343.14,auto,0,baseline
61,Over 50,36903.71,12.8,14.3,0.271,18511.45,auto,0,baseline
51,Over 50,78884.12,10.7,11.6,0.086,6027.88,debt_consolidation,0,baseline
55,Over 50,58127.12,10.0,12.9,0.516,10756.62,home_improvement,0,baseline
25,Under 30,19533.23,0.0,2.4,0.075,13128.54,home_improvement,0,baseline
36,30-50,28242.23,6.5,4.5,0.226,6674.09,small_business,1,baseline
58,Over 50,96332.03,13.5,12.6,0.46,19296.62,auto,0,baseline
61,Over 50,58739.5,20.4,19.3,0.21,22847.87,debt_consolidation,0,baseline
42,30-50,34787.45,8.7,8.5,0.103,14002.84,small_business,0,baseline
60,Over 50,45402.19,17.1,17.0,0.198,14017.71,debt_consolidation,0,baseline
62,Over 50,49313.67,11.1,10.8,0.409,3414.03,auto,0,baseline
39,30-50,68260.05,7.9,7.1,0.112,4186.16,education,0,baseline
65,Over 50,26603.06,13.2,10.4,0.354,7768.08,auto,0,baseline
35,30-50,33576.2,6.1,6.1,0.368,5832.05,small_business,0,baseline
32,30-50,55427.44,5.9,7.1,0.194,11080.47,education,0,baseline
54,Over 50,46867.25,11.7,7.4,0.234,1951.47,debt_consolidation,0,baseline
52,Over 50,63407.45,18.1,14.9,0.479,11044.67,auto,0,baseline
27,Under 30,28189.97,6.4,3.1,0.519,7421.45,auto,1,baseline
61,Over 50,57567.18,17.5,14.8,0.304,6180.17,home_improvement,0,baseline
30,30-50,80114.54,5.4,8.7,0.426,21021.43,small_business,0,baseline
60,Over 50,61026.8,18.9,14.8,0.218,6946.32,education,0,baseline
21,Under 30,52187.6,0.0,3.4,0.015,3610.56,home_improvement,0,baseline
60,Over 50,46950.65,17.8,21.9,0.121,10183.06,debt_consolidation,0,baseline
59,Over 50,33668.47,10.3,13.2,0.023,9809.3,debt_consolidation,0,baseline
59,Over 50,47458.01,11.6,11.6,0.23,7428.14,debt_consolidation,0,baseline
53,Over 50,86410.77,12.9,14.0,0.026,26255.9,auto,0,baseline
44,30-50,46464.19,11.7,8.7,0.076,9000.63,auto,0,baseline
55,Over 50,32846.1,8.4,5.6,0.191,13458.9,debt_consolidation,0,baseline
34,30-50,39280.71,3.0,4.5,0.612,9523.65,home_improvement,0,baseline
59,Over 50,53657.83,13.6,13.7,0.376,15295.03,debt_consolidation,0,baseline
48,30-50,41436.55,8.9,11.3,0.229,6867.54,small_business,1,baseline
43,30-50,60985.2,10.3,9.1,0.35,4761.37,education,0,baseline
45,30-50,62024.19,18.7,17.4,0.187,11883.06,debt_consolidation,0,baseline
48,30-50,73133.54,10.7,10.9,0.449,9411.01,debt_consolidation,0,baseline
22,Under 30,93022.97,0.0,1.7,0.042,12059.54,small_business,0,baseline
27,Under 30,76736.78,0.0,1.9,0.272,5952.96,debt_consolidation,0,baseline
33,30-50,32195.84,3.2,2.9,0.339,10302.01,education,0,baseline
26,Under 30,32643.78,0.0,2.6,0.196,3651.39,debt_consolidation,0,baseline
42,30-50,47377.51,8.8,9.4,0.233,6374.79,home_improvement,0,baseline
53,Over 50,40013.46,12.6,11.2,0.301,5696.87,auto,0,baseline
53,Over 50,29370.7,9.8,11.2,0.052,10383.57,home_improvement,0,baseline
44,30-50,40184.58,14.0,15.3,0.585,6360.69,education,0,baseline
62,Over 50,39595.44,12.1,13.1,0.082,4078.92,small_business,0,baseline
48,30-50,36230.93,9.1,7.2,0.451,6098.99,home_improvement,0,baseline
24,Under 30,42527.01,3.0,4.6,0.34,10929.76,home_improvement,0,baseline
58,Over 50,83308.25,15.6,12.7,0.061,8651.96,auto,0,baseline
49,30-50,53618.91,13.6,13.1,0.082,5582.87,education,0,baseline
52,Over 50,149091.29,12.1,9.9,0.099,12327.74,debt_consolidation,0,baseline
48,30-50,52930.17,12.6,14.6,0.139,17724.51,home_improvement,0,baseline
48,30-50,43022.15,7.5,9.5,0.151,12764.38,home_improvement,0,baseline
25,Under 30,49112.05,4.2,7.6,0.532,2556.14,debt_consolidation,0,baseline
48,30-50,55018.31,12.2,13.8,0.148,9123.21,education,1,baseline
59,Over 50,59627.03,17.8,15.7,0.129,7548.34,education,0,baseline
35,30-50,124806.53,0.0,1.1,0.095,2928.16,education,0,baseline
50,30-50,33510.22,7.4,11.4,0.461,4250.5,auto,0,baseline
22,Under 30,72154.92,2.8,3.9,0.07,12082.74,education,0,baseline
38,30-50,53824.7,0.0,0.0,0.47,8891.36,debt_consolidation,0,baseline
42,30-50,24173.35,8.8,11.1,0.546,8436.46,debt_consolidation,0,baseline
69,Over 50,69342.58,20.0,18.3,0.167,5854.43,home_improvement,0,baseline
31,30-50,86719.2,1.8,6.4,0.418,13920.84,home_improvement,0,baseline
34,30-50,33331.91,3.3,5.1,0.222,4381.29,education,1,baseline
41,30-50,48824.12,3.8,5.0,0.092,5198.04,education,0,baseline
69,Over 50,22552.26,15.2,17.2,0.278,6912.74,home_improvement,0,baseline
62,Over 50,27820.74,12.9,9.2,0.371,3778.69,debt_consolidation,0,baseline
22,Under 30,78559.64,0.0,0.8,0.388,5214.35,debt_consolidation,1,baseline
32,30-50,39739.96,1.6,1.5,0.225,13777.41,home_improvement,0,baseline
61,Over 50,29763.52,13.2,8.2,0.035,5312.71,auto,0,baseline
23,Under 30,54353.11,0.0,3.7,0.042,11973.34,small_business,0,baseline
62,Over 50,38751.1,20.0,16.9,0.165,11130.85,debt_consolidation,0,baseline
34,30-50,39661.26,3.4,6.5,0.419,7448.61,education,0,baseline
65,Over 50,68370.5,16.4,15.9,0.141,3985.96,auto,0,baseline
35,30-50,29062.97,3.2,5.7,0.256,8364.13,home_improvement,0,baseline
42,30-50,32616.89,5.6,5.6,0.188,2820.29,debt_consolidation,0,baseline
53,Over 50,52540.31,6.1,5.3,0.118,6220.15,debt_consolidation,0,baseline
27,Under 30,75828.87,0.0,2.2,0.172,9151.09,auto,0,baseline
48,30-50,85577.03,5.8,8.5,0.307,12516.1,education,0,baseline
45,30-50,36341.74,9.0,9.1,0.061,7511.01,auto,0,baseline
59,Over 50,74743.66,16.5,13.8,0.108,5979.04,education,0,baseline
69,Over 50,34445.58,11.4,8.8,0.431,5744.45,home_improvement,0,baseline
53,Over 50,111501.6,9.6,10.1,0.072,6411.51,debt_consolidation,0,baseline
41,30-50,29430.98,2.9,3.2,0.328,11070.8,debt_consolidation,0,baseline
40,30-50,89126.81,5.9,6.5,0.138,9653.21,education,0,baseline
41,30-50,36482.25,10.2,9.7,0.072,8014.37,home_improvement,0,baseline
60,Over 50,121292.58,12.3,11.0,0.245,11103.53,education,0,baseline
36,30-50,63965.19,5.1,6.7,0.383,8105.25,home_improvement,1,baseline
29,Under 30,31032.57,7.2,8.8,0.084,4157.12,debt_consolidation,0,baseline
37,30-50,38754.13,7.0,11.5,0.344,4651.0,auto,0,baseline
22,Under 30,69670.45,0.0,3.5,0.105,10947.2,auto,0,baseline
26,Under 30,78722.95,2.2,7.0,0.3,4076.56,auto,0,baseline
25,Under 30,47485.42,0.0,0.4,0.314,6697.65,debt_consolidation,0,baseline
58,Over 50,50015.9,14.2,10.2,0.215,7653.54,debt_consolidation,0,baseline
56,Over 50,68958.41,13.8,13.0,0.302,4833.47,auto,0,baseline
55,Over 50,52016.14,7.8,10.0,0.044,3519.69,home_improvement,0,baseline
43,30-50,27389.71,8.2,10.0,0.051,4503.52,debt_consolidation,1,baseline
56,Over 50,34001.56,11.9,13.9,0.071,3278.48,home_improvement,0,baseline
28,Under 30,54491.72,4.1,0.2,0.178,11001.82,auto,0,baseline
65,Over 50,84708.15,17.9,18.8,0.484,9884.63,home_improvement,0,baseline
45,30-50,101436.89,9.8,10.5,0.247,5542.42,debt_consolidation,0,baseline
66,Over 50,69618.68,14.8,10.8,0.361,4090.09,small_business,0,baseline
28,Under 30,55786.15,5.2,7.6,0.191,14518.03,debt_consolidation,0,baseline
45,30-50,68663.03,5.8,7.0,0.044,10098.81,debt_consolidation,0,baseline
55,Over 50,36314.13,7.9,9.1,0.175,5940.1,debt_consolidation,0,baseline
45,30-50,45754.53,0.0,4.0,0.259,14670.02,debt_consolidation,0,baseline
42,30-50,33831.28,7.1,8.6,0.365,8680.22,auto,0,baseline
29,Under 30,27947.02,0.3,0.0,0.216,9499.62,debt_consolidation,0,baseline
39,30-50,56959.57,7.5,7.7,0.144,4812.7,debt_consolidation,0,baseline
32,30-50,53288.78,0.0,0.0,0.065,3796.67,debt_consolidation,0,baseline
35,30-50,66799.02,3.0,5.7,0.315,3695.85,debt_consolidation,0,baseline
54,Over 50,62677.03,13.0,15.2,0.139,22960.18,home_improvement,0,baseline
51,Over 50,54676.54,7.4,5.4,0.141,5357.29,debt_consolidation,0,baseline
50,30-50,62974.02,11.4,9.8,0.272,8371.49,debt_consolidation,0,baseline
38,30-50,48088.22,4.3,3.7,0.358,10196.57,education,0,baseline
68,Over 50,59030.0,16.4,14.2,0.176,8019.16,home_improvement,0,baseline
25,Under 30,35356.41,3.2,5.4,0.077,7501.62,debt_consolidation,0,baseline
37,30-50,57893.92,8.5,7.9,0.139,7418.45,home_improvement,0,baseline
26,Under 30,66223.32,2.0,4.9,0.244,10300.76,debt_consolidation,0,baseline
37,30-50,36266.27,3.2,6.7,0.197,4817.92,debt_consolidation,0,baseline
68,Over 50,50177.62,15.1,16.3,0.147,6501.13,debt_consolidation,0,baseline
38,30-50,37026.12,7.9,6.1,0.083,2560.94,debt_consolidation,0,baseline
65,Over 50,38679.77,12.3,14.6,0.264,3192.24,debt_consolidation,0,baseline
45,30-50,29548.31,7.9,11.2,0.198,4234.31,debt_consolidation,0,baseline
55,Over 50,86647.09,10.7,13.7,0.407,12417.64,home_improvement,0,baseline
43,30-50,79186.28,7.4,7.6,0.049,7070.23,debt_consolidation,0,baseline
34,30-50,62432.75,1.5,1.7,0.182,11483.93,debt_consolidation,0,baseline
58,Over 50,119072.54,7.4,5.9,0.267,9822.62,education,0,baseline
68,Over 50,45018.98,18.0,14.2,0.218,9228.47,auto,1,baseline
33,30-50,191816.24,7.1,7.7,0.278,5054.11,auto,0,baseline
59,Over 50,44250.05,7.9,10.0,0.146,8412.46,home_improvement,0,baseline
33,30-50,54986.17,5.3,8.9,0.146,9202.59,auto,0,baseline
56,Over 50,40986.58,15.5,13.4,0.42,24351.28,auto,0,baseline
59,Over 50,57962.21,15.1,14.0,0.272,6815.77,home_improvement,0,baseline
43,30-50,71398.11,6.4,7.0,0.358,11685.57,education,0,baseline
57,Over 50,46571.2,9.8,8.5,0.424,7616.41,education,0,baseline
34,30-50,109045.87,4.8,7.3,0.201,5703.72,debt_consolidation,0,baseline
24,Under 30,54590.61,1.8,4.2,0.287,12516.05,debt_consolidation,0,baseline
25,Under 30,55365.86,1.7,3.6,0.155,20864.24,debt_consolidation,0,baseline
42,30-50,32563.62,6.8,8.2,0.422,9237.28,home_improvement,0,baseline
65,Over 50,59179.15,12.2,13.0,0.015,5758.79,education,0,baseline
27,Under 30,46151.64,3.4,5.9,0.096,10236.81,auto,0,baseline
43,30-50,37282.98,9.1,7.6,0.305,9318.09,home_improvement,0,baseline
55,Over 50,34564.64,12.5,13.8,0.377,24544.72,home_improvement,0,baseline
30,30-50,163128.5,3.5,5.3,0.287,11743.85,auto,0,baseline
56,Over 50,43540.0,17.3,15.0,0.249,5080.71,home_improvement,0,baseline
35,30-50,25447.09,3.0,4.9,0.241,15326.62,auto,1,baseline
60,Over 50,35803.48,17.5,16.7,0.329,11940.37,auto,0,baseline
49,30-50,47896.34,7.6,10.2,0.226,12935.08,auto,0,baseline
47,30-50,62692.69,12.4,9.8,0.342,10121.79,auto,0,baseline
29,Under 30,62922.46,6.5,9.9,0.342,13415.29,auto,0,baseline
43,30-50,66468.04,6.8,7.5,0.334,10100.21,auto,0,baseline
62,Over 50,36673.62,19.3,16.5,0.362,7135.31,small_business,0,baseline
21,Under 30,57136.49,1.4,2.1,0.191,8665.54,auto,0,baseline
58,Over 50,33049.88,10.3,8.3,0.237,7646.66,home_improvement,0,baseline
45,30-50,37092.15,7.3,4.3,0.212,9611.28,education,0,baseline
56,Over 50,32436.22,15.6,15.9,0.275,8431.43,small_business,0,baseline
53,Over 50,28716.44,14.0,17.1,0.048,6923.72,home_improvement,0,baseline
42,30-50,79133.71,4.2,2.1,0.25,7399.71,education,0,baseline
36,30-50,66827.86,4.8,4.0,0.373,8088.51,small_business,0,baseline
51,Over 50,76076.86,11.1,12.4,0.328,3325.78,debt_consolidation,0,baseline
27,Under 30,49895.74,0.6,2.4,0.347,13523.92,home_improvement,0,baseline
49,30-50,69533.47,16.9,17.2,0.284,9642.78,home_improvement,0,baseline
25,Under 30,22190.5,2.1,3.5,0.328,5968.53,auto,0,baseline
52,Over 50,72286.26,10.7,9.4,0.106,10889.97,small_business,0,baseline
51,Over 50,53087.88,14.1,12.8,0.474,6285.15,debt_consolidation,0,baseline
25,Under 30,65003.69,0.3,0.0,0.032,6285.05,education,0,baseline
58,Over 50,58163.34,16.0,12.5,0.419,9772.41,education,0,baseline
41,30-50,31439.65,2.0,5.5,0.024,16569.38,auto,0,baseline
59,Over 50,24981.28,11.9,13.9,0.5,9320.18,auto,0,baseline
23,Under 30,35581.3,3.8,7.9,0.311,5497.57,auto,0,baseline
29,Under 30,63209.68,7.5,8.9,0.241,6796.03,debt_consolidation,0,baseline
45,30-50,66872.37,6.1,2.4,0.266,12388.5,debt_consolidation,0,baseline
30,30-50,26487.44,0.5,1.1,0.241,9918.33,debt_consolidation,0,baseline
37,30-50,31524.03,7.3,10.5,0.015,13091.73,debt_consolidation,0,baseline
53,Over 50,35402.72,9.3,12.7,0.217,9864.8,auto,0,baseline
28,Under 30,41739.9,1.6,6.0,0.312,11913.36,education,0,baseline
54,Over 50,26557.76,14.2,12.9,0.539,22170.06,debt_consolidation,0,baseline
26,Under 30,25850.28,0.1,0.0,0.239,4120.95,auto,0,baseline
29,Under 30,33866.25,0.0,1.9,0.183,26999.45,debt_consolidation,0,baseline
49,30-50,50960.91,5.9,6.7,0.028,12942.16,home_improvement,1,baseline
59,Over 50,28817.34,13.3,15.8,0.153,30106.19,debt_consolidation,1,baseline
29,Under 30,46531.67,0.0,2.5,0.225,4956.1,debt_consolidation,1,baseline
35,30-50,78932.53,4.0,5.2,0.329,9810.67,education,0,baseline
66,Over 50,27287.91,11.6,11.4,0.118,8775.23,home_improvement,0,baseline
69,Over 50,44671.88,21.7,20.2,0.426,12604.01,debt_consolidation,0,baseline
49,30-50,77741.19,16.3,16.3,0.271,10248.4,debt_consolidation,0,baseline
42,30-50,40610.39,4.2,3.9,0.201,9690.17,education,0,baseline
37,30-50,37867.51,6.4,5.0,0.44,11961.65,home_improvement,0,baseline
51,Over 50,82749.49,7.6,10.8,0.214,7681.69,small_business,1,baseline
49,30-50,42710.88,8.9,5.8,0.429,6260.94,auto,0,baseline
35,30-50,80581.37,10.3,13.5,0.294,10164.18,home_improvement,0,baseline
22,Under 30,59458.53,0.0,0.0,0.249,6254.74,home_improvement,0,baseline
28,Under 30,42012.39,1.6,2.1,0.209,7610.12,education,0,baseline
67,Over 50,60831.36,13.3,14.6,0.067,3942.01,education,0,baseline
41,30-50,56624.8,10.4,10.4,0.06,8332.87,debt_consolidation,0,baseline
44,30-50,77605.79,0.0,0.0,0.224,5093.28,home_improvement,0,baseline
43,30-50,38301.51,6.4,8.0,0.26,7970.57,debt_consolidation,0,baseline
59,Over 50,49938.26,13.2,12.7,0.131,4707.85,education,0,baseline
24,Under 30,47682.41,0.0,1.6,0.321,8025.14,auto,0,baseline
25,Under 30,67296.71,4.0,3.9,0.061,12706.3,debt_consolidation,0,baseline
34,30-50,30904.88,8.2,8.5,0.188,6015.41,home_improvement,0,baseline
44,30-50,77469.51,3.8,3.9,0.313,5081.47,home_improvement,0,baseline
53,Over 50,60466.69,17.5,20.9,0.28,11977.92,small_business,0,baseline
45,30-50,27102.57,4.1,4.8,0.157,12792.81,home_improvement,0,baseline
42,30-50,84433.39,11.2,10.2,0.262,10016.21,debt_consolidation,0,baseline
66,Over 50,133966.08,16.2,13.9,0.1,6420.64,auto,0,baseline
28,Under 30,76943.39,0.9,6.3,0.368,5914.47,debt_consolidation,0,baseline
49,30-50,93166.47,8.6,5.6,0.323,6865.45,auto,0,baseline
47,30-50,50940.68,9.0,9.9,0.208,7866.89,home_improvement,0,baseline
44,30-50,23209.64,8.7,8.5,0.101,3419.63,education,0,baseline
60,Over 50,21378.6,10.9,7.9,0.194,4956.35,auto,0,baseline
34,30-50,54983.42,3.8,3.4,0.464,15145.14,debt_consolidation,0,baseline
67,Over 50,37556.79,13.8,13.7,0.097,8988.61,education,0,baseline
37,30-50,32481.98,2.0,1.8,0.214,14965.31,small_business,0,baseline
47,30-50,47656.01,6.6,7.8,0.011,13464.85,home_improvement,0,baseline
46,30-50,64667.46,5.3,9.7,0.404,6931.1,auto,0,baseline
62,Over 50,25495.55,13.1,12.8,0.364,6983.63,auto,0,baseline
42,30-50,40054.85,8.6,6.0,0.185,13138.23,home_improvement,0,baseline
34,30-50,96707.07,4.9,4.2,0.34,11841.02,debt_consolidation,0,baseline
22,Under 30,30215.8,6.3,6.4,0.366,13275.93,home_improvement,0,baseline
38,30-50,72503.68,0.0,1.3,0.162,8048.46,debt_consolidation,0,baseline
61,Over 50,39413.79,15.4,14.6,0.278,8701.84,education,0,baseline
21,Under 30,62668.06,0.0,2.6,0.195,7131.09,education,0,baseline
64,Over 50,80321.88,17.5,19.5,0.371,7889.32,debt_consolidation,0,baseline
47,30-50,68430.7,11.2,11.0,0.104,5751.28,auto,0,baseline
27,Under 30,73800.58,1.6,1.0,0.4,7805.68,debt_consolidation,0,baseline
35,30-50,29195.88,5.4,8.6,0.145,7480.05,debt_consolidation,0,baseline
48,30-50,80914.38,7.2,10.3,0.101,6442.23,debt_consolidation,0,baseline
36,30-50,33399.23,7.1,8.1,0.466,12035.0,home_improvement,0,baseline
26,Under 30,55093.87,0.0,1.5,0.373,4003.33,education,0,baseline
53,Over 50,55061.76,13.5,14.1,0.314,9592.33,debt_consolidation,1,baseline
53,Over 50,60980.24,11.1,10.5,0.271,5111.02,small_business,0,baseline
26,Under 30,57046.98,0.3,0.0,0.525,5303.25,home_improvement,0,baseline
34,30-50,33533.01,3.9,6.2,0.275,5535.46,debt_consolidation,0,baseline
32,30-50,26703.76,3.4,6.5,0.025,10253.96,home_improvement,0,baseline
53,Over 50,72588.15,15.1,17.0,0.425,2620.66,auto,0,baseline
56,Over 50,53296.48,22.0,18.1,0.235,8816.24,home_improvement,0,baseline
56,Over 50,82225.4,15.9,15.2,0.141,8289.35,home_improvement,0,baseline
66,Over 50,48043.89,14.1,13.7,0.615,4988.64,debt_consolidation,0,baseline
58,Over 50,26047.47,14.8,14.0,0.143,8875.99,auto,0,baseline
36,30-50,75717.03,7.3,8.0,0.052,4417.7,home_improvement,0,baseline
26,Under 30,41495.21,0.0,2.1,0.229,7927.69,small_business,0,baseline
51,Over 50,57176.69,6.7,7.8,0.02,4335.12,home_improvement,0,baseline
65,Over 50,36630.75,15.2,15.6,0.335,22587.86,debt_consolidation,0,baseline
68,Over 50,102737.84,18.9,19.5,0.24,12465.29,education,0,baseline
32,30-50,33042.37,0.0,0.5,0.261,9165.79,debt_consolidation,0,baseline
32,30-50,42114.89,1.7,3.0,0.331,5026.15,debt_consolidation,0,baseline
22,Under 30,51449.29,2.1,2.8,0.09,7060.25,auto,0,baseline
27,Under 30,29986.96,2.2,2.6,0.033,7207.69,debt_consolidation,1,baseline
48,30-50,56881.98,13.7,9.7,0.368,9144.89,home_improvement,1,baseline
47,30-50,101251.19,4.9,5.9,0.298,9889.96,home_improvement,0,baseline
39,30-50,39312.27,13.4,13.6,0.041,9067.37,education,0,baseline
36,30-50,58560.42,0.6,2.2,0.585,9615.71,auto,0,baseline
61,Over 50,14224.97,7.9,8.3,0.171,7443.34,auto,0,baseline
43,30-50,48169.53,7.5,8.9,0.228,9616.46,small_business,0,baseline
60,Over 50,42579.62,10.2,13.0,0.111,5890.13,auto,0,baseline
68,Over 50,33917.15,16.3,14.2,0.447,4761.18,debt_consolidation,0,baseline
36,30-50,79750.06,5.0,3.7,0.415,20413.27,education,1,baseline
30,30-50,42327.42,2.6,3.9,0.082,9976.66,education,0,baseline
67,Over 50,45258.02,13.6,16.6,0.21,19991.12,home_improvement,0,baseline
52,Over 50,41368.01,12.1,9.4,0.259,7063.03,auto,0,baseline
35,30-50,20690.56,3.9,6.5,0.161,27047.73,home_improvement,1,baseline
51,Over 50,29454.62,13.8,15.4,0.355,8432.11,debt_consolidation,0,baseline
46,30-50,75545.63,8.2,3.8,0.312,14371.18,auto,0,baseline
65,Over 50,18968.26,12.5,12.8,0.074,8237.29,home_improvement,0,baseline
33,30-50,34723.02,0.0,3.2,0.438,8799.6,debt_consolidation,0,baseline
69,Over 50,40950.77,16.3,14.5,0.308,7649.53,home_improvement,0,baseline
66,Over 50,107433.77,11.9,10.3,0.129,6333.44,auto,0,baseline
29,Under 30,69277.24,0.0,0.8,0.3,13228.4,education,0,baseline
29,Under 30,38149.7,4.4,4.8,0.242,8067.26,small_business,1,baseline
47,30-50,88170.8,3.8,4.4,0.281,12273.75,auto,0,baseline
23,Under 30,35128.49,4.9,5.0,0.543,12732.3,small_business,0,baseline
35,30-50,77195.38,5.4,5.6,0.351,16435.01,debt_consolidation,0,baseline
42,30-50,26595.71,7.2,10.2,0.114,10002.45,debt_consolidation,0,baseline
68,Over 50,79456.58,13.3,10.2,0.325,3806.69,education,0,baseline
69,Over 50,40832.76,19.1,13.8,0.168,6904.28,auto,0,baseline
28,Under 30,30858.67,2.4,6.4,0.415,8001.62,education,1,baseline
64,Over 50,44457.34,13.0,12.0,0.114,8153.54,auto,0,baseline
25,Under 30,55537.01,2.0,2.8,0.186,15665.21,debt_consolidation,0,baseline
57,Over 50,39236.52,7.6,7.8,0.15,14301.41,auto,0,baseline
62,Over 50,62898.59,9.4,10.0,0.138,7536.72,debt_consolidation,0,baseline
64,Over 50,37708.95,11.7,10.3,0.326,27311.07,home_improvement,0,baseline
31,30-50,64806.91,4.5,6.7,0.43,6806.15,auto,0,baseline
64,Over 50,59814.29,15.0,12.1,0.319,7087.97,auto,0,baseline
26,Under 30,47695.13,4.9,5.3,0.181,4692.88,home_improvement,0,baseline
46,30-50,40190.18,6.0,2.4,0.23,3716.05,auto,0,baseline
44,30-50,52480.31,9.8,12.2,0.203,4491.59,small_business,0,baseline
36,30-50,62793.96,4.9,5.6,0.185,13450.51,debt_consolidation,0,baseline
22,Under 30,123971.83,0.0,3.3,0.181,11739.93,debt_consolidation,0,baseline
58,Over 50,74812.42,14.1,14.2,0.328,5209.43,debt_consolidation,0,baseline
37,30-50,76053.74,5.4,7.4,0.241,8518.02,home_improvement,0,baseline
53,Over 50,196777.81,9.3,9.4,0.134,12127.55,debt_consolidation,0,baseline
41,30-50,61832.31,7.1,8.5,0.185,2931.63,home_improvement,0,baseline
39,30-50,60967.1,5.9,4.8,0.152,19655.37,debt_consolidation,0,baseline
64,Over 50,67292.68,14.6,11.3,0.236,13715.32,debt_consolidation,0,baseline
25,Under 30,31131.18,0.2,1.9,0.213,12152.1,debt_consolidation,0,baseline
57,Over 50,40144.64,8.7,7.6,0.158,14780.15,small_business,0,baseline
57,Over 50,39035.39,12.8,15.1,0.184,2919.68,debt_consolidation,0,baseline
39,30-50,65606.25,3.9,5.9,0.057,7264.2,debt_consolidation,1,baseline
33,30-50,45325.34,1.1,1.5,0.226,15202.04,debt_consolidation,0,baseline
21,Under 30,52166.75,0.0,1.5,0.241,8074.65,small_business,0,baseline
66,Over 50,79965.82,18.0,16.6,0.506,11746.83,home_improvement,0,baseline
67,Over 50,72288.32,16.7,15.2,0.266,16715.43,education,0,baseline
32,30-50,45580.06,2.3,4.3,0.218,11519.67,debt_consolidation,0,baseline
22,Under 30,36261.15,0.0,2.1,0.033,7123.44,debt_consolidation,0,baseline
27,Under 30,81705.26,4.0,2.4,0.08,10805.96,home_improvement,0,baseline
24,Under 30,69442.27,0.0,0.0,0.408,3513.96,auto,0,baseline
61,Over 50,23793.9,16.4,14.4,0.185,10354.49,education,0,baseline
64,Over 50,42577.48,9.4,10.7,0.2,11787.77,debt_consolidation,0,baseline
28,Under 30,52811.38,0.0,1.3,0.35,8738.34,small_business,0,baseline
57,Over 50,69596.77,11.1,13.3,0.282,14483.49,home_improvement,0,baseline
29,Under 30,73831.86,9.3,9.4,0.169,9314.37,home_improvement,0,baseline
38,30-50,55701.24,11.0,13.5,0.182,8720.89,education,0,baseline
50,30-50,63790.62,12.3,14.1,0.215,20255.16,home_improvement,0,baseline
56,Over 50,50456.23,13.3,14.8,0.139,5019.48,education,0,baseline
63,Over 50,36198.27,9.1,6.9,0.17,16253.55,auto,0,baseline
23,Under 30,43583.37,1.2,3.0,0.104,15622.73,debt_consolidation,0,baseline
30,30-50,49441.53,1.5,5.6,0.25,12365.28,debt_consolidation,0,baseline
34,30-50,48261.74,2.1,4.2,0.259,6619.29,small_business,0,baseline
36,30-50,20983.51,5.7,7.7,0.033,9617.58,education,0,baseline
69,Over 50,40992.01,15.4,11.5,0.54,5420.01,small_business,0,baseline
59,Over 50,50276.47,15.9,18.6,0.214,6117.71,auto,0,baseline
36,30-50,43190.83,0.0,0.4,0.246,8653.52,auto,0,baseline
68,Over 50,43867.51,16.7,11.4,0.095,5209.24,debt_consolidation,0,baseline
45,30-50,61059.01,5.8,5.9,0.449,7210.79,auto,0,baseline
45,30-50,30165.96,7.2,2.8,0.275,4670.4,home_improvement,0,baseline
42,30-50,23561.78,8.3,6.4,0.316,11231.33,home_improvement,0,baseline
28,Under 30,41911.84,0.0,7.1,0.174,18350.84,auto,0,baseline
66,Over 50,69137.43,16.2,14.2,0.389,24305.54,debt_consolidation,0,baseline
21,Under 30,104757.02,0.0,0.0,0.16,4833.09,home_improvement,0,baseline
29,Under 30,69700.15,0.8,2.7,0.672,5276.87,education,1,baseline
32,30-50,25318.26,2.4,2.2,0.058,7903.13,education,0,baseline
34,30-50,44153.82,4.1,7.0,0.158,12224.16,home_improvement,0,baseline
27,Under 30,55021.84,0.0,0.2,0.054,7738.8,home_improvement,0,baseline
21,Under 30,53099.14,0.0,2.6,0.337,13887.9,auto,0,baseline
54,Over 50,62485.33,10.7,8.3,0.263,11193.15,debt_consolidation,0,baseline
68,Over 50,32445.85,14.6,18.9,0.228,3544.27,debt_consolidation,0,baseline
26,Under 30,50474.54,6.5,8.2,0.337,8819.47,education,1,baseline
35,30-50,59227.74,6.1,6.6,0.281,4616.83,debt_consolidation,0,baseline
45,30-50,71079.34,7.3,7.2,0.259,6466.03,home_improvement,0,baseline
66,Over 50,34112.76,16.2,13.8,0.387,6980.37,home_improvement,1,baseline
55,Over 50,41968.7,8.8,7.5,0.061,12423.84,small_business,0,baseline
58,Over 50,14520.0,11.6,9.7,0.399,8450.05,auto,0,baseline
49,30-50,37061.8,8.8,12.4,0.222,6792.43,education,0,baseline
41,30-50,38716.2,3.3,3.5,0.437,24452.46,auto,0,baseline
30,30-50,30982.78,4.3,1.2,0.45,5483.94,debt_consolidation,0,baseline
63,Over 50,52813.68,13.2,10.2,0.252,9899.03,home_improvement,0,baseline
60,Over 50,47802.09,12.6,13.9,0.093,11965.48,debt_consolidation,0,baseline
22,Under 30,17736.04,0.0,1.5,0.083,9320.4,home_improvement,0,baseline
56,Over 50,54012.92,21.1,18.6,0.075,5468.01,debt_consolidation,0,baseline
25,Under 30,32281.65,0.0,4.3,0.428,5330.23,small_business,0,baseline
57,Over 50,60995.78,6.4,5.6,0.346,11683.58,debt_consolidation,0,baseline
61,Over 50,27533.73,9.2,10.6,0.145,14446.4,debt_consolidation,0,baseline
27,Under 30,49687.22,4.4,4.2,0.204,8344.5,home_improvement,0,baseline
42,30-50,43155.99,11.4,12.2,0.149,4432.67,debt_consolidation,0,baseline
27,Under 30,56184.48,0.1,1.3,0.212,8609.2,debt_consolidation,0,baseline
48,30-50,51850.18,13.3,12.1,0.434,18267.37,small_business,0,baseline
66,Over 50,43703.18,18.0,18.0,0.186,5179.11,debt_consolidation,0,baseline
24,Under 30,24555.16,0.5,3.9,0.189,7307.14,auto,0,baseline
40,30-50,25216.57,5.9,6.4,0.041,8816.65,auto,0,baseline
68,Over 50,37693.8,17.0,14.7,0.401,14757.55,debt_consolidation,0,baseline
35,30-50,48838.49,7.5,11.2,0.274,6572.12,debt_consolidation,0,baseline
27,Under 30,37282.84,3.3,5.8,0.215,10910.18,home_improvement,1,baseline
44,30-50,64948.2,6.0,6.0,0.452,17169.35,education,0,baseline
45,30-50,43232.62,7.9,7.0,0.338,4082.59,auto,0,baseline
53,Over 50,31753.06,17.1,17.8,0.126,4446.21,debt_consolidation,0,baseline
36,30-50,43254.5,6.0,7.0,0.162,8172.01,debt_consolidation,0,baseline
67,Over 50,54265.12,18.7,16.6,0.207,13981.71,auto,0,baseline
46,30-50,56737.92,10.4,10.5,0.053,10114.6,home_improvement,0,baseline
35,30-50,114150.22,5.7,7.3,0.254,14620.46,debt_consolidation,0,baseline
68,Over 50,36278.87,16.8,15.3,0.441,3656.34,auto,0,baseline
66,Over 50,47426.41,18.4,19.2,0.067,10180.45,small_business,0,baseline
45,30-50,59382.56,10.6,13.0,0.395,2062.95,small_business,0,baseline
22,Under 30,48506.82,1.1,4.0,0.284,16626.7,auto,0,baseline
50,30-50,39133.02,8.1,11.2,0.249,15517.57,small_business,0,baseline
48,30-50,24412.1,10.6,10.5,0.204,7266.65,home_improvement,0,baseline
28,Under 30,38953.52,2.2,5.2,0.408,2698.53,debt_consolidation,0,baseline
52,Over 50,30237.37,9.9,11.9,0.146,7714.24,home_improvement,0,baseline
62,Over 50,22539.55,22.4,21.9,0.222,14965.17,auto,0,baseline
26,Under 30,34267.22,0.0,3.8,0.324,10532.01,education,1,baseline
56,Over 50,30601.64,15.1,15.4,0.085,21583.96,small_business,1,baseline
27,Under 30,63748.69,0.0,5.9,0.278,7383.35,home_improvement,0,baseline
57,Over 50,64247.07,13.0,11.3,0.529,23629.36,home_improvement,0,baseline
41,30-50,32638.71,14.7,13.5,0.145,3114.72,debt_consolidation,0,baseline
21,Under 30,43603.69,0.0,1.6,0.349,5856.57,auto,0,baseline
68,Over 50,21243.17,14.3,12.7,0.203,4479.0,auto,0,baseline
29,Under 30,39243.73,2.7,0.2,0.081,12368.24,auto,0,baseline
50,30-50,58661.67,7.6,10.8,0.433,4670.45,debt_consolidation,0,baseline
29,Under 30,71055.89,5.5,4.3,0.2,14158.68,home_improvement,0,baseline
66,Over 50,35565.41,14.1,13.7,0.088,12062.02,debt_consolidation,0,baseline
57,Over 50,78694.98,14.6,10.8,0.434,9365.41,home_improvement,0,baseline
60,Over 50,24783.63,9.7,11.0,0.561,8085.31,debt_consolidation,0,baseline
42,30-50,27961.04,1.9,2.0,0.458,5052.66,education,0,baseline
43,30-50,67463.89,7.0,5.3,0.202,11550.56,education,0,baseline
52,Over 50,103985.27,6.1,7.3,0.227,6626.14,auto,0,baseline
59,Over 50,61208.69,17.9,14.9,0.373,12522.03,debt_consolidation,0,baseline
62,Over 50,48138.9,9.8,8.7,0.303,18035.71,home_improvement,0,baseline
21,Under 30,18254.51,0.0,2.3,0.317,7306.67,debt_consolidation,0,baseline
53,Over 50,19730.06,12.4,13.6,0.116,16501.85,debt_consolidation,0,baseline
26,Under 30,51960.25,0.0,0.4,0.176,9376.31,home_improvement,1,baseline
35,30-50,41725.67,0.3,0.3,0.226,11491.12,debt_consolidation,0,baseline
61,Over 50,29803.29,20.1,18.1,0.053,4402.36,small_business,0,baseline
33,30-50,50487.93,1.2,4.0,0.246,6048.44,small_business,0,baseline
60,Over 50,51627.47,13.1,15.4,0.183,6015.66,small_business,0,baseline
43,30-50,74980.78,7.1,5.5,0.427,16712.02,debt_consolidation,0,baseline
32,30-50,52128.7,6.0,6.1,0.546,7153.9,home_improvement,0,baseline
37,30-50,85201.77,7.0,9.9,0.13,11673.36,debt_consolidation,0,baseline
47,30-50,49197.46,6.6,11.2,0.307,8208.01,auto,0,baseline
58,Over 50,46541.48,12.0,9.6,0.105,7132.41,home_improvement,0,baseline
50,30-50,79137.37,9.5,8.1,0.183,4083.89,home_improvement,0,baseline
66,Over 50,31561.76,18.0,17.2,0.221,3282.21,debt_consolidation,0,baseline
63,Over 50,173946.2,11.2,9.8,0.148,7197.25,debt_consolidation,0,baseline
57,Over 50,58038.73,18.7,15.4,0.197,7409.89,debt_consolidation,0,baseline
50,30-50,58184.44,7.9,8.8,0.134,5494.17,debt_consolidation,0,baseline
35,30-50,62087.08,4.9,9.0,0.132,9167.09,debt_consolidation,0,baseline
41,30-50,114086.41,3.5,2.2,0.551,22757.65,education,0,baseline
26,Under 30,70026.45,0.0,5.0,0.236,17984.85,debt_consolidation,0,baseline
39,30-50,23806.76,3.7,3.8,0.332,8454.19,debt_consolidation,1,baseline
66,Over 50,92185.83,12.8,13.0,0.09,8602.23,small_business,0,baseline
41,30-50,42049.24,5.8,9.8,0.228,11509.2,education,0,baseline
26,Under 30,51442.49,0.0,2.7,0.079,9449.14,home_improvement,0,baseline
52,Over 50,27565.93,12.9,11.8,0.453,11519.21,education,0,baseline
68,Over 50,62117.99,14.1,14.7,0.377,9584.23,debt_consolidation,0,baseline
63,Over 50,36566.27,12.0,11.3,0.09,8751.87,auto,0,baseline
34,30-50,51281.04,3.4,5.7,0.199,6026.74,education,0,baseline
43,30-50,43137.82,10.7,10.1,0.222,9943.93,home_improvement,0,baseline
47,30-50,116570.99,9.7,11.5,0.098,2677.14,debt_consolidation,1,baseline
33,30-50,119613.04,3.9,2.3,0.217,9470.43,auto,0,baseline
34,30-50,50057.67,0.3,0.2,0.478,2951.26,auto,0,baseline
32,30-50,50452.62,0.4,0.0,0.222,9474.25,education,0,baseline
69,Over 50,41437.88,13.0,12.3,0.348,5085.73,home_improvement,0,baseline
57,Over 50,80636.19,16.5,12.2,0.274,15717.17,debt_consolidation,0,baseline
62,Over 50,42276.47,15.9,13.4,0.246,8675.18,auto,0,baseline
61,Over 50,40554.35,11.4,8.9,0.063,8303.47,debt_consolidation,0,baseline
67,Over 50,76142.88,14.4,16.5,0.11,10163.02,debt_consolidation,0,baseline
26,Under 30,38475.06,0.0,0.0,0.203,5386.11,debt_consolidation,0,baseline
64,Over 50,48194.98,12.4,9.3,0.17,14538.89,home_improvement,0,baseline
24,Under 30,24062.51,2.4,4.4,0.542,11736.02,home_improvement,0,baseline
44,30-50,67297.99,7.2,11.1,0.323,6299.91,auto,0,baseline
50,30-50,117405.63,16.4,14.9,0.115,4887.4,debt_consolidation,0,baseline
38,30-50,67815.86,9.7,9.7,0.462,6722.57,home_improvement,0,baseline
28,Under 30,94637.55,6.4,9.7,0.345,7678.4,auto,0,baseline
30,30-50,33498.44,5.2,7.9,0.052,4710.91,home_improvement,0,baseline
61,Over 50,54521.26,12.7,13.0,0.225,6448.29,education,0,baseline
36,30-50,32066.85,7.0,6.5,0.499,6028.32,education,1,baseline
36,30-50,44245.35,4.2,6.3,0.091,7323.75,debt_consolidation,0,baseline
66,Over 50,69389.8,20.6,15.8,0.202,7353.05,small_business,0,baseline
28,Under 30,51319.15,3.7,3.7,0.497,10342.84,education,0,baseline
65,Over 50,25959.98,16.2,17.8,0.324,8230.66,home_improvement,0,baseline
66,Over 50,27125.7,16.1,17.5,0.167,9907.36,education,0,baseline
50,30-50,26330.32,15.4,15.2,0.139,9176.71,home_improvement,0,baseline
29,Under 30,61154.19,0.0,0.0,0.534,7350.65,education,0,baseline
28,Under 30,124088.78,8.0,6.0,0.052,11405.62,auto,0,baseline
34,30-50,90500.1,4.0,3.8,0.408,2054.93,small_business,0,baseline
49,30-50,20885.42,5.6,6.1,0.211,6772.37,debt_consolidation,0,baseline
28,Under 30,92919.07,0.2,0.0,0.336,6091.63,auto,0,baseline
43,30-50,74710.82,2.7,3.7,0.289,8601.45,debt_consolidation,0,baseline
26,Under 30,24455.61,3.7,8.5,0.216,5900.74,small_business,0,baseline
47,30-50,42768.59,6.0,7.6,0.201,10662.09,debt_consolidation,0,baseline
22,Under 30,80256.66,0.9,3.1,0.439,11645.4,home_improvement,1,baseline
55,Over 50,62799.04,15.3,12.2,0.455,4056.19,education,0,baseline
23,Under 30,27198.23,0.0,0.0,0.072,9061.13,home_improvement,1,baseline
30,30-50,64526.67,2.3,1.4,0.424,4270.78,auto,0,baseline
29,Under 30,18734.55,0.0,0.0,0.244,10299.3,home_improvement,0,baseline
61,Over 50,44343.88,12.8,12.4,0.284,6417.15,auto,0,baseline
23,Under 30,81803.93,8.4,9.5,0.27,5420.22,education,1,baseline
42,30-50,49428.25,9.7,7.8,0.201,3445.33,education,0,baseline
49,30-50,39162.62,9.0,9.5,0.205,7738.08,home_improvement,0,baseline
46,30-50,73145.49,6.9,10.5,0.041,4541.44,auto,0,baseline
54,Over 50,76011.38,11.4,15.1,0.417,3859.24,home_improvement,0,baseline
60,Over 50,88390.33,14.0,14.8,0.141,8892.66,small_business,0,baseline
40,30-50,72653.3,5.4,6.0,0.333,13155.85,auto,0,baseline
61,Over 50,79747.34,15.6,15.9,0.181,9869.81,home_improvement,0,baseline
36,30-50,68173.34,2.4,6.6,0.056,3962.01,home_improvement,0,baseline
69,Over 50,55242.5,13.9,9.1,0.391,7567.43,debt_consolidation,0,baseline
45,30-50,51035.62,9.5,12.6,0.325,11387.62,small_business,0,baseline
57,Over 50,44056.72,9.1,8.2,0.159,7568.91,debt_consolidation,0,baseline
63,Over 50,28408.23,16.9,14.4,0.257,9535.39,debt_consolidation,0,baseline
59,Over 50,31891.98,13.3,11.9,0.567,6511.79,home_improvement,0,baseline
62,Over 50,43178.31,8.9,9.7,0.082,6685.2,auto,0,baseline
47,30-50,54647.21,9.4,7.3,0.313,5826.63,auto,0,baseline
23,Under 30,93748.01,0.0,1.4,0.099,11003.92,debt_consolidation,0,baseline
45,30-50,48107.4,10.5,11.4,0.032,11356.46,debt_consolidation,0,baseline
29,Under 30,77000.28,2.1,4.1,0.131,6138.98,debt_consolidation,0,baseline
64,Over 50,79673.48,20.6,19.2,0.116,11818.62,auto,0,baseline
32,30-50,44172.11,7.1,7.0,0.426,3969.97,small_business,0,baseline
32,30-50,64062.25,0.7,3.9,0.16,7438.6,education,0,baseline
33,30-50,43932.62,0.0,4.1,0.188,4118.17,home_improvement,0,baseline
52,Over 50,88872.78,8.6,10.9,0.209,4601.19,home_improvement,0,baseline
48,30-50,65259.67,5.8,7.5,0.268,4093.55,home_improvement,0,baseline
67,Over 50,28689.38,21.6,21.1,0.388,5837.95,education,0,baseline
41,30-50,52716.62,7.0,9.3,0.078,11046.57,auto,0,baseline
34,30-50,102914.15,7.4,13.2,0.354,7791.74,debt_consolidation,0,baseline
23,Under 30,45181.64,0.0,4.4,0.353,6051.41,debt_consolidation,0,baseline
21,Under 30,59962.33,0.0,1.8,0.38,7429.75,home_improvement,0,baseline
39,30-50,62670.46,6.2,5.1,0.346,2898.22,home_improvement,0,baseline
66,Over 50,30746.14,19.1,16.7,0.061,10784.96,small_business,0,baseline
46,30-50,61686.39,9.7,9.1,0.294,2633.8,debt_consolidation,0,baseline
64,Over 50,26180.61,11.9,12.5,0.35,5689.52,education,0,baseline
25,Under 30,36992.45,6.3,5.6,0.282,7789.73,education,0,baseline
25,Under 30,79544.77,0.5,4.8,0.044,10125.08,home_improvement,0,baseline
61,Over 50,57557.53,12.6,9.3,0.106,9131.57,debt_consolidation,0,baseline
26,Under 30,42744.04,0.0,0.0,0.149,7905.01,debt_consolidation,0,baseline
23,Under 30,59928.5,2.6,3.8,0.549,16793.46,auto,0,baseline
40,30-50,47712.97,7.0,5.9,0.407,22190.68,debt_consolidation,0,baseline
66,Over 50,49299.06,16.0,12.3,0.346,8131.72,education,0,baseline
54,Over 50,65878.56,10.3,9.0,0.228,7707.56,education,0,baseline
25,Under 30,35336.95,0.0,0.5,0.39,7481.11,education,1,baseline
62,Over 50,49918.72,13.2,12.6,0.367,5970.37,auto,0,baseline
62,Over 50,42594.45,15.7,13.4,0.307,9778.38,debt_consolidation,0,baseline
60,Over 50,24016.07,15.6,13.4,0.519,15302.5,auto,0,baseline
65,Over 50,32396.15,14.7,13.8,0.394,2333.0,auto,0,baseline
32,30-50,99279.35,6.7,9.4,0.415,7444.04,debt_consolidation,0,baseline
68,Over 50,58286.48,16.2,17.9,0.222,17056.68,debt_consolidation,0,baseline
36,30-50,27021.42,3.7,5.3,0.607,9863.37,home_improvement,0,baseline
60,Over 50,24510.1,14.2,13.8,0.637,9965.63,home_improvement,0,baseline
49,30-50,46607.94,5.7,6.2,0.157,3639.29,debt_consolidation,0,baseline
59,Over 50,98966.23,14.0,14.2,0.04,11511.06,home_improvement,0,baseline
51,Over 50,45069.4,5.9,7.5,0.422,13420.84,small_business,0,baseline
52,Over 50,88269.49,7.8,10.9,0.323,8955.01,home_improvement,0,baseline
51,Over 50,57432.69,4.4,1.8,0.101,5838.47,debt_consolidation,0,baseline
59,Over 50,60600.76,12.8,11.8,0.076,10111.31,home_improvement,0,baseline
57,Over 50,26874.3,17.4,16.6,0.236,4822.62,home_improvement,0,baseline
27,Under 30,74748.57,1.7,3.3,0.157,4513.84,small_business,0,baseline
61,Over 50,42162.25,15.9,12.9,0.241,12101.29,home_improvement,0,baseline
47,30-50,72286.42,16.2,12.3,0.396,14015.33,debt_consolidation,0,baseline
36,30-50,33983.27,6.5,8.8,0.045,5589.75,debt_consolidation,0,baseline
46,30-50,53086.2,6.5,5.6,0.027,4524.83,debt_consolidation,0,baseline
68,Over 50,57434.55,14.6,10.1,0.205,5224.31,auto,0,baseline
63,Over 50,45738.01,14.7,15.5,0.163,8944.78,debt_consolidation,0,baseline
61,Over 50,58808.71,12.1,12.6,0.337,4527.38,education,0,baseline
43,30-50,43482.83,6.0,6.6,0.091,15396.83,auto,0,baseline
59,Over 50,36604.38,16.3,13.2,0.297,6422.42,auto,0,baseline
39,30-50,100958.77,9.4,9.3,0.292,9731.72,debt_consolidation,0,baseline
54,Over 50,78592.28,6.6,9.7,0.402,5588.13,debt_consolidation,0,baseline
52,Over 50,34808.29,8.4,5.5,0.422,10850.99,home_improvement,1,baseline
33,30-50,63310.09,2.8,1.1,0.135,11304.35,home_improvement,1,baseline
34,30-50,35094.32,6.3,5.8,0.258,3502.02,home_improvement,0,baseline
23,Under 30,28764.35,4.1,5.3,0.126,5768.51,auto,0,baseline
27,Under 30,78058.53,10.2,9.2,0.215,7492.74,small_business,0,baseline
42,30-50,22769.0,6.0,8.0,0.163,6231.76,auto,0,baseline
44,30-50,74390.62,6.8,9.6,0.339,12528.86,debt_consolidation,0,baseline
29,Under 30,43751.23,4.6,6.2,0.702,6011.34,debt_consolidation,0,baseline
41,30-50,44569.45,5.0,7.1,0.049,11584.53,small_business,0,baseline
50,30-50,58946.65,9.7,10.3,0.399,10325.09,debt_consolidation,0,baseline
32,30-50,63674.5,2.6,4.1,0.256,7677.34,debt_consolidation,0,baseline
37,30-50,33797.62,0.0,0.0,0.328,11827.41,small_business,0,baseline
39,30-50,67709.14,6.7,5.3,0.121,3755.72,debt_consolidation,0,baseline
45,30-50,51586.57,7.9,5.6,0.042,7856.95,auto,0,baseline
38,30-50,27855.21,9.8,9.5,0.142,5502.09,debt_consolidation,0,baseline
57,Over 50,45413.13,12.6,12.6,0.13,7681.28,auto,0,baseline
37,30-50,91269.83,1.8,0.6,0.483,6407.96,debt_consolidation,0,baseline
42,30-50,104241.71,6.6,7.4,0.309,8349.79,education,0,baseline
39,30-50,67697.65,0.0,0.3,0.214,8141.61,debt_consolidation,0,baseline
29,Under 30,28691.19,0.0,0.0,0.235,8685.21,debt_consolidation,0,baseline
54,Over 50,61130.92,13.5,11.5,0.528,8859.02,education,0,baseline
32,30-50,71889.64,3.1,2.2,0.262,10793.29,auto,0,baseline
35,30-50,67952.8,7.7,9.3,0.36,4318.38,home_improvement,0,baseline
59,Over 50,69788.84,7.4,7.6,0.521,10453.4,home_improvement,0,baseline
67,Over 50,57726.31,15.4,15.9,0.383,3803.52,home_improvement,0,baseline
53,Over 50,47449.18,9.8,8.9,0.227,2003.84,small_business,0,baseline
65,Over 50,37280.83,18.3,15.8,0.055,21725.27,auto,0,baseline
62,Over 50,20867.1,16.4,18.8,0.115,5067.39,home_improvement,0,baseline
44,30-50,57115.96,10.0,6.7,0.094,6476.79,debt_consolidation,0,baseline
58,Over 50,53301.71,17.6,18.6,0.287,3191.14,home_improvement,0,baseline
37,30-50,63001.2,4.5,8.9,0.442,6456.05,small_business,0,baseline
43,30-50,26852.26,11.7,12.9,0.186,8985.77,debt_consolidation,0,baseline
47,30-50,65529.62,6.0,6.1,0.107,9148.9,debt_consolidation,0,baseline
68,Over 50,123567.8,13.2,15.4,0.279,4432.02,debt_consolidation,0,baseline
62,Over 50,50782.27,16.6,14.6,0.272,6491.02,auto,0,baseline
44,30-50,47679.2,3.5,3.4,0.155,9743.72,education,0,baseline
52,Over 50,56333.86,12.6,11.3,0.501,9129.57,auto,0,baseline
30,30-50,122339.06,3.5,3.6,0.485,8639.74,education,0,baseline
60,Over 50,30926.18,16.9,13.6,0.216,11851.54,education,0,baseline
48,30-50,53714.76,9.3,11.6,0.26,7673.32,small_business,0,baseline
47,30-50,34205.93,9.3,7.9,0.198,16254.49,home_improvement,0,baseline
58,Over 50,38324.62,14.5,13.5,0.221,6998.33,debt_consolidation,0,baseline
52,Over 50,47938.99,8.9,6.2,0.235,11467.35,home_improvement,0,baseline
24,Under 30,89885.82,0.0,2.1,0.091,11673.3,education,0,baseline
35,30-50,110243.38,6.3,4.7,0.215,3570.37,home_improvement,0,baseline
29,Under 30,59973.85,2.7,1.8,0.364,10101.63,home_improvement,0,baseline
57,Over 50,41379.15,11.4,10.9,0.089,5883.64,auto,0,baseline
22,Under 30,150502.13,0.1,4.2,0.057,4893.07,debt_consolidation,0,baseline
30,30-50,40441.04,7.9,9.2,0.277,6553.71,auto,0,baseline
50,30-50,37910.71,8.8,10.1,0.044,8785.38,auto,0,baseline
55,Over 50,22054.58,10.5,10.1,0.308,3705.42,small_business,0,baseline
45,30-50,91880.23,3.3,4.0,0.223,8212.74,auto,0,baseline
63,Over 50,75789.16,14.6,15.2,0.229,7267.82,debt_consolidation,0,baseline
66,Over 50,145511.8,17.7,15.1,0.227,13617.2,home_improvement,0,baseline
27,Under 30,26231.45,4.6,7.4,0.019,5903.08,home_improvement,0,baseline
67,Over 50,94483.16,16.4,17.6,0.228,14689.84,home_improvement,0,baseline
51,Over 50,50592.62,13.4,11.0,0.098,9832.02,education,0,baseline
52,Over 50,70456.1,13.0,11.0,0.276,7968.52,auto,0,baseline
25,Under 30,23353.46,4.7,4.7,0.246,15318.72,auto,0,baseline
51,Over 50,94905.49,13.5,9.8,0.182,21189.62,auto,0,baseline
56,Over 50,69837.93,17.0,14.6,0.173,7293.4,auto,0,baseline
49,30-50,48169.94,9.3,12.0,0.323,5596.83,education,0,baseline
25,Under 30,65532.45,0.0,0.0,0.51,10041.61,debt_consolidation,0,baseline
46,30-50,34735.83,10.7,13.2,0.349,3977.8,debt_consolidation,0,baseline
66,Over 50,37769.3,18.1,15.6,0.3,4228.0,debt_consolidation,0,baseline
56,Over 50,39793.14,17.0,19.8,0.054,15575.22,education,0,baseline
27,Under 30,21295.96,5.9,5.4,0.196,10785.2,small_business,0,baseline
68,Over 50,72243.04,22.3,19.5,0.359,5275.96,small_business,0,baseline
67,Over 50,83802.42,18.0,14.5,0.105,38852.34,debt_consolidation,0,baseline
29,Under 30,35753.2,3.5,3.4,0.168,4059.98,small_business,0,baseline
60,Over 50,57336.42,9.5,12.3,0.462,11046.42,education,0,baseline
40,30-50,43499.59,7.6,9.0,0.212,5441.18,debt_consolidation,1,baseline
50,30-50,56824.52,8.5,10.9,0.534,19742.62,auto,0,baseline
42,30-50,36959.95,8.0,5.8,0.615,6213.85,small_business,0,baseline
59,Over 50,32940.52,13.5,14.1,0.395,7028.25,home_improvement,0,baseline
69,Over 50,78702.78,18.2,14.6,0.089,3280.07,small_business,0,baseline
59,Over 50,47631.91,13.0,9.7,0.499,22955.73,home_improvement,0,baseline
66,Over 50,121777.27,18.6,17.3,0.07,5949.28,debt_consolidation,0,baseline
67,Over 50,50053.09,7.9,8.8,0.284,10302.01,debt_consolidation,0,baseline
25,Under 30,32314.29,2.0,3.7,0.2,8122.25,debt_consolidation,0,baseline
33,30-50,85146.06,7.8,9.7,0.211,6150.4,auto,0,baseline
56,Over 50,65111.74,17.9,18.0,0.322,2660.19,debt_consolidation,0,baseline
49,30-50,67988.43,12.0,14.5,0.096,7228.95,home_improvement,0,baseline
23,Under 30,83764.98,5.8,4.2,0.412,7073.83,small_business,0,baseline
25,Under 30,36542.88,1.9,6.5,0.135,9503.2,debt_consolidation,0,baseline
46,30-50,46292.54,8.8,12.8,0.254,23688.24,home_improvement,0,baseline
51,Over 50,45380.94,12.1,10.9,0.056,11184.08,small_business,0,baseline
29,Under 30,27423.73,2.8,0.9,0.146,12455.66,small_business,0,baseline
29,Under 30,43537.78,0.5,0.0,0.099,6956.38,education,0,baseline
27,Under 30,89444.25,0.6,1.5,0.141,4202.2,home_improvement,0,baseline
48,30-50,54546.14,6.1,10.9,0.178,7047.07,debt_consolidation,0,baseline
21,Under 30,26749.54,1.6,3.3,0.143,5612.53,education,0,baseline
49,30-50,24339.9,9.8,8.6,0.236,7902.74,education,0,baseline
44,30-50,103688.78,7.0,6.2,0.032,6329.12,auto,0,baseline
43,30-50,47068.37,6.0,4.2,0.272,3502.22,debt_consolidation,0,baseline
54,Over 50,36631.56,13.1,14.2,0.125,15267.62,auto,0,baseline
46,30-50,43334.47,11.1,10.7,0.398,7552.29,auto,0,baseline
56,Over 50,25215.43,8.9,13.3,0.167,6870.43,education,0,baseline
58,Over 50,93003.54,9.1,10.5,0.284,4663.91,debt_consolidation,0,baseline
66,Over 50,41073.82,18.6,18.6,0.095,6388.79,debt_consolidation,0,baseline
60,Over 50,90701.64,9.5,9.1,0.337,5262.42,home_improvement,0,baseline
46,30-50,50173.55,10.4,8.1,0.145,4460.45,education,0,baseline
45,30-50,93273.32,13.3,10.9,0.221,8789.92,education,0,baseline
32,30-50,55023.33,8.7,6.2,0.286,6409.84,debt_consolidation,0,baseline
50,30-50,71966.41,12.4,13.7,0.476,11781.68,home_improvement,0,baseline
27,Under 30,67750.82,4.2,4.6,0.155,6767.05,auto,1,baseline
66,Over 50,64892.09,22.5,21.9,0.111,8581.76,debt_consolidation,0,baseline
62,Over 50,57329.49,7.3,8.1,0.232,8460.33,education,0,baseline
26,Under 30,44144.22,0.4,1.7,0.134,9822.25,home_improvement,0,baseline
59,Over 50,116069.64,15.8,12.3,0.415,5321.02,education,0,baseline
26,Under 30,32593.83,0.7,3.2,0.06,12702.55,home_improvement,0,baseline
56,Over 50,49115.92,16.0,14.3,0.27,4491.75,education,0,baseline
25,Under 30,49350.28,1.3,4.8,0.242,8276.85,debt_consolidation,1,baseline
44,30-50,58753.05,8.4,7.3,0.285,4436.13,home_improvement,0,baseline
53,Over 50,40406.15,10.4,11.5,0.205,7628.42,home_improvement,0,baseline
56,Over 50,56479.66,10.7,13.8,0.117,12650.1,debt_consolidation,1,baseline
41,30-50,45434.22,5.4,6.8,0.146,10697.22,auto,0,baseline
66,Over 50,24055.56,16.6,16.8,0.071,13756.66,education,0,baseline
58,Over 50,49231.97,10.6,11.6,0.225,6963.15,home_improvement,1,baseline
31,30-50,29874.05,6.4,10.9,0.159,12765.0,education,0,baseline
53,Over 50,22460.79,13.2,13.3,0.235,5732.39,debt_consolidation,0,baseline
56,Over 50,52135.06,15.5,15.8,0.159,6443.18,debt_consolidation,0,baseline
37,30-50,61056.05,2.2,3.7,0.178,8647.43,debt_consolidation,0,baseline
57,Over 50,62131.86,7.5,6.5,0.349,12394.4,education,0,baseline
65,Over 50,63273.81,15.4,11.9,0.082,6163.06,debt_consolidation,0,baseline
61,Over 50,20544.22,22.7,22.7,0.281,11470.9,debt_consolidation,0,baseline
58,Over 50,26570.12,16.7,13.4,0.392,9096.03,debt_consolidation,0,baseline
52,Over 50,119143.59,9.2,10.8,0.087,9589.65,home_improvement,0,baseline
34,30-50,30600.02,5.8,7.5,0.165,5285.31,home_improvement,0,baseline
59,Over 50,64529.55,15.5,16.2,0.232,6685.17,home_improvement,0,baseline
38,30-50,35985.74,1.8,2.4,0.685,7732.47,education,0,baseline
47,30-50,50810.22,13.2,11.0,0.039,9592.62,home_improvement,0,baseline
36,30-50,36865.65,4.7,6.6,0.04,5411.57,debt_consolidation,0,baseline
36,30-50,63113.72,5.0,5.4,0.49,4247.19,auto,1,baseline
28,Under 30,52132.74,2.5,1.6,0.254,2789.49,debt_consolidation,1,baseline
68,Over 50,40065.45,19.9,21.8,0.083,11765.25,debt_consolidation,0,baseline
28,Under 30,30559.25,0.2,0.6,0.151,12991.42,education,0,baseline
25,Under 30,55298.35,0.0,0.0,0.382,2966.56,debt_consolidation,0,baseline
66,Over 50,28403.75,16.7,14.9,0.077,8415.54,education,0,baseline
48,30-50,59418.83,3.3,7.2,0.212,6710.53,auto,0,baseline
42,30-50,159838.34,6.4,2.8,0.133,14891.04,education,0,baseline
57,Over 50,90001.04,16.2,17.3,0.1,7294.44,home_improvement,0,baseline
39,30-50,67728.11,8.0,6.6,0.128,10644.04,auto,0,baseline
27,Under 30,47168.27,5.2,6.7,0.29,6551.06,auto,0,baseline
56,Over 50,20487.32,14.1,11.9,0.181,5747.11,education,0,baseline
29,Under 30,27037.26,10.0,14.0,0.36,11891.96,debt_consolidation,0,baseline
48,30-50,87313.19,7.7,8.4,0.393,13893.56,auto,0,baseline
67,Over 50,34358.67,17.3,14.4,0.318,4296.44,home_improvement,0,baseline
66,Over 50,35786.88,14.4,12.9,0.253,14345.92,debt_consolidation,0,baseline
38,30-50,45499.53,8.8,9.2,0.273,4977.1,debt_consolidation,0,baseline
59,Over 50,30396.39,13.1,12.8,0.131,2524.93,small_business,0,baseline
51,Over 50,28224.74,15.7,15.4,0.543,8147.03,auto,0,baseline
44,30-50,47919.92,6.5,7.2,0.287,10441.94,auto,0,baseline
27,Under 30,32820.6,6.3,4.3,0.262,3797.64,auto,0,baseline
39,30-50,35120.55,8.1,7.8,0.165,3006.76,debt_consolidation,0,baseline
52,Over 50,34491.36,10.8,11.8,0.507,6327.14,debt_consolidation,0,baseline
69,Over 50,62010.69,18.4,15.4,0.176,5917.79,auto,0,baseline
21,Under 30,44158.62,0.8,4.0,0.391,16071.59,auto,1,baseline
56,Over 50,45235.73,13.3,12.7,0.32,8152.22,auto,0,baseline
62,Over 50,64127.31,13.7,12.5,0.311,11699.16,home_improvement,0,baseline
67,Over 50,45985.54,14.0,15.6,0.128,8998.79,auto,0,baseline
41,30-50,43251.44,6.0,3.3,0.053,17753.66,auto,0,baseline
26,Under 30,60578.94,0.0,0.6,0.428,5188.25,home_improvement,0,baseline
34,30-50,66216.77,7.1,10.1,0.628,7754.46,auto,0,baseline
62,Over 50,45881.48,10.6,14.2,0.183,3697.69,debt_consolidation,0,baseline
64,Over 50,50831.6,14.4,18.1,0.148,12157.45,debt_consolidation,0,baseline
52,Over 50,34482.06,12.8,12.3,0.299,14143.52,education,0,baseline
27,Under 30,33279.36,4.6,6.6,0.285,12536.34,home_improvement,0,baseline
26,Under 30,69294.19,0.0,3.6,0.473,7613.36,education,1,baseline
44,30-50,59887.55,7.8,10.8,0.103,3847.89,auto,0,baseline
49,30-50,60167.3,11.2,11.6,0.189,7760.48,home_improvement,0,baseline
22,Under 30,55624.8,0.5,4.3,0.188,5774.13,education,0,baseline
54,Over 50,50050.69,15.6,15.4,0.042,12852.92,debt_consolidation,0,baseline
47,30-50,67062.84,6.6,8.4,0.069,6546.22,debt_consolidation,0,baseline
21,Under 30,74667.41,0.0,0.2,0.147,6476.73,home_improvement,0,baseline
25,Under 30,73869.3,3.8,4.4,0.414,24028.4,auto,1,baseline
43,30-50,46847.36,6.1,5.8,0.195,12084.27,debt_consolidation,0,baseline
56,Over 50,91504.8,7.0,5.2,0.39,13876.72,debt_consolidation,0,baseline
61,Over 50,54328.67,13.5,9.5,0.262,6272.61,education,0,baseline
42,30-50,65157.93,11.0,10.0,0.434,4674.23,education,0,baseline
35,30-50,55655.69,1.1,2.4,0.011,13813.45,small_business,0,baseline
68,Over 50,54783.98,23.5,21.0,0.087,17086.63,debt_consolidation,0,baseline
43,30-50,35203.88,5.2,7.3,0.397,4258.85,education,0,baseline
36,30-50,67212.05,5.5,6.8,0.237,6255.74,education,0,baseline
42,30-50,176377.61,3.7,4.4,0.318,5130.05,debt_consolidation,0,baseline
21,Under 30,41412.67,0.1,0.3,0.249,10308.34,debt_consolidation,0,baseline
35,30-50,50612.18,4.5,7.4,0.314,13949.13,debt_consolidation,1,baseline
46,30-50,40103.05,4.3,5.2,0.328,6740.21,education,0,baseline
66,Over 50,39355.5,24.2,20.5,0.293,6730.45,auto,0,baseline
57,Over 50,98223.65,11.1,10.5,0.105,3046.13,debt_consolidation,0,baseline
59,Over 50,36212.62,11.8,10.0,0.065,5028.51,debt_consolidation,0,baseline
47,30-50,39603.14,12.0,10.5,0.075,17217.08,education,0,baseline
26,Under 30,23995.66,7.2,6.6,0.378,10366.46,auto,0,baseline
40,30-50,34859.28,10.0,9.4,0.399,12876.31,education,0,baseline
69,Over 50,22724.98,13.2,13.9,0.432,6750.82,debt_consolidation,0,baseline
23,Under 30,65141.17,1.3,3.9,0.16,7068.96,small_business,0,baseline
64,Over 50,172795.44,9.4,12.6,0.372,8178.87,debt_consolidation,0,baseline
54,Over 50,41564.2,14.3,15.8,0.649,9529.23,debt_consolidation,0,baseline
34,30-50,23154.84,0.0,5.9,0.511,16123.31,small_business,0,baseline
59,Over 50,73497.0,10.9,11.8,0.126,5788.47,debt_consolidation,0,baseline
62,Over 50,35343.99,14.3,14.6,0.152,7562.49,auto,0,baseline
23,Under 30,87966.04,2.0,2.7,0.162,5450.02,debt_consolidation,0,baseline
26,Under 30,43178.02,1.0,4.4,0.083,3028.79,auto,0,baseline
53,Over 50,36889.53,15.8,13.3,0.211,12836.78,debt_consolidation,0,baseline
69,Over 50,45248.24,19.0,14.2,0.171,19413.54,home_improvement,0,baseline
22,Under 30,68940.53,2.3,6.9,0.148,11881.41,debt_consolidation,0,baseline
53,Over 50,44252.22,7.5,5.5,0.739,9091.95,small_business,0,baseline
27,Under 30,39201.64,7.2,8.6,0.214,20470.08,small_business,1,baseline
52,Over 50,44825.2,8.4,7.0,0.606,10192.82,education,0,baseline
51,Over 50,27657.86,15.7,16.8,0.203,12105.0,education,0,baseline
25,Under 30,58610.21,7.5,10.5,0.268,8694.85,auto,0,baseline
54,Over 50,21937.94,13.1,13.5,0.307,9384.83,debt_consolidation,0,baseline
64,Over 50,40140.67,18.1,19.0,0.214,7581.94,debt_consolidation,0,baseline
63,Over 50,68990.45,5.5,6.4,0.135,12286.92,education,0,baseline
22,Under 30,56183.13,0.0,6.5,0.122,4695.49,home_improvement,0,baseline
33,30-50,63936.41,7.5,9.5,0.113,9992.9,debt_consolidation,0,baseline
32,30-50,47606.73,6.6,5.5,0.534,5289.49,debt_consolidation,0,baseline
43,30-50,82982.56,4.0,5.4,0.127,10455.99,small_business,1,baseline
28,Under 30,74318.46,1.6,3.0,0.526,26824.3,debt_consolidation,0,baseline
62,Over 50,59919.87,6.7,6.9,0.386,11497.97,home_improvement,0,baseline
59,Over 50,74413.72,14.5,10.3,0.296,14573.52,auto,0,baseline
60,Over 50,68712.79,8.0,9.2,0.115,12723.91,auto,0,baseline
30,30-50,40224.9,6.5,4.5,0.152,2532.9,debt_consolidation,0,baseline
21,Under 30,26775.58,3.5,0.0,0.181,7586.71,auto,0,baseline
65,Over 50,59228.79,14.0,12.5,0.344,10136.89,debt_consolidation,0,baseline
35,30-50,62676.39,6.5,5.7,0.338,2851.37,debt_consolidation,0,baseline
53,Over 50,80074.47,10.5,8.7,0.028,7030.88,auto,0,baseline
65,Over 50,32165.68,16.1,8.7,0.158,7788.3,small_business,0,baseline
22,Under 30,32601.25,0.0,0.3,0.163,4377.38,education,1,baseline
21,Under 30,60292.03,1.9,3.1,0.171,4989.82,debt_consolidation,0,baseline
21,Under 30,47475.77,0.0,0.7,0.421,15814.42,debt_consolidation,0,baseline
28,Under 30,20981.73,0.0,2.8,0.192,1352.33,home_improvement,0,baseline
23,Under 30,58034.83,0.3,5.1,0.068,9281.09,debt_consolidation,0,baseline
61,Over 50,21298.88,13.4,13.7,0.377,14498.28,debt_consolidation,1,baseline
50,30-50,32036.61,11.0,12.8,0.234,7993.89,debt_consolidation,0,baseline
69,Over 50,90062.27,14.9,16.1,0.48,16388.14,debt_consolidation,0,baseline
60,Over 50,111434.87,19.3,15.4,0.298,6544.05,home_improvement,0,baseline
68,Over 50,28366.23,16.9,16.4,0.228,5153.68,debt_consolidation,0,baseline
32,30-50,42267.5,4.5,7.6,0.124,8064.95,debt_consolidation,0,baseline
35,30-50,49970.1,5.5,5.5,0.443,6695.72,debt_consolidation,0,baseline
62,Over 50,109267.26,17.4,14.3,0.319,6088.08,home_improvement,0,baseline
32,30-50,39269.72,5.6,7.5,0.193,7403.94,home_improvement,0,baseline
23,Under 30,39553.21,2.0,0.7,0.267,5453.45,debt_consolidation,0,baseline
53,Over 50,98412.83,13.4,10.6,0.026,5329.73,home_improvement,0,baseline
60,Over 50,41412.78,8.2,7.2,0.178,4623.96,debt_consolidation,0,baseline
68,Over 50,67845.66,11.1,11.8,0.335,9979.28,education,0,baseline
66,Over 50,25217.3,15.5,14.9,0.265,4917.28,home_improvement,0,baseline
26,Under 30,45385.38,1.2,5.0,0.258,4354.55,auto,0,baseline
58,Over 50,23229.57,14.7,11.9,0.303,4736.93,auto,0,baseline
62,Over 50,30486.97,14.4,11.6,0.357,8980.56,auto,0,baseline
55,Over 50,71513.43,13.6,14.0,0.282,11324.11,auto,0,baseline
61,Over 50,47932.19,10.3,8.6,0.267,11796.01,home_improvement,0,baseline
62,Over 50,42463.6,14.3,12.2,0.216,9019.56,home_improvement,0,baseline
42,30-50,34998.58,3.3,0.9,0.161,10591.1,debt_consolidation,0,baseline
22,Under 30,44387.13,1.5,3.8,0.439,7884.12,debt_consolidation,0,baseline
43,30-50,56134.22,2.1,6.7,0.189,10176.11,debt_consolidation,0,baseline
30,30-50,76291.16,4.2,3.3,0.128,10098.16,home_improvement,0,baseline
26,Under 30,15043.24,0.0,4.0,0.152,5626.15,debt_consolidation,0,baseline
27,Under 30,33715.32,0.9,2.6,0.123,4732.34,small_business,0,baseline
55,Over 50,52659.05,14.6,10.1,0.25,15931.88,debt_consolidation,0,baseline
45,30-50,46887.74,9.1,7.5,0.122,8627.22,debt_consolidation,1,baseline
47,30-50,58777.79,4.2,3.4,0.217,13710.19,auto,0,baseline
57,Over 50,55292.53,10.6,9.8,0.481,4675.1,education,0,baseline
47,30-50,42736.54,4.6,6.5,0.288,6615.84,home_improvement,0,baseline
51,Over 50,38673.74,5.4,10.0,0.236,4071.17,auto,0,baseline
25,Under 30,43893.62,1.8,0.5,0.063,11194.34,debt_consolidation,0,baseline
62,Over 50,82201.93,16.0,13.9,0.258,5959.59,small_business,0,baseline
42,30-50,35263.24,8.7,7.1,0.015,6141.72,auto,0,baseline
28,Under 30,47654.72,4.3,2.9,0.373,21545.06,debt_consolidation,0,baseline
60,Over 50,53236.74,13.6,13.1,0.045,11306.58,auto,0,baseline
56,Over 50,98929.02,11.4,11.1,0.05,11237.86,debt_consolidation,0,baseline
23,Under 30,42824.31,0.0,0.0,0.271,4442.38,home_improvement,0,baseline
30,30-50,75467.92,1.8,3.5,0.232,3201.03,home_improvement,0,baseline
21,Under 30,85339.33,0.0,0.0,0.385,13165.01,auto,0,baseline
34,30-50,47634.41,2.0,3.6,0.384,2643.37,small_business,0,baseline
25,Under 30,44586.06,1.7,5.9,0.111,6305.71,home_improvement,0,baseline
55,Over 50,42273.93,11.5,12.2,0.222,5400.14,auto,0,baseline
46,30-50,43690.22,17.9,16.7,0.193,5102.21,auto,0,baseline
69,Over 50,71999.03,12.8,11.2,0.472,6499.8,debt_consolidation,0,baseline
57,Over 50,54391.03,12.2,11.9,0.278,4779.73,auto,0,baseline
50,30-50,54495.88,5.9,7.8,0.183,4411.61,education,0,baseline
45,30-50,29544.4,7.2,8.7,0.207,9205.36,auto,0,baseline
23,Under 30,31717.68,0.0,1.8,0.031,13810.15,home_improvement,0,baseline
24,Under 30,128611.44,3.6,5.3,0.488,3401.15,auto,0,baseline
51,Over 50,45250.93,9.2,6.7,0.565,8935.4,education,0,baseline
21,Under 30,34591.13,0.0,0.5,0.535,10622.26,debt_consolidation,0,baseline
23,Under 30,93339.12,0.0,3.4,0.092,10130.0,debt_consolidation,0,baseline
31,30-50,55648.69,0.0,3.7,0.332,7254.58,auto,0,baseline
64,Over 50,63587.34,13.1,12.7,0.375,6011.71,debt_consolidation,0,baseline
43,30-50,46068.23,6.6,10.2,0.379,11840.64,education,0,baseline
55,Over 50,42471.86,12.1,12.7,0.155,9582.06,debt_consolidation,0,baseline
41,30-50,45419.02,8.7,8.5,0.25,3142.74,debt_consolidation,0,baseline
29,Under 30,26311.67,2.1,1.2,0.215,7255.16,education,1,baseline
39,30-50,47119.05,5.5,9.3,0.341,8331.04,debt_consolidation,0,baseline
25,Under 30,56006.04,0.0,3.5,0.365,4689.77,home_improvement,0,baseline
58,Over 50,112725.22,14.6,17.3,0.147,7174.43,home_improvement,0,baseline
29,Under 30,50955.07,0.7,6.9,0.104,10360.64,education,0,baseline
39,30-50,17147.72,8.5,6.3,0.318,5357.93,debt_consolidation,1,baseline
69,Over 50,46990.77,20.7,16.0,0.029,9104.23,auto,0,baseline
50,30-50,168177.77,9.6,3.9,0.419,4940.56,small_business,0,baseline
43,30-50,72392.99,4.6,7.5,0.375,4366.25,auto,1,baseline
47,30-50,34033.48,9.0,10.6,0.456,11023.61,debt_consolidation,0,baseline
59,Over 50,63959.03,14.3,13.7,0.227,14574.07,debt_consolidation,0,baseline
33,30-50,35104.83,3.3,2.2,0.214,4483.4,home_improvement,1,baseline
52,Over 50,26656.46,9.2,9.1,0.211,13049.6,debt_consolidation,0,baseline
63,Over 50,41908.07,16.4,15.5,0.242,8050.49,home_improvement,0,baseline
49,30-50,51081.97,11.3,12.6,0.161,2679.21,home_improvement,0,baseline
42,30-50,21110.59,6.3,7.6,0.204,3954.17,auto,0,baseline
28,Under 30,29227.88,0.0,3.3,0.462,10983.31,auto,0,baseline
33,30-50,49249.33,5.6,6.2,0.545,3597.61,auto,0,baseline
67,Over 50,40795.3,13.8,15.4,0.096,5947.47,debt_consolidation,0,baseline
47,30-50,58551.68,9.7,11.1,0.09,7780.08,home_improvement,0,baseline
35,30-50,28378.85,5.4,3.9,0.629,10137.63,education,0,baseline
41,30-50,67599.18,1.3,5.8,0.164,8886.96,education,1,baseline
49,30-50,28776.33,10.0,12.5,0.043,17752.45,debt_consolidation,0,baseline
47,30-50,102665.4,10.6,11.4,0.325,5388.91,debt_consolidation,0,baseline
55,Over 50,22649.86,13.8,13.6,0.172,8512.59,auto,0,baseline
33,30-50,29981.94,4.6,9.0,0.08,10160.98,home_improvement,0,baseline
52,Over 50,59149.11,4.9,2.7,0.248,11570.53,home_improvement,1,baseline
42,30-50,103663.46,11.2,13.4,0.186,13706.63,debt_consolidation,0,baseline
67,Over 50,56487.2,17.3,14.9,0.272,6522.19,home_improvement,0,baseline
28,Under 30,63151.13,0.0,4.2,0.087,11223.23,debt_consolidation,0,baseline
28,Under 30,49409.18,0.1,2.3,0.49,5100.4,debt_consolidation,0,baseline
43,30-50,30887.93,8.4,6.2,0.332,7794.33,home_improvement,0,baseline
45,30-50,39318.0,10.4,9.4,0.225,10411.06,education,0,baseline
54,Over 50,28414.1,10.1,12.1,0.291,13196.35,education,0,baseline
40,30-50,27572.67,9.1,8.9,0.258,10776.38,debt_consolidation,0,baseline
65,Over 50,58734.76,10.0,8.8,0.284,8478.38,debt_consolidation,0,baseline
44,30-50,29571.61,4.9,4.7,0.217,7787.37,debt_consolidation,0,baseline
27,Under 30,56601.98,0.0,3.3,0.288,10661.52,small_business,0,baseline
26,Under 30,27287.38,0.0,5.5,0.295,24212.1,debt_consolidation,1,baseline
68,Over 50,56014.86,21.0,14.5,0.064,12422.88,small_business,0,baseline
27,Under 30,39343.77,8.3,14.2,0.269,9806.25,auto,0,baseline
67,Over 50,92316.39,16.8,15.9,0.303,4086.79,education,0,baseline
34,30-50,56708.17,2.6,5.3,0.243,5312.2,debt_consolidation,0,baseline
25,Under 30,85485.52,0.7,1.7,0.18,6890.93,auto,0,baseline
35,30-50,34890.12,6.3,7.0,0.401,12772.0,debt_consolidation,0,baseline
51,Over 50,50275.06,5.8,7.0,0.027,5072.65,auto,0,baseline
41,30-50,31524.2,5.3,4.1,0.21,11172.67,auto,0,baseline
59,Over 50,40695.7,17.6,14.5,0.373,8602.86,education,0,baseline
50,30-50,43566.91,7.0,10.0,0.255,9676.6,auto,0,baseline
40,30-50,35360.96,4.4,2.4,0.061,7273.72,small_business,0,baseline
52,Over 50,28368.19,10.9,11.6,0.179,6013.04,home_improvement,0,baseline
68,Over 50,25949.75,17.3,15.1,0.182,4979.67,auto,0,baseline
41,30-50,17104.78,5.1,4.2,0.277,11001.61,debt_consolidation,1,baseline
28,Under 30,30474.46,2.7,8.1,0.141,7798.13,debt_consolidation,0,baseline
41,30-50,65014.93,8.8,7.2,0.207,4728.58,debt_consolidation,0,baseline
62,Over 50,23877.11,20.2,15.9,0.214,9060.14,debt_consolidation,0,baseline
31,30-50,26485.29,3.1,4.1,0.19,44875.59,debt_consolidation,0,baseline
67,Over 50,109743.86,16.0,13.2,0.199,7326.57,debt_consolidation,0,baseline
49,30-50,36811.91,14.4,13.5,0.032,18528.25,debt_consolidation,0,baseline
50,30-50,56640.0,8.5,9.1,0.029,2224.66,auto,0,baseline
36,30-50,65450.06,1.3,3.5,0.142,7078.13,home_improvement,0,baseline
66,Over 50,66047.98,16.5,15.0,0.241,13061.1,small_business,0,baseline
22,Under 30,24709.88,3.6,3.5,0.604,8166.35,debt_consolidation,0,baseline
35,30-50,44179.81,6.0,8.1,0.326,5876.31,debt_consolidation,0,baseline
41,30-50,23666.07,6.7,7.1,0.376,7996.72,education,0,baseline
44,30-50,147390.83,3.7,4.0,0.075,13260.63,education,0,baseline
44,30-50,23916.08,7.9,11.3,0.247,23664.27,home_improvement,0,baseline
28,Under 30,30591.33,6.1,6.7,0.231,13804.54,debt_consolidation,0,baseline
32,30-50,30691.15,0.1,4.3,0.189,6295.8,education,0,baseline
25,Under 30,24996.79,0.7,5.0,0.147,7212.44,small_business,0,baseline
49,30-50,90099.26,8.6,11.5,0.268,7239.31,small_business,0,baseline
38,30-50,145816.11,3.9,6.5,0.38,5252.06,home_improvement,0,baseline
48,30-50,39573.42,10.2,10.2,0.08,7498.57,debt_consolidation,0,baseline
49,30-50,27059.94,11.1,10.8,0.441,7066.34,home_improvement,0,baseline
55,Over 50,17914.82,13.2,12.1,0.292,4445.83,auto,0,baseline
47,30-50,43921.14,6.2,2.6,0.176,12321.05,debt_consolidation,0,baseline
52,Over 50,42515.99,5.9,8.2,0.107,10001.22,debt_consolidation,0,baseline
49,30-50,36567.56,10.6,11.0,0.291,5881.26,small_business,0,baseline
52,Over 50,54155.72,9.3,11.1,0.079,8724.58,debt_consolidation,0,baseline
51,Over 50,58561.22,16.0,14.6,0.273,5002.65,debt_consolidation,0,baseline
36,30-50,56691.95,10.9,12.1,0.327,6147.95,auto,0,baseline
33,30-50,42520.59,10.2,7.4,0.018,11428.19,small_business,0,baseline
59,Over 50,29859.85,10.5,8.0,0.277,10255.02,small_business,1,baseline
37,30-50,66146.34,7.3,2.9,0.044,6269.21,debt_consolidation,0,baseline
47,30-50,49297.63,11.7,11.1,0.011,9468.56,auto,0,baseline
30,30-50,73112.96,5.4,4.8,0.193,7807.28,small_business,0,baseline
42,30-50,69949.86,6.3,5.2,0.232,4921.5,auto,0,baseline
46,30-50,25853.65,12.6,12.7,0.212,7453.06,debt_consolidation,0,baseline
51,Over 50,25709.09,10.5,9.6,0.292,10056.92,auto,0,baseline
46,30-50,34891.78,9.1,6.4,0.45,9443.48,home_improvement,0,baseline
38,30-50,30475.57,1.3,8.2,0.445,3476.19,home_improvement,1,baseline
68,Over 50,68862.24,18.4,16.6,0.168,8804.77,home_improvement,0,baseline
46,30-50,57416.64,8.0,6.2,0.147,8206.76,debt_consolidation,0,baseline
60,Over 50,80389.01,15.0,12.7,0.153,3136.49,education,0,baseline
57,Over 50,58595.84,13.3,12.3,0.101,5409.87,debt_consolidation,0,baseline
48,30-50,53846.48,10.0,9.6,0.234,10361.12,debt_consolidation,0,baseline
64,Over 50,84109.8,14.9,16.5,0.454,16194.08,home_improvement,0,baseline
27,Under 30,60559.24,4.5,5.4,0.417,3567.93,auto,0,baseline
66,Over 50,50546.32,15.2,17.8,0.186,13222.19,auto,0,baseline
62,Over 50,95435.31,10.0,9.1,0.124,3164.7,education,0,baseline
45,30-50,51628.62,10.1,10.9,0.194,16297.37,education,0,baseline
56,Over 50,42746.68,9.8,11.9,0.264,7191.58,auto,0,baseline
46,30-50,33623.47,4.8,8.2,0.285,5668.27,auto,0,baseline
34,30-50,67262.72,1.5,5.8,0.254,9674.69,auto,0,baseline
60,Over 50,85534.3,14.5,13.1,0.209,5007.8,home_improvement,0,baseline
33,30-50,47917.48,3.9,5.1,0.237,10487.72,home_improvement,0,baseline
36,30-50,88305.88,0.0,0.0,0.585,7616.07,home_improvement,0,baseline
46,30-50,20201.12,7.6,7.7,0.603,1205.91,education,1,baseline
62,Over 50,47812.67,17.9,18.5,0.197,5402.64,auto,0,baseline
39,30-50,48144.26,4.9,7.8,0.18,8915.52,debt_consolidation,0,baseline
45,30-50,35342.89,7.9,8.1,0.17,13811.2,small_business,0,baseline
23,Under 30,143306.0,3.8,8.5,0.493,9563.88,small_business,0,baseline
26,Under 30,47582.17,4.1,4.5,0.363,13701.41,debt_consolidation,0,baseline
23,Under 30,40803.42,3.8,3.6,0.078,5182.37,small_business,1,baseline
24,Under 30,49596.87,0.0,1.1,0.35,11658.87,home_improvement,0,baseline
63,Over 50,19905.15,19.9,15.7,0.453,11757.03,debt_consolidation,0,baseline
62,Over 50,34823.91,16.3,16.3,0.41,3585.0,auto,0,baseline
61,Over 50,76302.27,21.4,19.7,0.116,14041.29,debt_consolidation,0,baseline
23,Under 30,36937.21,0.0,3.2,0.288,9544.17,auto,1,baseline
24,Under 30,33759.13,0.0,1.2,0.165,7039.29,education,0,baseline
34,30-50,88369.89,4.6,5.5,0.173,6978.97,home_improvement,0,baseline
48,30-50,89600.35,8.6,4.5,0.156,4822.23,debt_consolidation,0,baseline
37,30-50,61861.03,7.6,8.8,0.045,11107.82,debt_consolidation,0,baseline
44,30-50,39942.54,11.3,11.2,0.243,9424.09,home_improvement,0,baseline
29,Under 30,44012.9,2.5,1.8,0.221,10845.04,auto,0,baseline
56,Over 50,34136.84,11.5,11.0,0.25,8429.51,education,0,baseline
36,30-50,31330.65,6.8,6.9,0.333,8981.24,education,0,baseline
24,Under 30,30638.5,0.3,5.8,0.421,6988.7,home_improvement,0,baseline
57,Over 50,37118.68,11.6,9.1,0.042,13882.68,home_improvement,1,baseline
65,Over 50,30772.46,18.5,17.5,0.095,10972.9,home_improvement,0,baseline
21,Under 30,24253.9,3.8,2.8,0.123,8834.55,auto,0,baseline
42,30-50,54107.67,10.6,9.4,0.466,7575.81,debt_consolidation,0,baseline
61,Over 50,54478.86,13.5,13.3,0.358,3347.68,home_improvement,1,baseline
55,Over 50,105383.01,5.5,6.0,0.256,3003.95,home_improvement,0,baseline
62,Over 50,36288.19,13.9,13.1,0.233,6740.23,auto,0,baseline
41,30-50,56007.75,4.7,6.4,0.043,15280.69,debt_consolidation,0,baseline
39,30-50,56427.99,5.9,5.7,0.34,5696.28,home_improvement,1,baseline
55,Over 50,43729.28,9.9,11.7,0.228,5809.39,education,0,baseline
28,Under 30,68524.74,2.4,3.3,0.087,4983.19,education,0,baseline
32,30-50,69484.09,0.7,2.4,0.166,4250.56,home_improvement,0,baseline
50,30-50,56802.46,6.3,7.8,0.083,5130.73,education,0,baseline
53,Over 50,43693.83,14.9,14.3,0.326,9314.39,education,0,baseline
26,Under 30,41735.67,0.0,3.3,0.18,6336.49,education,0,baseline
45,30-50,26489.69,8.4,9.4,0.276,6194.35,education,1,baseline
38,30-50,34109.7,8.8,10.0,0.386,5924.58,auto,0,baseline
45,30-50,37052.7,11.1,10.3,0.108,9122.49,education,0,baseline
67,Over 50,29561.04,18.5,14.7,0.05,9849.23,debt_consolidation,0,baseline
24,Under 30,59752.47,2.0,0.7,0.051,3182.74,home_improvement,0,baseline
69,Over 50,83992.48,19.0,13.8,0.266,5540.68,education,0,baseline
43,30-50,32577.33,11.8,15.0,0.444,7748.89,debt_consolidation,0,baseline
58,Over 50,55689.6,14.2,9.0,0.297,10091.56,debt_consolidation,0,baseline
41,30-50,30780.91,1.5,5.6,0.147,8637.31,home_improvement,0,baseline
36,30-50,42735.49,3.7,3.3,0.224,12227.32,auto,0,baseline
58,Over 50,35930.86,15.0,16.4,0.048,4000.1,auto,0,baseline
54,Over 50,64270.31,9.7,5.3,0.15,9972.55,auto,0,baseline
28,Under 30,36117.95,7.3,7.4,0.481,22598.7,debt_consolidation,0,baseline
55,Over 50,77284.38,11.7,14.3,0.193,8298.75,education,0,baseline
57,Over 50,43889.29,12.9,13.7,0.285,8469.59,debt_consolidation,0,baseline
40,30-50,36595.42,10.0,9.3,0.583,10505.25,education,0,baseline
66,Over 50,27889.7,15.2,10.3,0.11,6169.24,home_improvement,1,baseline
52,Over 50,54936.98,11.4,8.5,0.341,5047.12,debt_consolidation,0,baseline
37,30-50,73339.03,8.3,11.4,0.199,8341.6,home_improvement,1,baseline
21,Under 30,55436.56,0.0,1.3,0.149,3543.95,auto,0,baseline
54,Over 50,134252.05,10.7,10.4,0.111,9877.19,education,0,baseline
31,30-50,93284.04,6.0,7.4,0.318,10745.72,auto,0,baseline
58,Over 50,42685.41,13.1,9.9,0.05,3633.98,small_business,0,baseline
46,30-50,42484.21,13.2,13.3,0.061,8791.16,home_improvement,0,baseline
43,30-50,60558.4,3.0,3.5,0.104,7271.83,debt_consolidation,0,baseline
29,Under 30,33620.5,0.0,2.6,0.322,16965.53,home_improvement,1,baseline
55,Over 50,82853.54,14.2,12.2,0.16,15598.35,auto,0,baseline
29,Under 30,57683.14,5.4,3.2,0.124,12342.57,debt_consolidation,0,baseline
41,30-50,55017.5,6.4,6.3,0.396,14843.85,debt_consolidation,1,baseline
61,Over 50,66778.01,15.2,15.4,0.055,6750.61,auto,0,baseline
66,Over 50,106433.26,18.0,17.2,0.476,9227.77,home_improvement,0,baseline
69,Over 50,52940.82,14.4,13.5,0.23,7142.18,education,0,baseline
67,Over 50,46589.56,14.0,15.0,0.173,4921.76,debt_consolidation,0,baseline
48,30-50,96656.99,10.0,9.6,0.069,8445.03,home_improvement,0,baseline
30,30-50,75765.45,5.9,6.8,0.218,7772.74,home_improvement,0,baseline
62,Over 50,42427.8,10.9,9.7,0.088,7323.47,small_business,0,baseline
60,Over 50,49135.34,13.1,14.4,0.392,7866.59,debt_consolidation,0,baseline
69,Over 50,53525.93,16.1,15.4,0.287,8353.2,debt_consolidation,0,baseline
52,Over 50,57688.66,12.1,10.6,0.499,12631.41,debt_consolidation,0,baseline
27,Under 30,26622.98,2.1,0.7,0.111,6049.69,small_business,0,baseline
45,30-50,24486.62,6.8,9.6,0.076,4273.48,debt_consolidation,0,baseline
42,30-50,32881.8,11.1,9.4,0.086,11373.03,education,0,baseline
62,Over 50,31756.98,12.7,12.3,0.662,12435.24,home_improvement,0,baseline
40,30-50,36690.72,5.8,11.3,0.247,9691.23,education,0,baseline
37,30-50,65226.41,0.8,4.3,0.255,4585.27,debt_consolidation,1,baseline
24,Under 30,45432.45,0.0,5.2,0.193,7587.48,home_improvement,0,baseline
61,Over 50,53550.35,15.5,13.4,0.411,9344.31,small_business,0,baseline
58,Over 50,28256.07,13.9,15.3,0.114,4749.66,debt_consolidation,1,baseline
23,Under 30,39825.43,2.5,4.1,0.219,5529.06,auto,0,baseline
42,30-50,63848.35,9.0,9.9,0.264,7530.47,small_business,0,baseline
44,30-50,64069.81,14.3,17.5,0.38,14639.4,debt_consolidation,0,baseline
43,30-50,35381.41,5.5,5.8,0.335,9068.67,education,0,baseline
66,Over 50,52719.89,10.9,10.8,0.52,6085.93,debt_consolidation,0,baseline
28,Under 30,131858.09,0.0,0.2,0.11,7325.87,debt_consolidation,0,baseline
36,30-50,48634.14,3.1,6.3,0.175,5807.25,debt_consolidation,0,baseline
29,Under 30,35884.68,0.0,0.9,0.42,6594.53,auto,1,baseline
32,30-50,45333.74,4.1,7.4,0.237,11627.58,debt_consolidation,1,baseline
65,Over 50,51096.93,19.2,14.0,0.333,3102.62,home_improvement,0,baseline
67,Over 50,45797.02,20.7,19.7,0.263,15638.21,auto,0,baseline
23,Under 30,48333.99,2.2,2.5,0.259,24211.7,debt_consolidation,0,baseline
51,Over 50,25602.59,16.9,17.0,0.058,8789.22,debt_consolidation,0,baseline
32,30-50,31787.11,2.8,4.2,0.288,5347.91,debt_consolidation,0,baseline
30,30-50,45834.81,0.0,0.9,0.302,14495.84,debt_consolidation,0,baseline
35,30-50,45507.36,8.1,7.7,0.085,9311.2,home_improvement,0,baseline
30,30-50,37995.19,0.0,0.3,0.209,6229.3,home_improvement,0,baseline
45,30-50,45267.47,6.1,8.6,0.14,4984.33,small_business,0,baseline
69,Over 50,50385.4,18.4,14.6,0.514,6614.91,auto,0,baseline
49,30-50,73147.71,9.5,9.1,0.175,8922.14,small_business,0,baseline
56,Over 50,46880.39,11.7,12.0,0.045,12679.64,education,0,baseline
45,30-50,58664.87,4.9,9.1,0.399,9340.34,small_business,0,baseline
21,Under 30,38417.94,0.0,2.0,0.298,10168.59,debt_consolidation,0,baseline
25,Under 30,63414.2,4.4,5.0,0.166,6857.71,debt_consolidation,0,baseline
34,30-50,58051.08,4.6,6.2,0.247,12424.98,home_improvement,0,baseline
32,30-50,72375.1,1.4,0.0,0.28,7307.38,home_improvement,0,baseline
62,Over 50,67579.31,10.6,8.1,0.321,20312.59,education,0,baseline
62,Over 50,63890.82,11.9,10.8,0.206,5846.58,home_improvement,0,baseline
62,Over 50,46897.15,15.5,13.0,0.292,9872.39,small_business,0,baseline
52,Over 50,54733.03,11.9,8.3,0.355,24214.21,debt_consolidation,1,baseline
48,30-50,79108.77,7.0,9.4,0.071,13642.94,auto,0,baseline
52,Over 50,36554.75,4.2,5.9,0.094,11762.92,auto,0,baseline
40,30-50,36946.14,7.9,8.6,0.149,9399.54,debt_consolidation,0,baseline
53,Over 50,53190.98,8.5,7.4,0.06,8320.0,education,1,baseline
59,Over 50,59093.48,15.4,14.5,0.55,7428.41,auto,0,baseline
58,Over 50,33831.65,10.7,11.6,0.093,6118.65,debt_consolidation,0,baseline
51,Over 50,47399.02,7.5,7.5,0.381,3759.86,home_improvement,1,baseline
23,Under 30,46990.49,1.2,3.8,0.075,11162.43,auto,0,baseline
56,Over 50,18090.17,19.3,15.9,0.125,3755.53,auto,0,baseline
38,30-50,44408.35,8.2,8.8,0.369,11222.69,home_improvement,0,baseline
57,Over 50,45670.46,13.0,14.7,0.456,6942.21,auto,0,baseline
47,30-50,45609.36,10.2,12.6,0.079,5025.42,debt_consolidation,0,baseline
64,Over 50,92703.49,9.8,12.5,0.345,16364.06,debt_consolidation,0,baseline
37,30-50,28364.42,2.2,4.4,0.051,3926.3,debt_consolidation,0,baseline
66,Over 50,33823.8,8.2,8.6,0.077,5807.65,home_improvement,0,baseline
62,Over 50,15131.17,19.5,16.7,0.405,6085.56,debt_consolidation,0,baseline
37,30-50,39481.5,10.2,6.5,0.514,8732.33,auto,0,baseline
44,30-50,41025.96,9.2,6.7,0.415,5964.97,small_business,0,baseline
47,30-50,38968.55,9.5,9.3,0.377,16828.98,small_business,0,baseline
58,Over 50,80696.85,8.3,8.4,0.287,4082.04,home_improvement,0,baseline
54,Over 50,72205.96,10.9,13.5,0.183,62486.7,auto,0,baseline
62,Over 50,50768.71,19.7,20.4,0.451,4772.44,small_business,0,baseline
39,30-50,41490.68,6.7,6.0,0.307,35522.97,home_improvement,0,baseline
45,30-50,77791.34,6.7,9.0,0.128,13995.92,debt_consolidation,0,baseline
42,30-50,48586.89,2.1,2.7,0.085,7668.34,debt_consolidation,0,baseline
65,Over 50,33920.62,19.5,19.0,0.116,9075.33,debt_consolidation,0,baseline
35,30-50,22644.86,4.7,7.4,0.209,6705.07,education,0,baseline
49,30-50,40191.41,4.5,8.1,0.17,9638.58,debt_consolidation,0,baseline
26,Under 30,68843.4,0.0,1.0,0.365,5605.45,debt_consolidation,0,baseline
62,Over 50,136549.49,10.5,12.4,0.099,11550.63,auto,1,baseline
39,30-50,50398.9,5.9,3.0,0.283,8875.05,education,0,baseline
37,30-50,34738.02,6.2,9.6,0.037,4940.61,debt_consolidation,0,baseline
49,30-50,28760.71,8.3,8.6,0.151,10032.38,auto,0,baseline
45,30-50,62842.05,10.7,10.6,0.432,9727.48,home_improvement,0,baseline
62,Over 50,22157.31,14.6,9.6,0.131,5661.43,debt_consolidation,0,baseline
47,30-50,62796.54,12.3,11.1,0.351,6542.97,home_improvement,0,baseline
46,30-50,70825.21,7.7,10.9,0.064,10469.72,education,0,baseline
26,Under 30,59654.55,10.9,9.9,0.13,13979.81,debt_consolidation,0,baseline
22,Under 30,44406.99,0.0,3.4,0.252,7546.76,debt_consolidation,0,baseline
40,30-50,63210.35,3.9,5.2,0.385,12904.45,small_business,0,baseline
69,Over 50,52940.41,13.7,15.1,0.233,14523.61,small_business,0,baseline
65,Over 50,34539.0,14.8,14.2,0.281,15547.15,home_improvement,0,baseline
51,Over 50,112722.64,5.3,4.4,0.099,9981.53,debt_consolidation,0,baseline
51,Over 50,41845.7,11.4,11.2,0.252,5162.24,debt_consolidation,0,baseline
40,30-50,69500.45,0.9,5.9,0.254,12652.99,debt_consolidation,0,baseline
29,Under 30,16508.38,3.3,5.6,0.188,7363.57,debt_consolidation,0,baseline
21,Under 30,87065.14,0.0,1.8,0.449,10438.46,auto,0,baseline
37,30-50,94934.62,4.5,10.1,0.101,5916.48,debt_consolidation,0,baseline
36,30-50,49683.35,7.1,10.0,0.052,6002.4,debt_consolidation,0,baseline
30,30-50,63035.1,10.1,11.7,0.281,5706.17,auto,0,baseline
33,30-50,63027.84,1.0,3.4,0.36,4177.69,debt_consolidation,0,baseline
22,Under 30,36707.9,0.0,3.5,0.212,6042.82,debt_consolidation,0,baseline
50,30-50,62705.54,8.0,9.9,0.298,4834.44,auto,0,baseline
66,Over 50,34068.08,13.1,8.1,0.532,10755.08,debt_consolidation,0,baseline
54,Over 50,37274.3,9.4,10.3,0.149,4757.9,auto,0,baseline
42,30-50,81399.5,9.8,9.5,0.072,5798.09,debt_consolidation,0,baseline
41,30-50,76008.16,5.5,5.4,0.352,8115.98,debt_consolidation,0,baseline
36,30-50,35672.35,12.0,11.2,0.148,20054.58,home_improvement,0,baseline
27,Under 30,35238.36,3.3,1.6,0.256,5732.73,auto,0,baseline
50,30-50,36661.47,7.1,4.1,0.3,4059.8,debt_consolidation,0,baseline
48,30-50,68165.09,8.3,11.2,0.328,4205.17,education,0,baseline
21,Under 30,31257.26,0.0,2.9,0.717,5269.45,small_business,1,baseline
41,30-50,57556.4,9.4,4.7,0.278,5834.74,home_improvement,0,baseline
34,30-50,68602.28,0.0,0.8,0.063,25650.09,debt_consolidation,0,baseline
29,Under 30,47112.31,0.0,3.8,0.637,13139.42,debt_consolidation,1,baseline
55,Over 50,77228.87,10.1,9.5,0.504,6922.21,small_business,0,baseline
46,30-50,42747.26,10.8,13.1,0.3,20464.08,debt_consolidation,0,baseline
52,Over 50,44523.17,14.5,15.7,0.329,5965.27,debt_consolidation,0,baseline
55,Over 50,31578.73,16.0,12.1,0.118,6597.02,debt_consolidation,0,baseline
69,Over 50,77476.49,18.4,16.4,0.346,6402.1,debt_consolidation,0,baseline
60,Over 50,34719.81,13.4,11.8,0.103,13540.28,debt_consolidation,0,baseline
51,Over 50,57376.91,12.9,9.5,0.225,7824.49,debt_consolidation,0,baseline
64,Over 50,47472.59,11.6,8.4,0.138,17217.18,auto,0,baseline
44,30-50,30523.36,2.5,2.4,0.216,10066.84,debt_consolidation,0,baseline
69,Over 50,37268.49,18.1,15.2,0.296,12765.33,education,0,baseline
58,Over 50,91335.29,9.9,10.5,0.055,3268.01,home_improvement,1,baseline
52,Over 50,53677.32,10.7,12.6,0.331,3464.86,debt_consolidation,0,baseline
65,Over 50,31128.6,15.8,15.6,0.076,3522.35,education,0,baseline
46,30-50,56240.8,9.5,11.1,0.373,6541.65,auto,0,baseline
56,Over 50,45901.3,15.1,13.5,0.268,3754.0,auto,0,baseline
34,30-50,231960.15,7.0,8.8,0.144,15065.45,debt_consolidation,0,baseline
68,Over 50,55731.77,17.0,15.3,0.071,7334.94,auto,0,baseline
51,Over 50,41304.17,9.2,8.5,0.336,11022.25,education,0,baseline
59,Over 50,92875.26,13.6,16.7,0.41,6335.12,small_business,1,baseline
43,30-50,21408.29,5.9,2.1,0.148,12239.22,auto,0,baseline
63,Over 50,51146.23,14.1,9.5,0.239,3033.45,home_improvement,0,baseline
24,Under 30,120269.8,8.9,9.9,0.167,7907.4,education,0,baseline
26,Under 30,46523.38,2.3,3.3,0.747,10408.31,debt_consolidation,0,baseline
45,30-50,22471.76,9.8,6.9,0.159,10856.3,home_improvement,0,baseline
56,Over 50,41020.9,10.1,8.0,0.237,6913.01,auto,0,baseline
60,Over 50,94327.98,16.7,13.5,0.478,3444.39,home_improvement,0,baseline
42,30-50,58059.95,9.6,11.5,0.151,13435.39,debt_consolidation,0,baseline
52,Over 50,33607.84,13.2,14.9,0.255,6659.92,debt_consolidation,0,baseline
48,30-50,36013.2,10.1,13.4,0.248,6955.64,debt_consolidation,0,baseline
68,Over 50,38106.3,19.6,14.5,0.306,24577.94,education,1,baseline
53,Over 50,57672.69,15.0,11.3,0.185,8504.07,auto,0,baseline
41,30-50,89517.4,7.8,5.4,0.62,6251.3,education,0,baseline
68,Over 50,78715.11,16.1,17.5,0.283,6066.83,small_business,0,baseline
26,Under 30,60186.63,4.4,6.4,0.167,11187.87,debt_consolidation,0,baseline
69,Over 50,26923.64,14.1,13.4,0.099,5375.26,auto,0,baseline
28,Under 30,26968.65,0.3,2.7,0.357,10465.64,home_improvement,0,baseline
35,30-50,62315.37,4.7,5.7,0.276,14054.13,education,0,baseline
61,Over 50,26756.64,8.8,6.8,0.259,7753.13,auto,0,baseline
56,Over 50,44289.14,14.7,14.8,0.364,13278.66,small_business,0,baseline
68,Over 50,56211.0,13.6,12.5,0.251,7828.91,education,0,baseline
57,Over 50,29380.39,11.2,8.5,0.2,5746.08,debt_consolidation,0,baseline
52,Over 50,30917.63,10.2,11.3,0.157,3525.27,auto,0,baseline
37,30-50,46987.91,5.7,5.7,0.397,9298.01,debt_consolidation,0,baseline
21,Under 30,61490.79,0.0,2.5,0.323,9396.03,home_improvement,0,baseline
27,Under 30,79037.95,1.9,3.3,0.102,13235.51,debt_consolidation,0,baseline
35,30-50,64419.65,4.7,7.6,0.314,12612.94,home_improvement,0,baseline
23,Under 30,50672.85,0.0,2.4,0.227,22781.01,education,0,baseline
45,30-50,35038.84,6.1,5.1,0.227,6060.12,debt_consolidation,0,baseline
59,Over 50,30275.43,16.5,15.9,0.204,9681.32,debt_consolidation,0,baseline
68,Over 50,38952.78,10.1,10.8,0.08,5745.63,debt_consolidation,0,baseline
44,30-50,58951.54,7.4,9.0,0.156,12900.64,debt_consolidation,0,baseline
63,Over 50,57038.44,13.3,14.7,0.24,5097.71,debt_consolidation,0,baseline
69,Over 50,19054.22,18.1,15.2,0.166,12795.56,auto,0,baseline
63,Over 50,34421.8,10.3,11.6,0.288,5606.78,auto,0,baseline
43,30-50,84290.83,6.2,3.5,0.218,11887.66,home_improvement,0,baseline
36,30-50,50799.75,4.9,5.7,0.249,14812.59,debt_consolidation,0,baseline
68,Over 50,25909.01,19.7,17.2,0.308,3725.48,home_improvement,0,baseline
32,30-50,141509.13,4.8,8.8,0.135,4131.53,small_business,0,baseline
41,30-50,48386.5,3.4,4.4,0.121,9112.97,home_improvement,0,baseline
24,Under 30,58276.27,0.0,3.2,0.165,8640.6,home_improvement,1,baseline
59,Over 50,58676.0,16.0,11.2,0.104,7001.77,home_improvement,0,baseline
52,Over 50,41547.06,7.2,7.1,0.353,6386.04,debt_consolidation,0,baseline
25,Under 30,35333.68,1.2,1.2,0.438,5283.8,debt_consolidation,0,baseline
31,30-50,127357.55,3.5,9.7,0.093,9561.83,auto,0,baseline
48,30-50,76990.91,8.3,7.3,0.502,5002.98,debt_consolidation,0,baseline
47,30-50,70960.01,17.2,15.9,0.378,9730.78,auto,0,baseline
60,Over 50,63533.98,12.4,12.2,0.238,6080.3,home_improvement,0,baseline
34,30-50,31210.42,5.9,3.5,0.13,6559.42,debt_consolidation,0,baseline
66,Over 50,87106.66,13.5,11.7,0.204,14881.73,home_improvement,0,baseline
42,30-50,33543.23,8.9,10.0,0.253,13059.12,debt_consolidation,0,baseline
61,Over 50,55685.72,16.6,15.5,0.104,4922.39,debt_consolidation,0,baseline
32,30-50,23441.77,2.1,0.0,0.304,5237.19,home_improvement,0,baseline
22,Under 30,19567.27,0.2,1.0,0.091,11955.14,auto,0,baseline
23,Under 30,56569.83,0.0,4.0,0.24,3956.33,education,0,baseline
39,30-50,34060.9,2.9,5.5,0.518,16764.16,education,1,baseline
67,Over 50,20027.76,19.2,19.8,0.234,8669.59,home_improvement,0,baseline
23,Under 30,62522.03,0.0,0.0,0.133,6068.66,debt_consolidation,0,baseline
39,30-50,127266.21,0.0,4.6,0.378,8145.72,debt_consolidation,0,baseline
26,Under 30,91610.59,7.0,7.5,0.467,16003.17,debt_consolidation,0,baseline
66,Over 50,43660.84,13.3,15.9,0.33,2791.79,debt_consolidation,0,baseline
54,Over 50,49216.31,10.8,10.7,0.201,13536.6,debt_consolidation,0,baseline
58,Over 50,73091.53,17.9,12.2,0.486,14724.58,auto,0,baseline
55,Over 50,81223.31,11.5,12.9,0.11,6901.88,home_improvement,0,baseline
53,Over 50,41999.33,10.7,9.7,0.378,7818.19,debt_consolidation,0,baseline
58,Over 50,49780.57,9.3,8.7,0.316,8675.2,auto,0,baseline
21,Under 30,56121.63,0.0,0.0,0.157,11693.24,education,1,baseline
63,Over 50,62896.41,14.2,16.6,0.149,5625.89,debt_consolidation,0,baseline
57,Over 50,46171.39,13.7,11.9,0.069,8044.5,debt_consolidation,0,baseline
57,Over 50,46442.1,13.5,16.0,0.123,7708.34,home_improvement,0,baseline
40,30-50,91210.43,5.2,5.3,0.117,11377.84,debt_consolidation,0,baseline
60,Over 50,84481.2,13.7,11.1,0.07,30875.26,debt_consolidation,0,baseline
39,30-50,60768.98,0.8,5.3,0.246,5614.25,auto,0,baseline
23,Under 30,106255.21,2.1,3.5,0.18,8428.87,auto,0,baseline
65,Over 50,41196.12,15.9,14.6,0.467,5539.16,education,0,baseline
32,30-50,101756.51,9.8,7.3,0.272,6346.02,debt_consolidation,0,baseline
25,Under 30,62575.68,1.4,2.2,0.321,4731.61,education,0,baseline
51,Over 50,213621.65,7.7,9.0,0.283,3769.73,debt_consolidation,0,baseline
32,30-50,28663.6,3.7,2.4,0.413,14638.74,debt_consolidation,0,baseline
63,Over 50,35946.77,13.7,11.9,0.31,9682.14,debt_consolidation,0,baseline
42,30-50,59187.11,8.7,8.1,0.155,8488.25,debt_consolidation,0,baseline
21,Under 30,58615.55,0.1,2.2,0.306,5234.48,education,0,baseline
67,Over 50,117896.52,12.3,14.8,0.166,7804.98,debt_consolidation,0,baseline
46,30-50,36287.6,3.8,4.5,0.041,4545.17,debt_consolidation,0,baseline
33,30-50,73659.86,5.0,4.6,0.103,7993.4,auto,0,baseline
54,Over 50,82711.04,15.7,20.1,0.241,9574.57,debt_consolidation,0,baseline
46,30-50,67311.85,9.0,8.3,0.458,6178.0,auto,0,baseline
22,Under 30,31810.5,2.8,3.9,0.226,5550.24,education,0,baseline
58,Over 50,92363.9,16.0,14.1,0.42,6335.02,debt_consolidation,0,baseline
40,30-50,85237.45,7.5,7.4,0.249,12178.28,debt_consolidation,0,baseline
55,Over 50,64203.5,9.5,9.7,0.266,8962.57,home_improvement,0,baseline
64,Over 50,53742.34,15.6,16.4,0.192,3628.38,education,0,baseline
50,30-50,54271.18,13.8,13.8,0.323,11634.51,small_business,0,baseline
53,Over 50,47314.35,12.8,14.4,0.256,10632.04,education,0,baseline
33,30-50,65404.96,6.4,9.2,0.098,8897.7,auto,0,baseline
32,30-50,49712.45,2.5,4.4,0.655,18449.78,home_improvement,0,baseline
41,30-50,33461.93,6.4,7.9,0.387,8200.22,education,0,baseline
62,Over 50,30580.99,14.0,15.4,0.353,10050.44,education,0,baseline
46,30-50,34946.85,8.6,6.7,0.378,10246.67,debt_consolidation,1,baseline
38,30-50,54174.17,9.5,14.6,0.165,12565.47,auto,0,baseline
59,Over 50,48429.76,6.3,6.0,0.27,7248.63,education,0,baseline
62,Over 50,54008.93,14.4,12.9,0.067,5869.82,small_business,0,baseline
65,Over 50,61412.33,15.2,11.7,0.23,13181.05,auto,0,baseline
35,30-50,36964.22,0.8,0.3,0.381,12844.49,auto,0,baseline
55,Over 50,94802.12,13.9,15.1,0.136,15327.7,small_business,0,baseline
49,30-50,43457.13,7.6,12.6,0.283,9974.47,debt_consolidation,0,baseline
42,30-50,40334.31,6.3,5.9,0.029,3553.26,auto,0,baseline
40,30-50,60905.2,12.2,12.5,0.232,8795.9,education,0,baseline
26,Under 30,21451.94,4.8,6.3,0.277,8240.74,auto,1,baseline
34,30-50,34346.64,6.3,9.0,0.304,14983.8,small_business,0,baseline
47,30-50,76227.9,10.2,14.6,0.262,13755.8,debt_consolidation,0,baseline
64,Over 50,22430.12,14.6,16.7,0.236,11008.3,debt_consolidation,0,baseline
63,Over 50,81057.04,20.7,18.1,0.6,2874.12,debt_consolidation,0,baseline
30,30-50,96762.18,5.6,7.5,0.429,5364.68,debt_consolidation,0,baseline
54,Over 50,41512.3,9.3,10.7,0.329,6753.79,auto,0,baseline
25,Under 30,55899.78,0.0,2.0,0.479,6831.61,home_improvement,0,baseline
54,Over 50,81112.24,13.3,10.4,0.177,8808.19,debt_consolidation,0,baseline
37,30-50,39733.3,5.4,4.7,0.236,16985.28,auto,0,baseline
43,30-50,72438.92,3.4,7.0,0.178,11963.66,auto,0,baseline
56,Over 50,36242.33,13.5,15.3,0.201,5117.9,debt_consolidation,0,baseline
41,30-50,39540.43,6.2,6.5,0.337,5354.35,home_improvement,0,baseline
60,Over 50,34210.87,15.2,14.7,0.199,5117.92,auto,0,baseline
47,30-50,57193.25,10.4,12.7,0.271,7643.26,debt_consolidation,0,baseline
69,Over 50,82543.94,15.0,10.6,0.311,12121.97,education,0,baseline
52,Over 50,45123.08,12.7,11.3,0.442,13121.52,auto,0,baseline
35,30-50,27665.4,3.4,8.8,0.193,6713.61,auto,0,baseline
58,Over 50,30115.1,11.7,11.9,0.155,7981.88,debt_consolidation,0,baseline
40,30-50,58546.1,5.1,3.8,0.123,18715.18,auto,0,baseline
47,30-50,112403.73,12.5,12.2,0.498,3856.72,debt_consolidation,0,baseline
27,Under 30,58523.07,1.3,5.0,0.223,11147.62,education,0,baseline
26,Under 30,41187.77,5.9,1.6,0.196,10561.55,debt_consolidation,0,baseline
49,30-50,69201.84,15.2,14.5,0.331,6986.1,debt_consolidation,0,baseline
30,30-50,44012.35,0.9,2.0,0.123,8028.69,auto,0,baseline
69,Over 50,41347.68,8.0,5.1,0.5,9997.7,debt_consolidation,0,baseline
62,Over 50,31846.84,17.5,16.2,0.206,6993.41,debt_consolidation,0,baseline
55,Over 50,92392.58,10.9,10.4,0.388,5891.1,debt_consolidation,0,baseline
57,Over 50,15636.39,10.0,10.0,0.191,5673.39,education,0,baseline
50,30-50,70195.3,8.4,8.0,0.335,20559.61,home_improvement,0,baseline
23,Under 30,39787.77,0.0,0.0,0.246,6501.92,home_improvement,0,baseline
40,30-50,40755.52,10.5,7.5,0.249,8961.35,debt_consolidation,0,baseline
45,30-50,104981.75,8.9,7.7,0.339,11999.57,auto,0,baseline
65,Over 50,35548.07,19.3,19.1,0.195,7289.95,auto,0,baseline
31,30-50,36097.14,5.0,6.5,0.245,8249.39,debt_consolidation,0,baseline
45,30-50,46227.15,7.5,7.8,0.327,10418.86,debt_consolidation,0,baseline
37,30-50,59055.4,4.4,3.5,0.17,5303.03,auto,0,baseline
27,Under 30,40181.62,3.8,4.3,0.381,3758.49,debt_consolidation,0,baseline
26,Under 30,24143.33,4.2,6.8,0.262,5623.43,small_business,0,baseline
38,30-50,33204.34,8.9,10.2,0.139,19230.13,debt_consolidation,0,baseline
25,Under 30,87255.88,0.6,1.5,0.253,6077.94,debt_consolidation,0,baseline
24,Under 30,50698.4,1.6,0.0,0.13,8650.09,debt_consolidation,0,baseline
38,30-50,60053.39,7.7,6.8,0.23,4175.94,auto,0,baseline
30,30-50,43580.3,2.0,2.6,0.249,15852.33,debt_consolidation,0,baseline
48,30-50,36432.85,6.0,5.0,0.032,6970.61,debt_consolidation,0,baseline
21,Under 30,104287.44,0.0,1.2,0.272,6454.47,debt_consolidation,0,baseline
35,30-50,45040.33,4.2,7.0,0.166,7580.12,debt_consolidation,0,baseline
43,30-50,40154.25,9.7,9.7,0.157,28467.51,debt_consolidation,0,baseline
68,Over 50,80279.06,20.2,20.2,0.285,10104.78,home_improvement,0,baseline
52,Over 50,35416.67,6.8,4.4,0.104,7492.09,auto,0,baseline
64,Over 50,37510.37,13.3,12.0,0.151,1917.14,debt_consolidation,0,baseline
37,30-50,49247.36,4.5,1.7,0.473,15938.58,home_improvement,0,baseline
43,30-50,49026.76,10.1,9.2,0.084,5724.75,small_business,0,baseline
41,30-50,55095.6,5.4,4.2,0.217,5290.53,auto,0,baseline
64,Over 50,125649.44,13.8,15.6,0.154,5532.4,small_business,0,baseline
68,Over 50,57028.8,12.2,12.6,0.272,16856.84,debt_consolidation,0,baseline
68,Over 50,16812.46,17.9,18.3,0.141,7934.05,home_improvement,0,baseline
57,Over 50,56774.04,12.1,10.8,0.178,3785.64,debt_consolidation,0,baseline
45,30-50,49863.57,6.4,5.1,0.15,7316.83,small_business,0,baseline
47,30-50,49988.71,8.3,6.6,0.422,5346.68,small_business,0,baseline
69,Over 50,54757.86,20.2,18.7,0.278,9698.93,auto,0,baseline
34,30-50,48392.24,1.5,6.8,0.118,6679.45,debt_consolidation,0,baseline
37,30-50,47873.84,3.1,5.3,0.072,3697.28,home_improvement,0,baseline
64,Over 50,64593.55,18.8,16.3,0.127,7775.68,education,0,baseline
39,30-50,38409.64,6.5,6.8,0.472,7876.21,auto,0,baseline
32,30-50,32001.6,5.9,6.6,0.107,4329.7,education,1,baseline
48,30-50,191128.58,10.7,14.6,0.221,3041.07,auto,0,baseline
36,30-50,35520.46,5.1,8.6,0.234,9332.96,debt_consolidation,0,baseline
64,Over 50,51280.42,14.0,13.7,0.244,7042.22,education,0,baseline
65,Over 50,25008.05,17.9,16.5,0.042,7276.53,debt_consolidation,0,baseline
35,30-50,51658.54,8.4,9.3,0.056,11765.37,education,0,baseline
46,30-50,32210.52,12.0,12.6,0.243,3073.77,debt_consolidation,0,baseline
69,Over 50,40170.46,13.2,11.8,0.204,8351.12,auto,0,baseline
57,Over 50,78454.89,16.5,13.5,0.191,11285.67,debt_consolidation,0,baseline
31,30-50,60621.46,2.4,6.0,0.1,7395.86,debt_consolidation,0,baseline
49,30-50,63309.1,7.5,8.1,0.343,3991.51,education,0,baseline
51,Over 50,22091.71,10.0,11.9,0.067,5823.08,auto,0,baseline
53,Over 50,112039.06,13.7,16.2,0.018,6465.71,small_business,0,baseline
22,Under 30,28671.34,2.0,4.6,0.22,3679.42,auto,1,baseline
35,30-50,97523.86,4.1,6.0,0.213,9756.48,debt_consolidation,0,baseline
62,Over 50,77628.88,16.9,21.9,0.396,8116.07,debt_consolidation,0,baseline
32,30-50,63563.82,4.3,5.8,0.194,5875.43,home_improvement,1,baseline
35,30-50,33364.8,3.2,2.4,0.308,13263.38,debt_consolidation,0,baseline
36,30-50,52481.47,3.1,3.9,0.204,6241.7,home_improvement,0,baseline
29,Under 30,39659.48,4.0,8.3,0.376,16982.73,debt_consolidation,0,baseline
28,Under 30,49665.6,2.2,1.2,0.098,7083.59,small_business,0,baseline
38,30-50,43807.38,1.8,2.0,0.403,5027.76,debt_consolidation,0,baseline
63,Over 50,19587.08,17.2,18.0,0.14,5104.22,auto,0,baseline
21,Under 30,81210.75,0.0,1.5,0.054,8480.63,auto,0,baseline
34,30-50,47263.89,9.3,9.2,0.22,4744.58,auto,0,baseline
23,Under 30,39412.56,0.0,4.1,0.316,8709.77,auto,0,baseline
48,30-50,38095.55,8.9,7.7,0.11,6632.52,small_business,0,baseline
33,30-50,57601.67,2.1,0.7,0.218,6556.91,auto,0,baseline
59,Over 50,32787.73,10.4,7.5,0.053,7936.16,debt_consolidation,0,baseline
49,30-50,17768.3,8.3,9.8,0.242,13391.05,debt_consolidation,1,baseline
59,Over 50,58877.15,18.6,17.4,0.051,6176.48,education,0,baseline
52,Over 50,61919.87,11.3,9.6,0.022,8884.51,home_improvement,0,baseline
42,30-50,44809.06,5.0,3.7,0.06,10118.79,auto,0,baseline
63,Over 50,29244.41,9.2,8.8,0.047,4425.23,home_improvement,0,baseline
44,30-50,51022.45,2.9,6.5,0.295,10523.66,auto,0,baseline
67,Over 50,25360.81,14.5,11.9,0.263,12181.7,home_improvement,0,baseline
69,Over 50,30876.36,14.9,12.6,0.048,13135.47,home_improvement,0,baseline
49,30-50,34967.91,9.1,6.9,0.389,4654.66,small_business,0,baseline
54,Over 50,71666.06,4.7,5.1,0.113,4820.19,home_improvement,0,baseline
33,30-50,41640.36,3.9,5.8,0.065,7885.85,debt_consolidation,0,baseline
60,Over 50,40073.08,16.7,19.6,0.562,7664.67,home_improvement,0,baseline
53,Over 50,118138.34,16.1,15.3,0.072,8181.71,debt_consolidation,0,baseline
65,Over 50,57446.43,9.7,9.7,0.194,6779.75,debt_consolidation,0,baseline
34,30-50,57099.32,2.1,5.4,0.184,8892.07,auto,0,baseline
59,Over 50,41507.72,10.7,12.0,0.314,2259.64,debt_consolidation,0,baseline
44,30-50,37482.62,8.5,7.6,0.192,11260.32,home_improvement,0,baseline
30,30-50,18326.75,0.0,6.6,0.15,16914.78,auto,1,baseline
29,Under 30,75806.04,7.8,8.2,0.593,6145.5,debt_consolidation,0,baseline
48,30-50,59978.38,9.6,10.1,0.081,8965.85,debt_consolidation,0,baseline
36,30-50,45223.64,4.9,7.0,0.206,18776.0,auto,0,baseline
25,Under 30,46085.24,6.2,7.6,0.39,8239.8,small_business,0,baseline
41,30-50,68272.68,7.0,10.6,0.307,9440.02,debt_consolidation,0,baseline
52,Over 50,24352.27,12.1,10.5,0.068,20350.3,debt_consolidation,0,baseline
36,30-50,37592.26,3.0,6.0,0.278,22431.33,small_business,0,baseline
67,Over 50,29397.46,12.0,11.9,0.362,4767.69,education,0,baseline
59,Over 50,108790.49,11.5,13.1,0.158,6596.23,small_business,0,baseline
46,30-50,72696.24,15.3,13.8,0.071,12667.5,debt_consolidation,0,baseline
66,Over 50,18192.93,17.6,15.4,0.335,10389.57,small_business,0,baseline
42,30-50,24805.17,8.2,10.0,0.092,11533.61,education,0,baseline
27,Under 30,46186.57,0.0,2.7,0.37,2184.67,debt_consolidation,0,baseline
22,Under 30,39632.39,3.1,2.8,0.459,3050.5,auto,0,baseline
66,Over 50,27011.77,11.7,14.0,0.105,19773.69,debt_consolidation,0,baseline
68,Over 50,117611.61,11.7,12.9,0.037,11931.5,home_improvement,0,baseline
57,Over 50,56423.61,10.9,10.6,0.433,9670.36,auto,0,baseline
26,Under 30,60698.08,7.6,7.2,0.026,4354.02,debt_consolidation,0,baseline
35,30-50,35903.62,10.6,11.2,0.178,6584.71,small_business,0,baseline
23,Under 30,67847.88,0.0,3.3,0.017,10773.3,small_business,0,baseline
23,Under 30,41307.74,0.0,0.0,0.106,4058.05,education,0,baseline
33,30-50,43152.5,0.0,2.8,0.059,5695.17,debt_consolidation,0,baseline
49,30-50,64534.22,10.0,11.3,0.502,9776.14,auto,0,baseline
24,Under 30,23551.65,1.5,0.0,0.154,10882.06,education,0,baseline
69,Over 50,100575.36,19.2,17.7,0.176,6238.38,debt_consolidation,0,baseline
43,30-50,53213.91,10.4,11.7,0.229,13241.8,auto,0,baseline
33,30-50,87240.58,3.6,6.0,0.53,13028.42,debt_consolidation,0,baseline
46,30-50,30214.01,10.4,11.9,0.013,3306.43,auto,0,baseline
59,Over 50,32356.68,11.2,10.3,0.261,18379.35,auto,0,baseline
36,30-50,29060.78,6.9,5.4,0.264,14518.92,education,1,baseline
23,Under 30,54865.17,0.0,0.0,0.35,8984.75,home_improvement,0,baseline
23,Under 30,50498.18,2.1,5.8,0.258,7565.47,education,0,baseline
62,Over 50,39775.83,15.5,15.8,0.062,12024.14,debt_consolidation,0,baseline
26,Under 30,31059.78,2.0,5.9,0.311,10581.47,auto,0,baseline
52,Over 50,27723.39,13.2,11.1,0.144,7074.3,education,0,baseline
39,30-50,47962.86,1.6,4.9,0.021,18090.38,auto,0,baseline
59,Over 50,39754.8,10.1,7.1,0.192,2828.92,education,0,baseline
23,Under 30,36007.3,0.0,0.3,0.414,5811.27,auto,1,baseline
64,Over 50,98340.41,10.7,10.8,0.107,10136.41,auto,0,baseline
55,Over 50,47237.98,10.7,11.9,0.485,7894.71,small_business,0,baseline
43,30-50,86813.67,6.6,10.6,0.527,11496.47,debt_consolidation,0,baseline
31,30-50,38562.54,7.4,7.5,0.435,4034.67,auto,0,baseline
68,Over 50,54729.02,16.9,13.8,0.372,7135.08,auto,0,baseline
35,30-50,47812.18,8.0,6.6,0.548,14402.89,education,1,baseline
45,30-50,22835.46,9.3,8.1,0.473,3839.69,home_improvement,0,baseline
40,30-50,93223.23,5.0,10.5,0.221,7185.11,home_improvement,0,baseline
32,30-50,46128.25,4.3,6.9,0.589,6214.19,debt_consolidation,0,baseline
41,30-50,68589.05,9.2,11.6,0.48,9717.48,small_business,1,baseline
28,Under 30,34946.97,6.0,6.3,0.654,9863.01,home_improvement,0,baseline
21,Under 30,45516.04,0.0,2.0,0.235,8506.19,auto,0,baseline
35,30-50,33187.1,0.0,3.4,0.364,7009.86,debt_consolidation,0,baseline
26,Under 30,85493.82,0.0,1.0,0.211,8363.51,auto,0,baseline
41,30-50,56394.91,6.0,6.2,0.146,7462.72,debt_consolidation,0,baseline
63,Over 50,57824.86,7.7,6.8,0.282,7972.62,auto,0,baseline
28,Under 30,90326.2,7.8,7.4,0.204,16789.07,auto,0,baseline
21,Under 30,82483.5,1.8,3.5,0.033,4442.05,auto,0,baseline
26,Under 30,69175.65,0.0,0.4,0.243,9612.58,debt_consolidation,0,baseline
45,30-50,25854.05,5.1,6.6,0.108,5059.1,education,0,baseline
34,30-50,35844.46,7.6,8.7,0.249,21536.32,auto,0,baseline
44,30-50,31202.4,4.7,5.4,0.278,8472.15,debt_consolidation,0,baseline
22,Under 30,68008.65,0.0,0.3,0.256,4298.68,debt_consolidation,0,baseline
37,30-50,52933.59,3.3,4.9,0.12,7215.91,education,0,baseline
41,30-50,26219.78,7.3,6.9,0.192,3907.06,small_business,0,baseline
42,30-50,45029.14,9.2,9.5,0.488,5903.99,education,0,baseline
48,30-50,25025.47,13.0,14.6,0.213,11024.51,education,0,baseline
59,Over 50,47862.12,16.4,12.6,0.318,16004.4,home_improvement,0,baseline
43,30-50,23273.77,7.7,12.5,0.096,13909.72,home_improvement,0,baseline
62,Over 50,62191.42,17.4,15.8,0.202,7689.12,education,0,baseline
46,30-50,58109.43,6.7,8.2,0.016,10775.47,home_improvement,0,baseline
33,30-50,115679.28,0.0,0.5,0.49,12139.9,auto,0,baseline
32,30-50,71793.05,1.8,5.8,0.257,24955.85,auto,0,baseline
36,30-50,40525.58,2.8,4.0,0.585,5990.99,debt_consolidation,1,baseline
50,30-50,70836.63,8.3,7.8,0.352,17234.97,debt_consolidation,0,baseline
32,30-50,26135.54,1.0,1.6,0.09,4693.72,debt_consolidation,0,baseline
65,Over 50,31789.37,14.0,12.7,0.541,14617.41,debt_consolidation,0,baseline
44,30-50,56949.16,9.9,10.8,0.049,5941.24,home_improvement,0,baseline
63,Over 50,18560.44,19.8,18.2,0.291,5756.78,debt_consolidation,0,baseline
54,Over 50,48207.87,6.4,7.0,0.277,7028.12,debt_consolidation,0,baseline
37,30-50,30973.32,1.7,2.0,0.225,5497.25,debt_consolidation,1,baseline
32,30-50,51307.29,1.5,1.6,0.104,10026.91,auto,0,baseline
57,Over 50,30182.53,14.9,13.0,0.659,14962.03,education,1,baseline
37,30-50,59332.45,5.0,6.9,0.492,2819.23,home_improvement,0,baseline
33,30-50,49449.01,2.0,4.9,0.358,7425.67,auto,1,baseline
66,Over 50,92057.13,17.9,17.9,0.478,4706.59,auto,0,baseline
44,30-50,49169.59,10.9,10.7,0.191,12740.5,auto,0,baseline
23,Under 30,34686.67,0.6,3.3,0.21,16484.92,small_business,0,baseline
45,30-50,43866.29,6.0,6.4,0.134,7425.53,auto,0,baseline
43,30-50,26771.51,8.5,5.3,0.51,5700.72,home_improvement,1,baseline
63,Over 50,58850.86,14.0,12.8,0.401,3613.38,education,0,baseline
55,Over 50,63922.88,11.2,10.2,0.637,21469.64,auto,0,baseline
30,30-50,148916.08,1.6,1.2,0.284,15669.4,home_improvement,0,baseline
28,Under 30,37055.56,5.2,5.0,0.203,3013.16,auto,0,baseline
50,30-50,43455.49,10.9,11.0,0.139,11245.65,debt_consolidation,0,baseline
23,Under 30,37831.93,3.8,2.8,0.472,4646.79,auto,0,baseline
36,30-50,53930.48,9.3,8.0,0.054,6283.84,education,0,baseline
27,Under 30,58206.99,3.5,7.9,0.482,4340.58,auto,0,baseline
22,Under 30,47857.41,0.0,0.0,0.184,2979.77,debt_consolidation,0,baseline
66,Over 50,79925.21,18.9,16.7,0.273,7920.48,home_improvement,0,baseline
25,Under 30,37136.63,2.8,1.9,0.199,20904.22,education,0,baseline
21,Under 30,76403.08,7.8,6.7,0.262,5099.93,home_improvement,0,baseline
66,Over 50,62462.65,16.7,14.9,0.424,12653.12,small_business,0,baseline
30,30-50,48756.15,5.2,4.2,0.017,13686.25,debt_consolidation,0,baseline
61,Over 50,42543.34,14.9,15.0,0.227,11624.56,auto,0,baseline
22,Under 30,146093.26,0.1,4.7,0.085,21987.48,debt_consolidation,0,baseline
28,Under 30,33939.88,1.7,5.0,0.091,13063.84,auto,0,baseline
26,Under 30,56053.95,2.6,6.2,0.334,19976.81,small_business,0,baseline
55,Over 50,34975.44,13.5,10.0,0.196,4566.34,auto,0,baseline
51,Over 50,109483.52,14.0,12.7,0.049,11762.58,home_improvement,0,baseline
44,30-50,73062.6,9.0,10.1,0.082,17247.97,education,0,baseline
32,30-50,36125.08,2.5,5.7,0.23,5508.23,home_improvement,0,baseline
25,Under 30,61738.79,0.4,5.8,0.055,1417.88,auto,0,baseline
48,30-50,55048.12,5.5,8.5,0.388,4299.84,debt_consolidation,0,baseline
32,30-50,38852.16,8.8,10.9,0.622,5639.86,home_improvement,0,baseline
49,30-50,68952.55,8.2,13.8,0.1,10727.77,auto,0,baseline
54,Over 50,58406.79,14.5,13.8,0.12,6104.51,home_improvement,0,baseline
62,Over 50,54017.56,15.2,13.6,0.209,8115.74,debt_consolidation,0,baseline
45,30-50,48104.75,9.3,9.8,0.08,5989.92,debt_consolidation,0,baseline
21,Under 30,59514.46,0.0,0.2,0.082,7598.67,debt_consolidation,0,baseline
34,30-50,54351.33,2.2,3.9,0.065,7839.17,education,0,baseline
62,Over 50,50341.85,11.4,7.7,0.099,5906.52,small_business,0,baseline
47,30-50,36737.12,14.3,12.4,0.384,12217.53,auto,0,baseline
51,Over 50,105050.33,10.8,10.4,0.288,16157.79,education,0,baseline
43,30-50,30555.84,11.1,12.8,0.396,4562.22,debt_consolidation,0,baseline
28,Under 30,59422.98,6.6,9.5,0.223,9033.16,education,0,baseline
64,Over 50,42441.91,13.8,11.1,0.218,3964.9,debt_consolidation,0,baseline
58,Over 50,108206.45,14.2,17.5,0.188,3373.27,debt_consolidation,0,baseline
69,Over 50,32644.54,16.9,15.8,0.216,13606.07,debt_consolidation,0,baseline
62,Over 50,35211.62,10.9,11.2,0.22,22108.18,home_improvement,0,baseline
35,30-50,31684.47,4.3,2.2,0.392,6876.17,auto,0,baseline
33,30-50,56701.69,6.0,5.5,0.141,20264.96,debt_consolidation,0,baseline
33,30-50,26426.62,2.7,6.3,0.194,5859.97,debt_consolidation,0,baseline
66,Over 50,39523.95,14.8,14.2,0.192,7206.64,auto,0,baseline
48,30-50,18609.65,8.9,9.4,0.361,18654.97,education,1,baseline
43,30-50,54621.87,14.0,13.7,0.439,5134.14,debt_consolidation,0,baseline
68,Over 50,39140.12,10.9,7.9,0.236,12814.59,debt_consolidation,0,baseline
50,30-50,25093.76,11.7,11.1,0.447,6808.05,auto,0,baseline
65,Over 50,79899.45,14.6,16.5,0.304,5651.34,auto,0,baseline
69,Over 50,27215.72,14.9,16.1,0.104,6282.97,home_improvement,0,baseline
24,Under 30,70166.39,0.2,1.9,0.185,2740.38,home_improvement,0,baseline
38,30-50,35758.08,8.0,11.5,0.334,15222.73,home_improvement,0,baseline
56,Over 50,100781.2,14.4,11.0,0.081,9073.83,home_improvement,0,baseline
60,Over 50,68685.8,14.2,11.4,0.266,7525.11,education,0,baseline
28,Under 30,31144.05,5.7,10.3,0.228,5730.33,education,0,baseline
36,30-50,32445.36,9.1,10.4,0.401,9470.04,auto,0,baseline
47,30-50,64375.37,11.5,10.7,0.076,12603.44,debt_consolidation,0,baseline
60,Over 50,43561.54,12.0,11.5,0.107,7063.72,small_business,0,baseline
26,Under 30,45424.0,3.2,3.0,0.259,13118.71,debt_consolidation,0,baseline
50,30-50,86899.49,11.6,11.9,0.424,9297.96,small_business,0,baseline
35,30-50,34999.53,2.5,4.4,0.28,7733.45,auto,0,baseline
31,30-50,51076.62,0.0,2.0,0.415,12786.96,auto,1,baseline
46,30-50,75326.14,2.7,1.8,0.421,6285.76,home_improvement,0,baseline
41,30-50,70551.83,7.2,8.3,0.615,4333.95,home_improvement,0,baseline
52,Over 50,45623.32,11.7,10.3,0.112,7890.82,debt_consolidation,0,baseline
36,30-50,43044.61,1.7,1.4,0.325,8247.29,debt_consolidation,0,baseline
61,Over 50,22416.06,17.1,18.2,0.329,7250.6,debt_consolidation,0,baseline
24,Under 30,30475.85,1.5,7.5,0.201,14690.37,debt_consolidation,0,baseline
63,Over 50,56571.56,18.7,20.9,0.107,10407.13,home_improvement,0,baseline
22,Under 30,46071.65,1.5,4.5,0.533,7650.06,education,0,baseline
57,Over 50,50701.83,9.4,9.0,0.083,8080.79,debt_consolidation,0,baseline
37,30-50,78250.0,7.0,7.4,0.316,8436.43,auto,0,baseline
39,30-50,28730.21,8.3,9.5,0.089,10540.99,debt_consolidation,0,baseline
21,Under 30,44078.12,0.0,1.2,0.109,8318.75,auto,0,baseline
55,Over 50,53365.51,7.6,10.7,0.221,7500.83,auto,0,baseline
29,Under 30,35707.93,3.1,0.4,0.411,4158.45,auto,0,baseline
53,Over 50,93355.0,8.2,8.0,0.394,5682.25,debt_consolidation,0,baseline
56,Over 50,73781.56,15.6,16.1,0.032,9306.8,debt_consolidation,0,baseline
62,Over 50,55857.55,13.1,10.8,0.451,8901.74,debt_consolidation,0,baseline
55,Over 50,109908.59,17.1,15.2,0.38,3855.8,small_business,0,baseline
35,30-50,24971.67,0.0,3.2,0.162,6118.31,debt_consolidation,0,baseline
57,Over 50,48850.66,13.0,15.4,0.214,5090.46,auto,0,baseline
61,Over 50,57806.22,18.3,14.0,0.146,16031.6,debt_consolidation,0,baseline
36,30-50,32482.29,2.6,1.3,0.397,9187.2,home_improvement,0,baseline
27,Under 30,56124.15,1.6,1.4,0.129,10048.45,home_improvement,0,baseline
64,Over 50,29793.27,13.8,10.0,0.264,7837.22,debt_consolidation,0,baseline
28,Under 30,66886.39,0.4,0.0,0.33,5924.41,home_improvement,0,baseline
50,30-50,78907.03,10.9,8.8,0.404,6485.21,debt_consolidation,0,baseline
32,30-50,55411.92,0.0,4.5,0.264,10366.78,debt_consolidation,0,baseline
27,Under 30,21295.29,1.8,2.8,0.654,7114.93,home_improvement,1,baseline
59,Over 50,31727.62,14.8,13.9,0.308,10420.63,education,0,baseline
28,Under 30,63203.79,1.8,1.5,0.208,8703.55,debt_consolidation,1,baseline
53,Over 50,49490.67,8.2,9.8,0.158,9393.5,debt_consolidation,0,baseline
54,Over 50,14584.27,14.6,17.5,0.203,9636.17,debt_consolidation,0,baseline
23,Under 30,85757.06,2.9,2.5,0.396,6228.7,education,0,baseline
29,Under 30,52129.98,0.0,5.4,0.093,6936.41,debt_consolidation,0,baseline
59,Over 50,33908.34,9.4,10.3,0.154,12764.5,education,0,baseline
45,30-50,76705.6,5.5,6.5,0.385,20194.8,debt_consolidation,0,baseline
26,Under 30,36138.24,3.4,5.5,0.157,12823.01,debt_consolidation,0,baseline
69,Over 50,35961.22,17.6,16.9,0.208,2009.29,home_improvement,1,baseline
33,30-50,57598.9,6.6,11.0,0.131,5546.94,home_improvement,0,baseline
21,Under 30,109258.0,0.0,3.0,0.228,8581.45,home_improvement,0,baseline
66,Over 50,101784.61,13.0,13.5,0.484,4679.24,home_improvement,0,baseline
21,Under 30,57634.13,2.8,3.4,0.472,4570.86,small_business,0,baseline
48,30-50,60359.5,7.8,9.9,0.081,6572.45,auto,0,baseline
69,Over 50,69994.68,17.4,14.0,0.337,9630.22,education,0,baseline
49,30-50,27843.57,5.2,6.3,0.323,11034.35,education,0,baseline
49,30-50,65504.02,8.1,14.2,0.06,6743.45,home_improvement,0,baseline
40,30-50,35230.48,9.7,4.7,0.08,6489.48,education,0,baseline
27,Under 30,56574.58,0.0,2.5,0.369,5314.31,home_improvement,0,baseline
49,30-50,44251.28,12.2,12.3,0.041,10441.55,auto,0,baseline
64,Over 50,61423.25,8.1,8.0,0.162,10096.51,auto,0,baseline
25,Under 30,51696.56,0.0,1.6,0.252,12753.01,auto,0,baseline
64,Over 50,12297.32,14.5,13.8,0.033,8646.21,home_improvement,0,baseline
41,30-50,53130.23,12.2,11.3,0.192,4206.55,debt_consolidation,0,baseline
47,30-50,65445.23,5.6,6.9,0.221,6805.97,small_business,0,baseline
29,Under 30,59914.14,4.8,4.9,0.25,12437.36,debt_consolidation,0,baseline
51,Over 50,46809.26,13.7,17.0,0.146,3402.48,debt_consolidation,0,baseline
29,Under 30,102638.95,0.6,2.0,0.123,7766.59,debt_consolidation,0,baseline
34,30-50,56393.99,3.4,5.9,0.334,9344.8,auto,0,baseline
56,Over 50,59691.98,12.7,10.8,0.299,22067.11,debt_consolidation,0,baseline
23,Under 30,78434.67,0.0,3.9,0.177,5999.57,education,0,baseline
42,30-50,57708.91,6.0,8.3,0.038,7624.8,auto,0,baseline
50,30-50,32724.92,14.0,14.0,0.112,18841.19,education,0,baseline
27,Under 30,16362.51,3.7,2.9,0.362,6038.06,debt_consolidation,0,baseline
35,30-50,39549.0,4.4,4.0,0.228,13868.19,home_improvement,0,baseline
37,30-50,69038.91,5.9,10.1,0.13,9860.88,auto,0,baseline
53,Over 50,41819.02,12.9,10.8,0.364,7255.35,debt_consolidation,0,baseline
68,Over 50,70300.22,18.8,18.3,0.295,10155.88,home_improvement,0,baseline
61,Over 50,52413.93,12.3,10.0,0.218,7526.94,education,0,baseline
30,30-50,87520.62,7.8,10.2,0.057,25056.96,auto,0,baseline
21,Under 30,42922.54,3.9,3.8,0.212,2884.83,small_business,0,baseline
23,Under 30,60501.7,2.7,2.3,0.138,7035.8,auto,0,baseline
50,30-50,61552.66,7.6,6.7,0.351,7139.67,debt_consolidation,0,baseline
28,Under 30,96347.9,0.0,0.9,0.244,7577.99,education,0,baseline
32,30-50,22743.01,2.9,5.1,0.324,13907.9,small_business,1,baseline
62,Over 50,39883.43,14.5,13.8,0.748,6480.04,home_improvement,0,baseline
63,Over 50,71813.82,9.4,7.3,0.214,10363.24,debt_consolidation,0,baseline
62,Over 50,98287.63,15.8,14.6,0.126,9097.3,debt_consolidation,0,baseline
33,30-50,54613.27,8.1,6.2,0.169,12323.19,education,0,baseline
51,Over 50,42971.1,12.2,13.1,0.545,7565.92,debt_consolidation,0,baseline
50,30-50,68920.11,8.1,10.2,0.207,9519.56,debt_consolidation,0,baseline
30,30-50,72469.15,0.8,2.6,0.178,7618.08,home_improvement,0,baseline
48,30-50,41695.66,10.3,10.8,0.277,4949.16,education,0,baseline
46,30-50,56876.54,8.3,12.1,0.088,18025.06,home_improvement,0,baseline
40,30-50,83386.13,8.0,8.1,0.135,5535.34,home_improvement,0,baseline
57,Over 50,114772.43,14.4,11.6,0.17,6378.93,auto,0,baseline
54,Over 50,68471.46,14.8,15.0,0.336,5279.51,education,0,baseline
47,30-50,50004.21,5.7,4.3,0.231,9907.14,debt_consolidation,0,baseline
56,Over 50,47842.33,12.9,11.9,0.11,6379.98,debt_consolidation,0,baseline
58,Over 50,62996.12,11.9,10.3,0.753,17285.46,debt_consolidation,0,baseline
48,30-50,46534.41,9.2,7.9,0.281,10582.69,debt_consolidation,1,baseline
34,30-50,53387.84,7.1,7.2,0.222,7055.6,debt_consolidation,0,baseline
58,Over 50,30453.48,15.9,16.5,0.422,5141.63,home_improvement,0,baseline
56,Over 50,87875.45,16.4,17.4,0.167,7666.74,debt_consolidation,0,baseline
69,Over 50,29346.16,18.1,18.3,0.263,10509.29,education,0,baseline
28,Under 30,40358.19,2.1,4.4,0.092,7919.3,debt_consolidation,0,baseline
41,30-50,51221.62,6.2,6.5,0.184,7553.93,small_business,0,baseline
66,Over 50,120083.68,10.5,5.7,0.164,4864.72,debt_consolidation,0,baseline
46,30-50,40529.79,12.8,13.0,0.303,24873.88,debt_consolidation,0,baseline
67,Over 50,36326.14,15.1,9.5,0.328,7327.9,education,0,baseline
21,Under 30,38258.93,1.5,0.0,0.307,4075.47,education,0,baseline
22,Under 30,103414.84,2.4,3.6,0.127,4733.77,debt_consolidation,0,baseline
60,Over 50,13827.9,9.9,10.5,0.09,6822.28,education,0,baseline
38,30-50,31218.55,3.2,3.6,0.217,21426.59,education,0,baseline
46,30-50,167557.18,13.4,15.8,0.106,7441.28,home_improvement,0,baseline
41,30-50,63952.57,7.9,9.2,0.074,6718.36,auto,0,baseline
40,30-50,29801.28,4.9,5.4,0.223,12361.55,home_improvement,0,baseline
67,Over 50,48104.78,15.7,17.3,0.324,12821.03,debt_consolidation,1,baseline
25,Under 30,50531.62,4.7,8.9,0.091,11265.99,debt_consolidation,0,baseline
58,Over 50,71736.6,15.8,15.6,0.108,8954.74,debt_consolidation,0,baseline
64,Over 50,112170.57,10.7,9.0,0.164,4664.95,home_improvement,0,baseline
53,Over 50,58386.98,16.1,13.8,0.185,5566.33,debt_consolidation,0,baseline
40,30-50,38449.28,9.5,6.7,0.186,3657.5,debt_consolidation,0,baseline
28,Under 30,69855.77,2.0,3.5,0.357,7244.65,debt_consolidation,0,baseline
54,Over 50,35802.98,8.0,6.3,0.058,6552.95,auto,0,baseline
43,30-50,30791.63,10.9,10.0,0.106,6221.56,auto,0,baseline
28,Under 30,22204.29,3.9,5.6,0.086,9317.33,education,0,baseline
38,30-50,24238.37,1.6,0.0,0.442,5833.69,small_business,0,baseline
68,Over 50,32748.08,15.8,12.1,0.081,6834.7,small_business,0,baseline
34,30-50,28853.73,13.9,12.1,0.275,6353.96,debt_consolidation,0,baseline
29,Under 30,56441.3,2.8,4.2,0.216,7975.07,home_improvement,0,baseline
54,Over 50,28574.48,9.3,8.5,0.052,9723.67,auto,0,baseline
30,30-50,11912.58,0.1,1.6,0.053,4137.03,debt_consolidation,0,baseline
66,Over 50,30645.46,21.1,17.4,0.059,10164.0,debt_consolidation,0,baseline
63,Over 50,39642.74,17.2,12.9,0.306,9247.66,education,0,baseline
69,Over 50,37329.82,21.0,17.7,0.18,9989.73,home_improvement,0,baseline
65,Over 50,97128.11,16.1,14.5,0.137,8661.26,home_improvement,0,baseline
32,30-50,37194.12,7.6,7.5,0.081,9708.74,auto,0,baseline
31,30-50,72868.78,1.0,3.0,0.65,6582.48,education,0,baseline
37,30-50,48603.84,6.1,7.7,0.556,10114.08,education,0,baseline
44,30-50,48096.41,8.9,10.5,0.14,14361.17,education,0,baseline
64,Over 50,33660.45,19.2,16.1,0.463,6325.28,debt_consolidation,0,baseline
56,Over 50,47741.09,13.2,9.4,0.375,6441.09,auto,0,baseline
52,Over 50,34742.07,9.0,11.7,0.047,11106.13,debt_consolidation,0,baseline
64,Over 50,52918.64,15.2,15.0,0.393,6142.56,small_business,0,baseline
52,Over 50,44076.75,5.8,4.7,0.086,5655.48,debt_consolidation,0,baseline
39,30-50,32045.67,0.0,2.6,0.22,10007.46,home_improvement,0,baseline
41,30-50,76600.01,9.5,11.7,0.105,6533.95,small_business,0,baseline
46,30-50,59401.71,7.6,11.6,0.116,14926.2,auto,0,baseline
25,Under 30,40069.54,0.6,3.0,0.242,6418.21,debt_consolidation,0,baseline
57,Over 50,52337.68,15.1,16.2,0.239,5379.99,debt_consolidation,0,baseline
52,Over 50,47206.17,15.0,11.6,0.27,8083.72,home_improvement,0,baseline
56,Over 50,33176.07,13.9,13.0,0.433,10074.02,auto,0,baseline
47,30-50,50600.83,14.9,13.2,0.184,9510.56,auto,0,baseline
59,Over 50,37069.31,14.8,14.5,0.353,10608.98,debt_consolidation,0,baseline
67,Over 50,32041.26,17.0,18.8,0.042,6145.17,auto,0,baseline
48,30-50,23617.77,10.2,10.6,0.416,14296.17,home_improvement,1,baseline
42,30-50,41715.44,3.5,2.9,0.542,3541.57,small_business,0,baseline
26,Under 30,63268.12,4.6,3.2,0.417,5483.9,auto,0,baseline
59,Over 50,35860.92,6.0,10.1,0.566,8260.03,small_business,0,baseline
65,Over 50,152408.38,13.6,13.9,0.305,5718.38,debt_consolidation,0,baseline
55,Over 50,73025.1,12.0,12.5,0.15,6940.65,small_business,0,baseline
63,Over 50,88163.52,12.3,11.2,0.42,4960.05,education,0,baseline
63,Over 50,70112.71,13.3,13.2,0.039,7302.13,home_improvement,0,baseline
60,Over 50,112847.12,19.2,15.4,0.144,10214.25,small_business,0,baseline
45,30-50,34401.28,11.7,12.1,0.083,6199.51,auto,0,baseline
25,Under 30,15485.64,0.0,0.0,0.118,5221.38,small_business,0,baseline
21,Under 30,40104.49,0.0,1.3,0.339,6435.22,education,0,baseline
31,30-50,63019.43,0.0,0.7,0.17,14071.88,small_business,0,baseline
42,30-50,52479.75,9.5,3.1,0.208,14013.64,debt_consolidation,0,baseline
57,Over 50,55490.25,11.9,10.8,0.206,6380.14,debt_consolidation,0,baseline
43,30-50,88823.76,1.8,1.6,0.08,10447.77,home_improvement,0,baseline
22,Under 30,58216.61,0.7,2.1,0.313,8029.14,auto,1,baseline
31,30-50,70228.59,4.8,5.9,0.182,15398.48,debt_consolidation,0,baseline
68,Over 50,32118.8,19.3,21.0,0.415,8917.61,home_improvement,0,baseline
69,Over 50,29943.66,16.6,15.9,0.26,7326.28,debt_consolidation,0,baseline
39,30-50,101351.63,5.2,6.8,0.205,18032.64,small_business,0,baseline
60,Over 50,51297.93,19.6,18.7,0.204,5105.63,auto,0,baseline
56,Over 50,37032.34,12.3,13.6,0.447,9505.27,debt_consolidation,0,baseline
66,Over 50,37062.93,17.9,17.2,0.418,16043.13,debt_consolidation,1,baseline
64,Over 50,36603.33,13.4,13.3,0.392,11305.9,small_business,1,baseline
51,Over 50,35630.9,12.6,13.5,0.099,5533.52,home_improvement,0,baseline
40,30-50,27517.67,2.3,0.0,0.482,5386.58,auto,0,baseline
51,Over 50,24954.53,9.1,13.5,0.038,4006.83,small_business,0,baseline
36,30-50,44902.47,1.6,6.5,0.189,17008.37,small_business,1,baseline
38,30-50,37540.79,4.1,5.7,0.156,4598.81,debt_consolidation,0,baseline
50,30-50,80678.04,13.9,10.3,0.106,11576.13,auto,0,baseline
48,30-50,55931.58,7.6,10.5,0.304,3970.89,small_business,0,baseline
49,30-50,55237.26,12.0,10.2,0.141,29101.51,debt_consolidation,1,baseline
39,30-50,35087.35,10.9,11.7,0.275,4119.77,auto,0,baseline
41,30-50,46422.39,6.9,5.0,0.215,8277.21,education,0,baseline
21,Under 30,57667.58,3.0,8.8,0.185,14854.08,debt_consolidation,0,baseline
50,30-50,67662.55,11.7,8.5,0.245,5701.38,home_improvement,0,baseline
49,30-50,46992.75,10.1,10.3,0.304,10741.67,debt_consolidation,0,baseline
66,Over 50,79666.6,18.0,12.2,0.424,7038.03,debt_consolidation,0,baseline
45,30-50,49197.36,13.9,13.1,0.051,9838.87,debt_consolidation,0,baseline
43,30-50,70037.16,5.8,5.8,0.037,13910.3,debt_consolidation,0,baseline
24,Under 30,39323.06,0.0,4.3,0.116,6540.8,auto,0,baseline
30,30-50,21684.11,0.1,1.2,0.178,17127.75,small_business,0,baseline
37,30-50,55312.91,8.6,11.1,0.148,9664.5,small_business,0,baseline
39,30-50,67941.06,9.7,7.7,0.197,21466.16,education,0,baseline
38,30-50,63507.06,4.3,4.9,0.506,5345.59,education,0,baseline
40,30-50,59277.44,0.2,1.7,0.02,5877.94,debt_consolidation,0,baseline
58,Over 50,41903.97,10.9,11.7,0.106,7214.63,home_improvement,0,baseline
27,Under 30,34096.98,3.7,5.7,0.218,4419.02,education,1,baseline
37,30-50,62835.64,5.4,7.8,0.037,12873.7,small_business,0,baseline
28,Under 30,59391.2,3.0,4.9,0.512,7801.57,home_improvement,0,baseline
36,30-50,38085.75,3.7,6.3,0.769,4568.49,auto,0,baseline
54,Over 50,80760.31,14.6,11.9,0.067,5370.11,small_business,0,baseline
23,Under 30,32948.81,1.7,4.2,0.11,5244.93,auto,0,baseline
37,30-50,37699.97,7.4,11.1,0.239,12859.39,education,0,baseline
22,Under 30,102374.34,0.8,0.0,0.354,10184.15,small_business,0,baseline
67,Over 50,72465.21,17.7,17.1,0.194,7583.4,auto,0,baseline
56,Over 50,41726.67,13.6,14.3,0.473,6750.36,debt_consolidation,0,baseline
32,30-50,55788.4,1.1,5.8,0.509,7191.35,small_business,1,baseline
30,30-50,52557.15,4.3,6.9,0.293,19743.05,education,0,baseline
25,Under 30,14249.45,3.8,5.2,0.291,7208.74,debt_consolidation,0,baseline
44,30-50,32600.62,11.5,12.1,0.105,12441.26,small_business,0,baseline
57,Over 50,47911.89,13.8,11.6,0.133,6872.92,debt_consolidation,0,baseline
49,30-50,41752.93,6.9,6.7,0.181,18793.17,small_business,1,baseline
64,Over 50,54786.34,12.6,9.4,0.133,4404.6,education,0,baseline
37,30-50,81492.56,4.3,8.4,0.344,12130.95,debt_consolidation,0,baseline
34,30-50,42417.19,5.1,7.0,0.157,5543.07,education,0,baseline
44,30-50,30456.52,7.7,6.3,0.074,24505.41,debt_consolidation,0,baseline
30,30-50,56737.08,0.0,2.5,0.133,11483.58,small_business,0,baseline
68,Over 50,42320.19,13.1,14.8,0.253,3456.82,auto,0,baseline
30,30-50,45696.25,0.0,4.0,0.558,5086.1,home_improvement,0,baseline
44,30-50,42989.1,0.0,0.1,0.44,11413.77,small_business,0,baseline
46,30-50,134433.78,8.4,2.4,0.435,11258.69,debt_consolidation,1,baseline
23,Under 30,17884.38,7.7,8.9,0.16,10846.12,home_improvement,0,baseline
43,30-50,41161.13,13.1,10.7,0.169,8762.99,auto,0,baseline
43,30-50,48939.49,4.8,7.1,0.107,6908.71,debt_consolidation,0,baseline
33,30-50,34492.11,4.6,7.6,0.332,13951.94,debt_consolidation,0,baseline
27,Under 30,73491.25,0.0,4.2,0.074,5260.19,auto,0,baseline
23,Under 30,70683.39,0.0,5.5,0.204,8322.49,debt_consolidation,0,baseline
21,Under 30,47978.6,0.0,4.5,0.087,5942.76,home_improvement,0,baseline
44,30-50,43399.22,7.4,11.4,0.286,5710.38,auto,0,baseline
25,Under 30,46612.29,0.9,5.4,0.425,6441.39,home_improvement,1,baseline
68,Over 50,46762.93,17.2,18.7,0.153,5610.35,debt_consolidation,0,baseline
32,30-50,47322.07,5.8,6.6,0.047,10666.43,debt_consolidation,1,baseline
52,Over 50,45044.24,9.8,7.3,0.422,3873.64,debt_consolidation,0,baseline
54,Over 50,54918.32,11.7,16.3,0.191,10051.82,auto,0,baseline
45,30-50,68799.06,5.1,6.2,0.223,5900.94,debt_consolidation,0,baseline
64,Over 50,28180.43,11.0,13.3,0.19,8227.14,small_business,0,baseline
26,Under 30,30552.48,0.0,0.9,0.321,7454.53,debt_consolidation,1,baseline
32,30-50,22318.4,5.8,8.6,0.128,6313.15,debt_consolidation,0,baseline
33,30-50,72394.01,3.2,0.0,0.075,14861.98,education,0,baseline
27,Under 30,54865.8,0.0,1.2,0.408,6731.54,debt_consolidation,0,baseline
35,30-50,61535.55,4.7,5.6,0.064,11518.98,auto,0,baseline
36,30-50,25763.8,1.5,4.1,0.142,11593.43,debt_consolidation,0,baseline
58,Over 50,109450.39,17.9,18.5,0.226,7070.65,small_business,0,baseline
35,30-50,37272.72,3.2,2.3,0.215,4320.19,debt_consolidation,0,baseline
63,Over 50,52875.35,16.7,16.7,0.508,5213.09,debt_consolidation,0,baseline
58,Over 50,72003.72,16.2,17.4,0.262,15358.11,auto,0,baseline
65,Over 50,31440.72,12.5,16.7,0.471,10365.88,home_improvement,1,baseline
26,Under 30,38336.36,2.0,5.0,0.438,8685.65,small_business,0,baseline
69,Over 50,53136.92,18.5,15.8,0.342,6102.7,small_business,0,baseline
51,Over 50,177346.88,10.8,8.1,0.269,19262.41,education,0,baseline
69,Over 50,56134.51,17.9,20.0,0.089,5249.8,debt_consolidation,0,baseline
38,30-50,100998.66,2.0,5.0,0.027,8689.36,auto,0,baseline
67,Over 50,84335.06,17.8,16.2,0.362,10413.97,debt_consolidation,0,baseline
49,30-50,57849.76,8.3,5.4,0.092,4218.13,debt_consolidation,0,baseline
24,Under 30,31409.38,2.1,1.8,0.362,5545.6,debt_consolidation,1,baseline
41,30-50,78975.2,9.8,11.1,0.319,6446.08,home_improvement,0,baseline
27,Under 30,24980.49,4.1,6.0,0.071,12468.43,home_improvement,0,baseline
67,Over 50,100749.63,17.1,11.8,0.436,6509.91,education,0,baseline
35,30-50,53637.43,6.8,8.7,0.13,3951.72,home_improvement,0,baseline
31,30-50,14874.44,5.6,3.3,0.027,3766.34,debt_consolidation,0,baseline
48,30-50,42056.63,13.9,15.9,0.203,5522.03,debt_consolidation,0,baseline
41,30-50,65793.51,6.9,7.9,0.125,3846.6,auto,0,baseline
25,Under 30,44061.39,1.9,2.6,0.337,11900.33,auto,1,baseline
61,Over 50,67626.33,16.8,17.4,0.249,12135.86,debt_consolidation,0,baseline
62,Over 50,33439.37,12.9,13.0,0.017,8131.72,auto,0,baseline
57,Over 50,27236.35,8.6,11.5,0.108,7104.21,education,0,baseline
51,Over 50,47469.83,12.0,11.7,0.587,11740.48,debt_consolidation,0,baseline
40,30-50,49722.09,6.0,7.1,0.152,11499.86,education,0,baseline
47,30-50,41907.79,5.5,5.8,0.222,4947.61,small_business,0,baseline
46,30-50,85159.48,10.3,10.7,0.052,5301.49,small_business,0,baseline
29,Under 30,33436.61,7.1,11.1,0.035,11536.51,debt_consolidation,0,baseline
25,Under 30,56439.5,0.0,1.0,0.248,9276.85,debt_consolidation,0,baseline
33,30-50,50543.34,7.3,9.1,0.128,10983.15,auto,0,baseline
43,30-50,24330.3,0.1,0.3,0.155,5182.48,home_improvement,0,baseline
28,Under 30,27076.9,1.2,0.0,0.217,5564.54,debt_consolidation,0,baseline
26,Under 30,49284.26,7.3,8.2,0.125,10218.39,home_improvement,0,baseline
62,Over 50,119555.98,13.4,13.4,0.243,5761.89,home_improvement,0,baseline
39,30-50,63619.25,6.6,7.0,0.565,3789.65,debt_consolidation,0,baseline
49,30-50,22549.41,12.1,8.7,0.282,5805.69,debt_consolidation,0,baseline
46,30-50,12091.77,3.6,5.5,0.125,7313.16,education,0,baseline
57,Over 50,68177.79,12.8,12.8,0.041,18971.15,home_improvement,0,baseline
57,Over 50,46943.68,12.8,10.5,0.384,5328.24,debt_consolidation,0,baseline
35,30-50,81925.84,10.5,7.7,0.019,7856.98,small_business,0,baseline
62,Over 50,32980.67,10.6,10.0,0.064,22504.35,education,0,baseline
39,30-50,57388.29,5.2,7.4,0.321,4690.51,home_improvement,0,baseline
61,Over 50,71738.16,11.2,11.8,0.41,11273.89,debt_consolidation,0,baseline
40,30-50,40080.35,3.5,3.1,0.189,5678.89,auto,0,baseline
26,Under 30,40467.78,5.1,6.4,0.338,9905.51,auto,0,baseline
58,Over 50,49581.26,13.0,14.2,0.112,26038.23,education,0,baseline
22,Under 30,62580.21,0.0,0.0,0.047,12037.42,debt_consolidation,1,baseline
58,Over 50,48705.62,11.4,11.2,0.231,8742.31,auto,0,baseline
23,Under 30,75985.54,0.0,4.7,0.487,5036.36,debt_consolidation,0,baseline
31,30-50,39820.18,2.1,1.1,0.23,7422.64,small_business,0,baseline
50,30-50,26963.04,6.4,9.4,0.325,6107.8,debt_consolidation,0,baseline
67,Over 50,119328.91,15.3,17.5,0.615,3923.43,home_improvement,0,baseline
41,30-50,37343.53,5.9,6.3,0.101,2794.87,auto,0,baseline
26,Under 30,37956.69,0.0,1.3,0.086,5349.55,education,0,baseline
32,30-50,47590.5,4.3,7.5,0.236,7976.27,auto,0,baseline
64,Over 50,50525.4,15.8,14.2,0.192,14181.01,home_improvement,0,baseline
56,Over 50,41191.71,10.6,5.8,0.239,5602.15,small_business,0,baseline
25,Under 30,48637.73,1.0,2.6,0.118,8917.82,auto,0,baseline
39,30-50,48151.47,12.8,13.2,0.021,3461.31,home_improvement,0,baseline
33,30-50,53032.95,10.6,11.9,0.129,5430.57,education,0,baseline
29,Under 30,16968.78,0.0,0.2,0.144,2383.52,home_improvement,0,baseline
62,Over 50,114278.57,11.6,10.7,0.457,24761.92,auto,0,baseline
51,Over 50,45877.05,7.3,9.8,0.192,8946.31,debt_consolidation,0,baseline
29,Under 30,63657.99,6.0,6.7,0.597,8806.15,debt_consolidation,0,baseline
52,Over 50,26366.63,9.7,6.7,0.437,10589.41,home_improvement,0,baseline
41,30-50,39658.08,7.7,10.7,0.281,28743.84,debt_consolidation,1,baseline
24,Under 30,36223.3,7.0,7.2,0.299,6518.26,debt_consolidation,1,baseline
43,30-50,94975.64,7.7,10.3,0.567,4962.24,home_improvement,0,baseline
30,30-50,37661.13,5.3,3.4,0.1,22028.46,auto,0,baseline
33,30-50,68949.94,5.8,6.4,0.304,4378.92,debt_consolidation,0,baseline
64,Over 50,36581.97,13.3,13.6,0.396,15507.26,auto,0,baseline
55,Over 50,39987.47,15.1,13.9,0.238,7809.45,debt_consolidation,0,baseline
27,Under 30,43892.66,0.0,0.0,0.176,10063.53,debt_consolidation,0,baseline
62,Over 50,87354.54,18.4,11.9,0.371,3950.68,debt_consolidation,0,baseline
49,30-50,20943.14,8.0,11.5,0.313,29637.28,auto,0,baseline
63,Over 50,27117.96,13.3,13.1,0.372,6693.45,home_improvement,0,baseline
57,Over 50,20408.62,9.3,11.8,0.278,5706.28,small_business,0,baseline
37,30-50,30050.18,2.8,6.1,0.274,10659.27,auto,0,baseline
47,30-50,34022.59,7.8,9.4,0.265,5869.46,small_business,0,baseline
47,30-50,23706.0,1.8,2.8,0.255,10018.91,debt_consolidation,0,baseline
56,Over 50,35229.3,11.6,12.2,0.286,4313.52,auto,0,baseline
33,30-50,19798.84,2.7,7.0,0.165,8715.03,auto,0,baseline
37,30-50,31005.04,8.0,8.5,0.071,5993.42,home_improvement,0,baseline
32,30-50,84135.95,5.1,9.9,0.372,5477.16,education,0,baseline
35,30-50,58783.39,2.8,1.2,0.44,5061.09,home_improvement,0,baseline
28,Under 30,53335.66,1.1,0.0,0.263,12618.66,debt_consolidation,1,baseline
22,Under 30,31217.98,0.0,4.0,0.135,6800.84,auto,0,baseline
67,Over 50,24557.23,20.6,16.8,0.32,7391.29,debt_consolidation,0,baseline
24,Under 30,29359.74,0.0,6.1,0.519,10031.98,debt_consolidation,0,baseline
64,Over 50,48076.83,12.9,15.0,0.022,14329.54,auto,0,baseline
21,Under 30,72452.0,0.0,5.2,0.138,5107.03,debt_consolidation,0,baseline
59,Over 50,73575.35,8.9,10.9,0.103,9048.2,auto,0,baseline
37,30-50,65106.23,6.5,5.4,0.071,5141.88,home_improvement,0,baseline
46,30-50,35175.3,9.4,6.2,0.358,7300.83,education,0,baseline
34,30-50,49565.36,8.4,11.7,0.456,13801.65,home_improvement,0,baseline
45,30-50,42420.88,11.5,8.2,0.169,2507.33,home_improvement,0,baseline
43,30-50,44777.66,14.9,17.1,0.063,5107.99,home_improvement,0,baseline
46,30-50,122603.1,8.5,10.2,0.236,7218.03,auto,0,baseline
40,30-50,22183.41,5.9,6.5,0.343,9801.71,debt_consolidation,0,baseline
47,30-50,44107.96,5.2,7.0,0.172,14911.32,debt_consolidation,0,baseline
61,Over 50,84565.95,16.1,15.8,0.303,3468.09,debt_consolidation,0,baseline
42,30-50,25345.31,7.7,7.8,0.208,16444.39,home_improvement,0,baseline
38,30-50,36691.99,7.9,11.2,0.366,10513.29,small_business,0,baseline
27,Under 30,38635.73,0.0,4.8,0.398,7184.53,auto,0,baseline
38,30-50,44334.55,7.0,7.9,0.412,3887.35,home_improvement,0,baseline
27,Under 30,23904.43,2.7,3.0,0.361,6086.22,debt_consolidation,0,baseline
29,Under 30,64079.43,3.2,7.2,0.553,13529.08,auto,0,baseline
67,Over 50,66159.86,14.1,9.2,0.229,8210.85,education,0,baseline
25,Under 30,61621.67,5.0,6.9,0.218,7402.67,home_improvement,0,baseline
44,30-50,33134.55,14.2,14.8,0.19,4985.35,small_business,0,baseline
61,Over 50,50966.81,10.7,8.9,0.199,11699.7,home_improvement,0,baseline
67,Over 50,32703.97,18.3,18.6,0.519,7518.67,debt_consolidation,0,baseline
28,Under 30,42206.58,0.0,1.9,0.253,7198.94,education,1,baseline
29,Under 30,129192.73,4.8,4.8,0.378,7726.28,auto,0,baseline
39,30-50,51177.89,0.7,4.5,0.148,5868.62,home_improvement,0,baseline
48,30-50,28727.58,7.9,6.1,0.388,5390.27,small_business,0,baseline
68,Over 50,53164.75,12.5,13.7,0.307,3790.44,education,0,baseline
31,30-50,26680.6,2.9,0.3,0.122,5944.76,small_business,0,baseline
29,Under 30,28579.51,5.3,6.8,0.436,3294.2,auto,0,baseline
33,30-50,30683.94,0.0,2.1,0.088,10330.44,auto,1,baseline
63,Over 50,40137.28,13.6,11.8,0.091,5803.31,home_improvement,0,baseline
22,Under 30,74729.94,0.0,2.8,0.401,6659.83,home_improvement,0,baseline
39,30-50,63594.3,11.0,10.7,0.164,7954.02,debt_consolidation,0,baseline
26,Under 30,62028.42,3.0,6.5,0.283,5425.71,education,0,baseline
28,Under 30,29896.12,0.0,3.1,0.091,4503.0,debt_consolidation,0,baseline
65,Over 50,38422.89,14.0,14.1,0.099,9053.56,education,0,baseline
21,Under 30,55403.64,4.7,6.3,0.179,20837.41,debt_consolidation,0,baseline
36,30-50,36947.6,7.4,7.0,0.106,12772.74,debt_consolidation,0,baseline
65,Over 50,43249.25,12.6,11.5,0.12,15366.35,debt_consolidation,0,baseline
50,30-50,59791.06,9.3,10.0,0.254,4233.49,home_improvement,0,baseline
24,Under 30,41900.47,0.3,1.9,0.474,7363.34,debt_consolidation,1,baseline
43,30-50,54270.0,6.1,9.1,0.182,7339.29,debt_consolidation,0,baseline
68,Over 50,100380.96,11.3,11.2,0.154,16551.17,auto,0,baseline
40,30-50,45372.59,4.6,6.4,0.331,12815.53,home_improvement,1,baseline
46,30-50,83341.51,12.9,9.5,0.241,7464.63,debt_consolidation,0,baseline
47,30-50,63052.09,8.0,10.3,0.215,2580.71,debt_consolidation,0,baseline
53,Over 50,25329.91,10.9,9.5,0.122,4539.61,debt_consolidation,0,baseline
30,30-50,29852.93,3.6,2.8,0.173,11119.7,small_business,1,baseline
62,Over 50,33687.49,21.0,22.1,0.345,6902.44,education,0,baseline
69,Over 50,33367.05,16.8,16.9,0.217,7668.64,home_improvement,0,baseline
27,Under 30,47068.99,5.4,8.3,0.082,11012.83,debt_consolidation,0,baseline
61,Over 50,64640.07,12.2,12.7,0.403,14269.85,debt_consolidation,0,baseline
61,Over 50,86234.13,13.2,12.4,0.259,5489.47,auto,0,baseline
57,Over 50,56312.89,12.6,11.6,0.123,10892.47,debt_consolidation,0,baseline
39,30-50,40112.54,4.0,6.7,0.167,18137.29,auto,0,baseline
43,30-50,19206.26,7.1,9.9,0.374,16547.44,debt_consolidation,0,baseline
62,Over 50,50602.96,17.0,15.5,0.11,6214.19,auto,0,baseline
28,Under 30,49592.58,0.0,6.2,0.219,9390.35,home_improvement,0,baseline
61,Over 50,53226.83,14.0,12.8,0.338,11794.35,debt_consolidation,0,baseline
66,Over 50,126476.04,17.9,13.5,0.235,8185.14,debt_consolidation,0,baseline
54,Over 50,85670.9,9.1,5.8,0.227,7153.83,auto,0,baseline
37,30-50,69792.19,8.9,5.7,0.11,3411.03,auto,0,baseline
48,30-50,31795.03,9.7,8.9,0.281,5257.77,auto,0,baseline
23,Under 30,38915.67,0.2,1.7,0.257,5723.5,debt_consolidation,0,baseline
66,Over 50,46972.61,9.7,11.1,0.042,4312.67,auto,0,baseline
37,30-50,34581.25,4.5,5.5,0.301,8559.09,debt_consolidation,0,baseline
23,Under 30,61402.7,1.8,5.1,0.455,12497.44,auto,1,baseline
59,Over 50,57561.49,18.5,16.9,0.475,6570.78,education,0,baseline
53,Over 50,30039.29,12.9,12.3,0.21,2692.29,debt_consolidation,0,baseline
51,Over 50,83999.62,13.9,11.9,0.172,7637.41,education,0,baseline
23,Under 30,51330.46,0.0,4.8,0.389,9292.78,small_business,0,baseline
57,Over 50,22514.57,12.2,8.7,0.206,8983.85,small_business,0,baseline
52,Over 50,47901.19,14.5,14.2,0.152,5650.1,debt_consolidation,0,baseline
59,Over 50,55633.62,10.6,10.1,0.554,4435.98,education,0,baseline
61,Over 50,75944.38,16.9,17.1,0.055,12622.04,debt_consolidation,0,baseline
31,30-50,42114.0,5.7,6.5,0.439,9661.11,home_improvement,0,baseline
31,30-50,71151.89,4.3,5.5,0.165,5763.98,home_improvement,0,baseline
66,Over 50,53327.85,14.8,13.3,0.312,3825.36,debt_consolidation,0,baseline
47,30-50,27125.39,6.1,9.7,0.216,9057.09,debt_consolidation,0,baseline
42,30-50,25930.49,12.7,12.1,0.344,5173.1,small_business,0,baseline
35,30-50,81239.1,6.8,11.4,0.22,9811.85,debt_consolidation,1,baseline
52,Over 50,83968.15,11.9,12.0,0.191,8768.48,home_improvement,0,baseline
57,Over 50,56687.51,11.4,11.1,0.269,22889.97,education,0,baseline
21,Under 30,96092.64,0.1,1.8,0.307,7793.53,debt_consolidation,0,baseline
48,30-50,78863.55,9.9,11.1,0.161,22034.83,small_business,0,baseline
69,Over 50,66678.17,18.0,15.2,0.164,8441.85,small_business,0,baseline
34,30-50,32529.73,6.8,7.7,0.404,5805.36,debt_consolidation,0,baseline
34,30-50,106845.91,2.2,3.8,0.156,4780.3,home_improvement,0,baseline
64,Over 50,62400.94,10.7,11.2,0.199,5226.44,debt_consolidation,0,baseline
24,Under 30,41207.38,1.3,3.7,0.348,10042.08,small_business,0,baseline
40,30-50,36289.31,1.4,3.9,0.349,8643.65,debt_consolidation,1,baseline
43,30-50,55025.54,6.7,7.6,0.443,3231.43,home_improvement,0,baseline
60,Over 50,23110.06,12.1,14.8,0.141,13495.1,auto,0,baseline
27,Under 30,67161.33,3.6,5.7,0.238,16957.29,auto,0,baseline
42,30-50,31916.97,13.3,17.9,0.282,3215.07,auto,0,baseline
28,Under 30,57917.43,0.0,2.1,0.374,13440.29,debt_consolidation,0,baseline
59,Over 50,38764.91,20.1,20.0,0.081,18798.76,auto,0,baseline
51,Over 50,43521.55,9.8,8.4,0.072,3300.96,auto,0,baseline
45,30-50,34870.29,9.4,12.4,0.072,6414.84,home_improvement,0,baseline
40,30-50,45590.14,2.4,2.5,0.337,5298.75,auto,1,baseline
28,Under 30,114716.69,5.4,7.3,0.326,13186.49,debt_consolidation,0,baseline
66,Over 50,91425.24,15.9,14.2,0.238,6585.7,debt_consolidation,0,baseline
52,Over 50,57498.58,10.7,11.4,0.063,6455.7,debt_consolidation,0,baseline
36,30-50,48465.99,0.0,1.5,0.564,10002.93,debt_consolidation,1,baseline
41,30-50,71674.52,7.2,6.2,0.257,17673.29,debt_consolidation,0,baseline
56,Over 50,81510.46,14.8,13.3,0.229,7857.14,debt_consolidation,0,baseline
56,Over 50,33744.8,11.5,14.3,0.323,6403.71,home_improvement,0,baseline
43,30-50,47341.97,11.2,11.9,0.211,7029.17,auto,0,baseline
35,30-50,21592.88,8.3,6.1,0.148,11260.68,home_improvement,0,baseline
53,Over 50,81258.93,9.3,11.6,0.112,4164.32,education,0,baseline
53,Over 50,124151.88,16.0,13.0,0.341,8036.76,home_improvement,0,baseline
50,30-50,50819.59,10.3,11.7,0.22,5070.18,home_improvement,0,baseline
24,Under 30,18840.15,1.2,4.1,0.307,4440.41,debt_consolidation,0,baseline
44,30-50,64472.93,8.3,9.9,0.35,3064.56,education,0,baseline
51,Over 50,32635.63,10.7,14.3,0.35,6263.56,auto,0,baseline
67,Over 50,36369.75,8.2,6.9,0.44,13896.11,debt_consolidation,0,baseline
46,30-50,64988.09,8.2,9.8,0.267,3005.83,debt_consolidation,0,baseline
37,30-50,54970.36,1.5,5.7,0.305,10629.19,debt_consolidation,0,baseline
48,30-50,39353.93,14.3,12.2,0.484,5858.11,home_improvement,0,baseline
29,Under 30,36595.39,7.6,6.6,0.143,4761.43,debt_consolidation,0,baseline
25,Under 30,51876.76,4.0,4.6,0.093,9623.25,education,0,baseline
54,Over 50,40771.58,10.8,11.3,0.384,15604.01,debt_consolidation,0,baseline
69,Over 50,29757.7,13.8,10.2,0.361,17137.02,small_business,0,baseline
62,Over 50,42207.22,12.4,13.0,0.051,9338.02,debt_consolidation,0,baseline
49,30-50,57114.69,15.6,11.7,0.194,7823.27,home_improvement,0,baseline
22,Under 30,45245.27,0.0,4.6,0.233,9855.42,small_business,0,baseline
69,Over 50,25949.85,9.7,10.8,0.395,27958.63,debt_consolidation,0,baseline
43,30-50,76502.53,10.8,14.5,0.285,6999.96,education,0,baseline
35,30-50,14293.14,9.4,10.9,0.119,14292.19,debt_consolidation,0,baseline
64,Over 50,40100.16,20.0,17.4,0.444,6025.85,home_improvement,0,baseline
57,Over 50,37082.88,15.7,13.0,0.397,5349.11,education,0,baseline
57,Over 50,52400.98,16.2,15.4,0.09,19622.85,debt_consolidation,0,baseline
34,30-50,63117.15,4.7,5.7,0.581,8113.86,debt_consolidation,0,baseline
69,Over 50,81392.97,10.6,12.8,0.304,9065.97,debt_consolidation,1,baseline
43,30-50,35575.69,7.8,6.4,0.381,10651.69,debt_consolidation,0,baseline
47,30-50,63828.95,11.0,14.8,0.277,5185.78,home_improvement,0,baseline
57,Over 50,53536.46,12.2,14.3,0.28,6508.49,auto,0,baseline
53,Over 50,22692.9,10.7,10.1,0.324,5878.03,debt_consolidation,1,baseline
29,Under 30,115294.28,0.0,5.6,0.349,9567.13,auto,0,baseline
35,30-50,25656.47,1.9,1.9,0.421,9733.39,auto,0,baseline
38,30-50,59205.74,11.5,11.6,0.293,6001.38,education,0,baseline
67,Over 50,58424.0,21.7,16.8,0.255,22334.39,small_business,0,baseline
56,Over 50,55494.35,12.2,15.5,0.162,7992.91,education,0,baseline
38,30-50,39239.55,6.8,4.1,0.079,8530.39,debt_consolidation,1,baseline
57,Over 50,71129.94,9.7,6.8,0.372,15863.03,debt_consolidation,0,baseline
57,Over 50,24290.35,14.5,12.4,0.34,5231.93,auto,0,baseline
40,30-50,47589.96,11.9,14.2,0.427,6245.17,debt_consolidation,0,baseline
40,30-50,38034.78,2.1,5.6,0.512,9346.45,debt_consolidation,0,baseline
64,Over 50,36142.18,16.4,15.4,0.174,3874.5,education,0,baseline
48,30-50,59452.71,11.1,12.9,0.058,7195.95,home_improvement,0,baseline
28,Under 30,79607.64,4.0,5.0,0.17,22593.97,home_improvement,0,baseline
56,Over 50,42004.62,17.2,16.6,0.138,20221.33,home_improvement,0,baseline
49,30-50,69654.77,15.9,18.0,0.492,12690.49,debt_consolidation,0,baseline
45,30-50,50130.42,7.7,7.7,0.219,14638.0,debt_consolidation,0,baseline
56,Over 50,32802.84,14.3,11.9,0.729,10370.19,small_business,0,baseline
65,Over 50,43648.38,15.7,15.5,0.274,6530.52,debt_consolidation,0,baseline
37,30-50,42840.16,3.7,6.4,0.331,18430.98,home_improvement,0,baseline
41,30-50,35828.65,7.8,8.5,0.377,5042.15,debt_consolidation,0,baseline
30,30-50,59445.63,5.2,8.1,0.039,13150.71,debt_consolidation,1,baseline
52,Over 50,54480.1,11.5,10.8,0.012,6281.76,debt_consolidation,0,baseline
40,30-50,23961.6,4.0,5.5,0.125,6473.76,debt_consolidation,0,baseline
37,30-50,23314.09,4.2,6.1,0.304,10607.65,auto,0,baseline
55,Over 50,59344.1,10.5,11.0,0.207,22403.85,debt_consolidation,0,baseline
40,30-50,33966.2,4.1,8.5,0.158,16553.13,home_improvement,0,baseline
43,30-50,56157.67,8.6,9.7,0.403,9598.68,auto,0,baseline
42,30-50,69662.62,8.6,8.3,0.157,8361.86,home_improvement,0,baseline
33,30-50,27669.09,7.1,8.8,0.055,11976.94,debt_consolidation,0,baseline
27,Under 30,25972.88,0.0,4.0,0.192,16035.85,debt_consolidation,0,baseline
61,Over 50,104140.29,12.3,13.4,0.115,3360.08,debt_consolidation,0,baseline
25,Under 30,57423.38,6.1,8.3,0.271,7604.5,debt_consolidation,0,baseline
36,30-50,40592.63,4.8,2.8,0.118,4787.59,home_improvement,0,baseline
53,Over 50,32200.16,11.3,6.0,0.449,7263.81,home_improvement,0,baseline
27,Under 30,38960.42,1.6,5.8,0.385,4320.16,debt_consolidation,0,baseline
53,Over 50,28688.24,14.6,14.6,0.115,3284.49,debt_consolidation,0,baseline
56,Over 50,72950.43,15.8,14.6,0.075,4189.66,auto,0,baseline
53,Over 50,34560.34,14.5,15.0,0.279,6144.09,debt_consolidation,0,baseline
35,30-50,80184.91,5.0,9.8,0.089,10864.68,home_improvement,0,baseline
21,Under 30,40934.03,0.0,4.8,0.256,5394.04,small_business,0,baseline
64,Over 50,30653.2,20.8,20.6,0.064,5256.12,education,0,baseline
37,30-50,40463.85,8.2,6.8,0.308,9875.95,debt_consolidation,0,baseline
60,Over 50,15049.87,12.3,10.3,0.456,9352.46,home_improvement,0,baseline
30,30-50,46427.82,7.4,3.2,0.217,18979.09,small_business,0,baseline
28,Under 30,45408.13,0.8,3.9,0.096,12930.49,auto,0,baseline
59,Over 50,71049.65,17.5,18.2,0.072,4851.53,auto,0,baseline
67,Over 50,20976.6,20.5,20.8,0.301,5794.8,auto,0,baseline
63,Over 50,82688.83,11.9,12.9,0.045,11769.19,education,0,baseline
57,Over 50,70917.3,14.3,13.2,0.169,5201.62,debt_consolidation,0,baseline
33,30-50,86113.34,6.5,6.1,0.061,6890.02,auto,0,baseline
65,Over 50,47871.49,23.2,18.9,0.042,3445.33,home_improvement,0,baseline
53,Over 50,77362.2,9.0,8.9,0.009,4216.2,home_improvement,0,baseline
29,Under 30,25284.33,7.1,5.7,0.307,15209.73,debt_consolidation,0,baseline
27,Under 30,67566.76,2.2,7.2,0.095,8809.59,education,0,baseline
63,Over 50,34647.36,11.0,8.2,0.185,5916.47,debt_consolidation,0,baseline
34,30-50,23315.4,4.2,5.0,0.305,6347.08,auto,0,baseline
58,Over 50,29558.8,13.0,8.5,0.257,19103.94,small_business,0,baseline
27,Under 30,49142.97,0.0,2.6,0.319,5834.78,debt_consolidation,0,baseline
34,30-50,33828.72,5.5,6.4,0.173,10266.93,debt_consolidation,0,baseline
34,30-50,58060.05,7.4,7.2,0.267,12528.11,home_improvement,0,baseline
34,30-50,21726.61,5.3,4.3,0.521,16688.67,home_improvement,0,baseline
54,Over 50,18822.46,9.9,9.9,0.433,5294.74,debt_consolidation,0,baseline
65,Over 50,90905.37,15.0,12.9,0.291,4024.99,auto,0,baseline
65,Over 50,73622.8,15.4,14.0,0.093,4666.49,auto,0,baseline
57,Over 50,30571.28,13.3,16.5,0.3,11678.62,debt_consolidation,0,baseline
30,30-50,48954.68,6.5,7.5,0.198,21937.5,home_improvement,0,baseline
68,Over 50,77557.76,17.3,16.9,0.148,11883.38,home_improvement,0,baseline
47,30-50,59197.84,4.9,5.0,0.141,5826.97,home_improvement,0,baseline
47,30-50,52402.02,7.4,6.4,0.295,14675.18,small_business,0,baseline
55,Over 50,80243.36,12.4,11.9,0.189,6408.96,home_improvement,0,baseline
58,Over 50,35283.81,16.3,20.1,0.33,5346.23,debt_consolidation,0,baseline
67,Over 50,49713.43,20.0,17.4,0.168,6865.64,home_improvement,0,baseline
49,30-50,48628.65,15.1,14.8,0.386,6059.84,auto,0,baseline
50,30-50,43358.46,10.5,8.8,0.091,5704.73,home_improvement,0,baseline
57,Over 50,41133.89,14.9,8.4,0.339,14926.28,debt_consolidation,0,baseline
33,30-50,50654.87,0.0,0.4,0.347,6261.11,debt_consolidation,0,baseline
36,30-50,49785.71,6.5,12.0,0.485,3664.16,education,0,baseline
51,Over 50,30583.24,7.3,9.0,0.144,10861.02,debt_consolidation,0,baseline
24,Under 30,70319.76,0.9,6.0,0.39,5027.53,debt_consolidation,0,baseline
36,30-50,31590.97,14.3,12.8,0.409,5109.22,small_business,0,baseline
56,Over 50,44435.54,13.2,7.8,0.177,11505.96,auto,0,baseline
68,Over 50,42921.31,13.9,10.9,0.158,5638.01,debt_consolidation,0,baseline
46,30-50,57592.44,10.0,10.8,0.326,6461.24,debt_consolidation,0,baseline
40,30-50,18890.29,5.1,6.6,0.177,8275.78,home_improvement,0,baseline
42,30-50,73196.98,4.5,5.6,0.559,7022.18,auto,0,baseline
54,Over 50,36147.18,17.9,15.2,0.13,6538.03,debt_consolidation,0,baseline
47,30-50,84879.13,12.3,13.7,0.364,2511.23,auto,0,baseline
22,Under 30,39530.42,1.4,2.1,0.09,7432.14,debt_consolidation,0,baseline
47,30-50,47955.1,7.9,9.0,0.296,18155.47,debt_consolidation,1,baseline
40,30-50,115983.56,5.7,7.0,0.268,11101.35,auto,0,baseline
55,Over 50,43269.26,16.5,14.5,0.327,6716.01,auto,0,baseline
63,Over 50,85603.59,15.6,12.7,0.229,10250.58,auto,0,baseline
68,Over 50,49889.72,7.2,6.9,0.434,11088.69,debt_consolidation,0,baseline
50,30-50,59097.18,17.4,19.7,0.49,5318.62,home_improvement,0,baseline
38,30-50,50588.59,6.5,9.4,0.082,15192.96,debt_consolidation,0,baseline
42,30-50,71792.35,8.4,10.7,0.395,8791.47,debt_consolidation,0,baseline
29,Under 30,36008.52,6.1,5.3,0.048,6931.53,home_improvement,0,baseline
66,Over 50,31482.22,17.1,12.8,0.088,17947.72,home_improvement,0,baseline
62,Over 50,36777.47,16.6,17.5,0.126,2880.83,education,0,baseline
62,Over 50,51270.44,13.1,14.3,0.162,4501.18,small_business,0,baseline
37,30-50,44383.88,1.9,3.8,0.28,11167.93,auto,0,baseline
36,30-50,67482.51,6.1,6.1,0.148,11350.78,education,0,baseline
62,Over 50,88179.45,18.6,14.0,0.185,18460.62,debt_consolidation,0,baseline
47,30-50,31598.75,7.2,9.5,0.423,2622.83,education,1,baseline
55,Over 50,35232.46,9.7,12.1,0.313,12448.43,debt_consolidation,0,baseline
45,30-50,25685.77,12.1,10.3,0.256,4347.37,home_improvement,0,baseline
42,30-50,122230.98,6.0,5.3,0.263,9991.1,debt_consolidation,0,baseline
51,Over 50,56224.13,9.3,11.9,0.088,7843.9,home_improvement,0,baseline
60,Over 50,60834.42,12.5,10.7,0.223,12393.78,auto,0,baseline
37,30-50,26820.08,5.4,9.9,0.032,7203.43,debt_consolidation,0,baseline
60,Over 50,48995.0,8.9,8.9,0.02,13433.51,education,0,baseline
32,30-50,61645.87,2.2,3.0,0.262,5355.92,small_business,0,baseline
40,30-50,43750.53,7.3,8.0,0.216,7779.74,auto,0,baseline
65,Over 50,79544.15,16.1,14.1,0.008,8923.04,debt_consolidation,0,baseline
67,Over 50,138735.43,19.6,19.9,0.129,18738.78,auto,0,baseline
66,Over 50,32010.58,21.3,20.8,0.334,12289.18,debt_consolidation,0,baseline
36,30-50,30947.91,9.8,12.0,0.457,8974.84,debt_consolidation,0,baseline
62,Over 50,33024.66,17.1,16.0,0.304,11157.9,debt_consolidation,0,baseline
66,Over 50,100991.3,15.3,13.3,0.307,13947.81,home_improvement,0,baseline
68,Over 50,78359.3,14.6,13.6,0.226,9771.92,debt_consolidation,0,baseline
22,Under 30,46120.48,0.4,1.5,0.269,4853.13,debt_consolidation,0,baseline
57,Over 50,49833.95,14.4,16.4,0.045,11094.31,home_improvement,0,baseline
69,Over 50,33946.99,19.3,19.4,0.31,7989.18,education,0,baseline
58,Over 50,73167.91,14.8,13.7,0.17,6792.03,education,0,baseline
32,30-50,41317.61,3.5,2.9,0.382,5471.9,education,0,baseline
58,Over 50,43606.68,15.3,17.3,0.473,10825.57,debt_consolidation,0,baseline
26,Under 30,64470.01,5.5,6.7,0.267,10467.19,education,0,baseline
44,30-50,45044.32,10.7,10.3,0.493,5025.18,auto,0,baseline
51,Over 50,44102.22,10.4,13.4,0.307,4660.81,debt_consolidation,0,baseline
43,30-50,49254.64,5.2,5.1,0.059,20864.65,home_improvement,0,baseline
55,Over 50,70116.26,9.3,8.8,0.333,12460.44,debt_consolidation,0,baseline
32,30-50,102839.2,1.8,3.0,0.196,8462.18,home_improvement,0,baseline
50,30-50,63797.47,10.9,8.1,0.431,10972.23,education,0,baseline
52,Over 50,70367.82,12.4,12.6,0.046,6413.33,home_improvement,0,baseline
52,Over 50,44804.58,6.6,5.8,0.036,7433.87,debt_consolidation,0,baseline
35,30-50,35649.52,3.4,3.6,0.116,8190.53,auto,0,baseline
35,30-50,65794.65,5.6,5.1,0.065,13123.39,education,0,baseline
33,30-50,52947.62,1.5,2.0,0.387,3997.15,auto,0,baseline
43,30-50,25843.57,9.0,7.5,0.369,4865.24,home_improvement,0,baseline
49,30-50,42292.65,8.9,9.6,0.136,4392.39,education,0,baseline
38,30-50,47225.83,3.8,4.7,0.378,12413.74,debt_consolidation,0,baseline
41,30-50,38960.12,7.2,7.8,0.061,7704.37,auto,0,baseline
35,30-50,95490.4,6.1,11.6,0.485,5124.62,small_business,0,baseline
31,30-50,60835.43,1.0,2.5,0.35,7253.5,education,0,baseline
53,Over 50,90937.59,10.5,11.6,0.434,5908.2,debt_consolidation,0,baseline
60,Over 50,55190.24,15.1,15.5,0.209,3954.99,small_business,0,baseline
35,30-50,50849.45,2.6,4.0,0.036,15217.11,debt_consolidation,1,baseline
63,Over 50,32161.68,9.7,10.3,0.22,7520.05,home_improvement,0,baseline
48,30-50,49284.67,4.8,5.9,0.152,15393.87,auto,0,baseline
29,Under 30,49309.61,1.5,3.6,0.234,3926.92,debt_consolidation,0,baseline
38,30-50,26497.32,2.0,2.4,0.338,10426.83,debt_consolidation,0,baseline
21,Under 30,38453.79,0.0,1.0,0.478,3939.26,home_improvement,0,baseline
22,Under 30,42383.86,5.3,6.3,0.126,27520.62,debt_consolidation,0,baseline
37,30-50,59045.63,1.5,0.0,0.379,3412.74,home_improvement,0,baseline
43,30-50,60331.37,6.9,10.5,0.081,19890.64,auto,0,baseline
60,Over 50,37737.39,20.0,22.4,0.198,8023.16,auto,0,baseline
27,Under 30,60535.87,3.3,5.0,0.305,7395.51,education,0,baseline
62,Over 50,45164.4,13.2,13.9,0.02,10879.88,small_business,0,baseline
32,30-50,13476.07,3.4,6.9,0.598,5069.45,small_business,0,baseline
27,Under 30,39414.3,3.4,2.1,0.401,11998.71,home_improvement,0,baseline
55,Over 50,79661.76,17.0,17.4,0.21,12446.19,debt_consolidation,0,baseline
58,Over 50,22998.57,11.4,10.2,0.275,8151.49,auto,0,baseline
50,30-50,51570.81,7.9,12.9,0.321,9182.24,small_business,0,baseline
26,Under 30,100044.22,0.0,1.6,0.139,21265.1,education,0,baseline
26,Under 30,34812.23,2.1,5.5,0.047,11221.52,auto,0,baseline
40,30-50,49068.23,2.4,3.6,0.363,5480.2,education,0,baseline
43,30-50,27260.46,6.3,11.4,0.344,11793.06,home_improvement,1,baseline
69,Over 50,101951.66,14.1,12.2,0.128,6192.12,home_improvement,0,baseline
35,30-50,47216.58,8.1,10.8,0.165,5620.77,debt_consolidation,0,baseline
30,30-50,50060.23,1.6,4.6,0.233,10470.57,auto,1,baseline
67,Over 50,90168.48,17.3,16.6,0.331,4891.82,debt_consolidation,0,baseline
28,Under 30,66016.85,0.0,2.5,0.268,8293.25,debt_consolidation,0,baseline
22,Under 30,33056.29,0.7,1.3,0.02,11348.9,debt_consolidation,0,baseline
41,30-50,36633.74,3.4,0.0,0.123,21054.2,home_improvement,0,baseline
40,30-50,61250.0,5.4,8.4,0.218,11149.69,home_improvement,0,baseline
51,Over 50,37017.48,17.1,14.7,0.16,3885.53,education,0,baseline
64,Over 50,18906.11,17.8,18.6,0.333,4201.12,small_business,0,baseline
66,Over 50,47860.3,15.4,15.0,0.368,19209.73,debt_consolidation,0,baseline
35,30-50,25182.49,14.5,16.0,0.543,5900.98,debt_consolidation,0,baseline
69,Over 50,101450.55,14.1,14.8,0.156,3796.24,debt_consolidation,0,baseline
52,Over 50,53079.94,14.3,8.5,0.322,4903.06,debt_consolidation,0,baseline
24,Under 30,32619.69,0.0,3.2,0.277,12052.96,auto,0,baseline
66,Over 50,35796.86,15.0,13.3,0.345,8573.4,auto,0,baseline
27,Under 30,20947.43,0.0,4.3,0.293,11199.98,debt_consolidation,0,baseline
49,30-50,29888.89,10.6,11.6,0.149,7970.46,auto,0,baseline
59,Over 50,77446.72,13.5,14.0,0.05,4668.41,education,0,baseline
33,30-50,133827.08,3.3,4.1,0.089,3315.54,debt_consolidation,0,baseline
34,30-50,67973.86,7.8,6.4,0.033,5338.53,small_business,0,baseline
44,30-50,47031.88,6.3,6.2,0.37,8611.76,debt_consolidation,0,baseline
64,Over 50,40360.96,16.0,11.2,0.506,4483.79,debt_consolidation,1,baseline
31,30-50,31874.99,6.0,5.6,0.351,13246.0,home_improvement,0,baseline
53,Over 50,123858.45,6.8,4.5,0.112,4914.6,debt_consolidation,0,baseline
43,30-50,45029.05,5.5,3.5,0.362,3547.56,debt_consolidation,0,baseline
26,Under 30,127011.56,1.9,3.8,0.276,8105.77,debt_consolidation,1,baseline
55,Over 50,91773.95,13.8,14.1,0.404,11853.3,debt_consolidation,1,baseline
61,Over 50,22396.09,18.3,16.5,0.558,17090.54,auto,0,baseline
49,30-50,36327.18,9.2,8.3,0.176,3619.54,debt_consolidation,0,baseline
29,Under 30,36276.65,1.9,1.6,0.076,16512.04,debt_consolidation,0,baseline
28,Under 30,47290.71,0.0,1.4,0.22,8889.86,auto,0,baseline
41,30-50,47708.2,8.0,6.7,0.208,5940.2,auto,0,baseline
45,30-50,188774.34,7.5,7.9,0.155,11389.04,auto,0,baseline
48,30-50,30189.44,8.6,5.9,0.19,15957.63,home_improvement,0,baseline
32,30-50,54341.12,3.6,6.3,0.328,3499.82,education,0,baseline
45,30-50,64694.31,10.1,8.9,0.043,6532.43,debt_consolidation,0,baseline
35,30-50,48986.14,3.2,5.3,0.21,6171.29,education,0,baseline
54,Over 50,51512.58,9.2,11.2,0.339,11081.08,home_improvement,0,baseline
60,Over 50,30633.09,14.9,14.6,0.483,16814.8,small_business,0,baseline
52,Over 50,51427.01,1.8,5.0,0.225,8405.99,debt_consolidation,0,baseline
21,Under 30,61705.57,0.0,0.0,0.182,7001.68,small_business,0,baseline
69,Over 50,56807.31,13.3,11.7,0.153,10124.16,education,0,baseline
22,Under 30,63360.15,4.0,7.4,0.014,7206.66,debt_consolidation,0,baseline
69,Over 50,92565.66,15.5,15.4,0.063,2738.66,home_improvement,0,baseline
22,Under 30,74729.85,0.0,5.7,0.385,10493.53,debt_consolidation,0,baseline
46,30-50,50619.02,8.6,12.3,0.327,13264.39,debt_consolidation,0,baseline
26,Under 30,28932.15,0.0,2.6,0.098,13861.19,home_improvement,0,baseline
25,Under 30,37421.39,0.2,1.6,0.244,4546.0,home_improvement,0,baseline
54,Over 50,44407.6,11.8,9.6,0.191,10977.24,home_improvement,0,baseline
56,Over 50,54915.76,11.0,9.8,0.01,17437.59,debt_consolidation,0,baseline
26,Under 30,39527.43,0.5,1.6,0.207,28718.84,debt_consolidation,1,baseline
68,Over 50,32174.2,13.4,11.5,0.356,10295.54,debt_consolidation,0,baseline
36,30-50,28718.9,1.8,1.6,0.298,13252.35,debt_consolidation,0,baseline
36,30-50,23317.75,5.4,7.1,0.511,4932.93,home_improvement,0,baseline
35,30-50,44102.52,5.8,10.0,0.183,4620.69,debt_consolidation,0,baseline
43,30-50,25302.3,3.4,6.6,0.276,13275.37,education,0,baseline
29,Under 30,31249.65,5.1,5.4,0.224,2927.95,auto,0,baseline
41,30-50,41058.13,9.3,11.5,0.187,8757.57,small_business,1,baseline
31,30-50,26871.92,6.4,7.8,0.095,16569.18,debt_consolidation,0,baseline
23,Under 30,58156.24,1.6,3.2,0.203,11571.42,debt_consolidation,0,baseline
39,30-50,68398.1,8.2,8.4,0.319,11533.77,debt_consolidation,0,baseline
53,Over 50,38282.87,17.8,15.8,0.479,7905.11,debt_consolidation,0,baseline
58,Over 50,40269.02,12.0,12.9,0.243,6601.53,small_business,0,baseline
38,30-50,62432.63,2.8,4.5,0.551,23798.73,auto,1,baseline
36,30-50,35550.24,0.6,1.1,0.222,15015.26,small_business,0,baseline
59,Over 50,34467.42,18.6,15.3,0.294,12371.22,small_business,0,baseline
54,Over 50,83987.59,16.9,16.1,0.165,8216.69,home_improvement,0,baseline
61,Over 50,72975.9,11.2,11.8,0.126,6050.77,home_improvement,0,baseline
65,Over 50,64260.31,13.2,11.9,0.516,13902.41,debt_consolidation,0,baseline
61,Over 50,74350.08,13.0,10.2,0.217,6950.43,auto,0,baseline
66,Over 50,20135.2,19.4,20.0,0.097,8428.32,auto,1,baseline
41,30-50,90149.62,3.1,6.6,0.566,11024.18,debt_consolidation,0,baseline
40,30-50,58479.29,0.8,0.0,0.215,8997.78,small_business,0,baseline
36,30-50,77253.82,11.8,14.1,0.189,17588.44,education,0,baseline
32,30-50,58350.48,4.8,5.4,0.048,4188.18,small_business,0,baseline
57,Over 50,50112.02,14.0,13.6,0.363,8380.55,debt_consolidation,0,baseline
56,Over 50,43308.79,11.6,13.6,0.416,23600.71,education,0,baseline
60,Over 50,57827.23,15.0,17.3,0.385,12689.46,auto,0,baseline
29,Under 30,42604.43,0.0,4.0,0.301,7342.82,debt_consolidation,0,baseline
45,30-50,72442.2,5.9,7.2,0.193,12081.26,debt_consolidation,0,baseline
31,30-50,24006.85,3.8,2.3,0.239,7911.96,debt_consolidation,0,baseline
64,Over 50,38418.36,8.2,4.5,0.18,16868.2,debt_consolidation,0,baseline
34,30-50,123028.4,3.6,6.7,0.249,12217.52,auto,0,baseline
28,Under 30,36984.86,1.4,5.8,0.316,5253.98,education,0,baseline
48,30-50,44028.5,8.5,7.2,0.281,9128.72,small_business,1,baseline
64,Over 50,32953.03,13.4,12.2,0.326,9989.73,debt_consolidation,0,baseline
65,Over 50,57018.47,12.4,10.8,0.082,10239.97,auto,0,baseline
25,Under 30,35195.76,0.0,0.8,0.043,9503.11,debt_consolidation,0,baseline
36,30-50,45092.67,5.7,8.7,0.405,10746.9,debt_consolidation,0,baseline
28,Under 30,71825.15,1.5,3.7,0.498,9991.73,education,0,baseline
36,30-50,35794.75,1.1,2.4,0.298,5649.97,small_business,0,baseline
47,30-50,69903.78,9.3,14.7,0.217,6449.53,small_business,0,baseline
34,30-50,70969.34,3.7,2.1,0.291,7136.07,home_improvement,0,baseline
24,Under 30,78804.88,0.0,3.1,0.363,8499.52,auto,0,baseline
45,30-50,52221.18,1.9,1.4,0.376,7147.73,home_improvement,0,baseline
23,Under 30,210779.23,2.7,3.9,0.153,14064.94,auto,0,baseline
32,30-50,78789.91,0.2,2.4,0.185,5013.73,debt_consolidation,0,baseline
21,Under 30,56737.74,0.2,3.8,0.235,3403.93,debt_consolidation,1,baseline
25,Under 30,33051.89,0.0,1.5,0.491,21664.32,small_business,0,baseline
42,30-50,46925.82,6.2,6.2,0.422,5384.33,debt_consolidation,0,baseline
62,Over 50,93138.89,17.8,15.7,0.263,14047.35,education,0,baseline
58,Over 50,105798.39,14.5,11.5,0.201,10985.1,debt_consolidation,0,baseline
25,Under 30,95344.13,4.8,7.1,0.1,5480.05,education,1,baseline
22,Under 30,69796.32,1.3,3.6,0.41,7581.87,small_business,0,baseline
37,30-50,27860.16,6.8,8.3,0.048,7037.6,debt_consolidation,0,baseline
52,Over 50,61036.22,5.5,6.3,0.576,9683.61,home_improvement,0,baseline
57,Over 50,28039.48,11.6,10.9,0.31,5520.85,education,0,baseline
61,Over 50,25100.37,13.3,15.0,0.397,7418.57,debt_consolidation,0,baseline
37,30-50,54590.84,9.3,11.5,0.443,7953.55,debt_consolidation,0,baseline
29,Under 30,62034.11,1.3,5.9,0.528,14057.49,debt_consolidation,0,baseline
22,Under 30,73608.79,1.1,3.7,0.19,6597.48,debt_consolidation,0,baseline
28,Under 30,61310.8,3.1,7.2,0.224,4974.96,debt_consolidation,0,baseline
24,Under 30,62268.67,4.5,4.8,0.422,6171.16,debt_consolidation,0,baseline
63,Over 50,31473.66,14.3,13.0,0.322,9735.31,debt_consolidation,0,baseline
34,30-50,46758.93,7.0,10.0,0.304,3341.6,small_business,0,baseline
61,Over 50,24879.45,8.9,10.8,0.08,14744.97,debt_consolidation,1,baseline
48,30-50,19900.18,4.6,5.1,0.275,8183.1,debt_consolidation,0,baseline
47,30-50,68411.02,2.2,1.7,0.041,10062.87,education,0,baseline
43,30-50,34929.74,10.1,9.6,0.05,9041.61,education,0,baseline
61,Over 50,72593.04,16.0,13.4,0.381,5804.1,home_improvement,0,baseline
23,Under 30,80721.19,3.4,8.2,0.256,4716.87,home_improvement,0,baseline
25,Under 30,37097.59,0.0,3.5,0.299,5708.78,debt_consolidation,1,baseline
41,30-50,63936.14,5.3,4.7,0.309,3816.1,small_business,0,baseline
40,30-50,36405.66,6.3,4.9,0.515,9644.34,education,0,baseline
47,30-50,21361.69,13.4,11.2,0.21,7469.8,debt_consolidation,1,baseline
57,Over 50,51817.81,17.7,15.0,0.157,3762.5,home_improvement,0,baseline
49,30-50,39660.33,12.2,11.4,0.412,5953.57,auto,1,baseline
33,30-50,40213.58,5.2,8.4,0.075,11226.9,education,0,baseline
37,30-50,119241.29,9.6,7.8,0.303,15467.73,debt_consolidation,0,baseline
57,Over 50,24670.52,11.8,16.0,0.171,4264.41,small_business,0,baseline
30,30-50,58237.92,2.0,1.7,0.137,23877.56,education,0,baseline
45,30-50,31330.17,8.0,5.6,0.27,5015.52,home_improvement,0,baseline
47,30-50,73770.75,6.2,10.3,0.197,3455.14,home_improvement,0,baseline
57,Over 50,56066.52,12.1,14.3,0.097,19510.89,home_improvement,0,baseline
56,Over 50,58145.57,8.9,8.8,0.101,4815.44,education,0,baseline
43,30-50,32041.9,10.8,11.4,0.225,17359.87,home_improvement,0,baseline
36,30-50,34734.39,6.9,8.3,0.622,5811.26,education,0,baseline
39,30-50,74403.83,10.6,10.7,0.164,6998.48,education,0,baseline
41,30-50,108755.66,2.1,1.1,0.26,4219.38,auto,0,baseline
31,30-50,60848.26,9.2,4.4,0.273,15347.68,debt_consolidation,0,baseline
51,Over 50,32733.71,5.8,4.9,0.138,14328.94,home_improvement,0,baseline
31,30-50,57097.88,0.0,5.6,0.412,5824.07,debt_consolidation,0,baseline
52,Over 50,146146.15,9.0,12.9,0.227,7805.29,debt_consolidation,0,baseline
57,Over 50,51333.06,16.5,14.7,0.239,11282.93,auto,0,baseline
68,Over 50,94639.33,17.1,13.8,0.377,6401.53,home_improvement,0,baseline
26,Under 30,35131.44,1.0,3.4,0.231,16028.29,debt_consolidation,1,baseline
58,Over 50,48101.15,10.6,11.3,0.553,7685.37,auto,0,baseline
25,Under 30,64783.38,0.0,3.2,0.288,6249.52,debt_consolidation,0,baseline
37,30-50,58618.04,9.0,4.1,0.356,3672.33,small_business,0,baseline
29,Under 30,34721.87,5.2,12.5,0.586,4243.5,auto,0,baseline
28,Under 30,34054.49,6.5,9.5,0.571,10875.57,debt_consolidation,1,baseline
29,Under 30,76475.67,4.0,4.8,0.031,9115.43,education,0,baseline
23,Under 30,83800.8,0.0,0.6,0.268,12183.71,debt_consolidation,1,baseline
61,Over 50,96806.03,10.3,12.2,0.273,6115.46,debt_consolidation,1,baseline
23,Under 30,110389.33,2.1,4.7,0.011,3566.53,home_improvement,0,baseline
40,30-50,52082.21,5.5,6.6,0.067,6322.33,debt_consolidation,0,baseline
55,Over 50,42614.95,10.2,11.1,0.087,22448.12,education,0,baseline
69,Over 50,90034.29,13.5,12.6,0.078,5001.97,small_business,0,baseline
62,Over 50,67567.42,17.2,16.6,0.271,7956.83,education,0,baseline
27,Under 30,31504.8,3.5,6.2,0.217,2424.1,home_improvement,0,baseline
69,Over 50,30787.5,18.3,17.3,0.345,6248.29,debt_consolidation,0,baseline
53,Over 50,61167.34,9.3,10.0,0.238,6588.18,debt_consolidation,0,baseline
29,Under 30,45262.15,3.3,7.4,0.151,9565.55,debt_consolidation,0,baseline
42,30-50,48441.23,3.3,1.5,0.311,6912.08,small_business,0,baseline
65,Over 50,79430.68,15.0,12.4,0.272,3792.23,debt_consolidation,0,baseline
40,30-50,68979.64,0.0,2.1,0.196,5814.13,debt_consolidation,0,baseline
29,Under 30,89182.75,0.0,0.5,0.406,7317.42,auto,0,baseline
63,Over 50,20553.96,13.7,12.2,0.181,4924.2,auto,0,baseline
67,Over 50,54941.76,23.2,23.2,0.208,5295.27,small_business,0,baseline
68,Over 50,67010.85,11.0,10.5,0.234,13394.39,small_business,0,baseline
67,Over 50,24662.43,12.4,8.2,0.219,5928.7,home_improvement,0,baseline
63,Over 50,36508.37,15.4,13.4,0.37,10096.84,small_business,0,baseline
43,30-50,33583.22,13.0,12.5,0.157,7416.93,small_business,0,baseline
30,30-50,49501.79,3.8,5.1,0.371,4380.94,education,0,baseline
51,Over 50,101980.23,12.6,13.2,0.22,6860.38,small_business,0,baseline
31,30-50,121803.61,2.5,4.9,0.457,9372.1,auto,0,baseline
44,30-50,33981.47,6.5,6.9,0.069,19310.24,debt_consolidation,0,baseline
53,Over 50,62127.92,11.4,8.8,0.384,5507.57,education,0,baseline
67,Over 50,63035.86,14.1,12.4,0.366,7764.96,debt_consolidation,0,baseline
35,30-50,58362.66,7.1,6.4,0.17,12766.01,small_business,0,baseline
33,30-50,58661.61,0.0,1.4,0.071,15218.42,home_improvement,0,baseline
57,Over 50,56200.68,15.3,15.6,0.204,5857.88,home_improvement,0,baseline
21,Under 30,104757.83,0.1,2.9,0.346,7495.84,education,0,baseline
48,30-50,80507.85,8.8,10.7,0.194,14134.13,home_improvement,0,baseline
57,Over 50,30422.29,7.7,7.4,0.104,10464.31,debt_consolidation,0,baseline
47,30-50,70127.79,6.2,9.9,0.243,13585.01,education,0,baseline
39,30-50,73245.2,9.9,11.3,0.396,14555.31,debt_consolidation,0,baseline
61,Over 50,56485.28,13.4,12.9,0.048,10687.83,education,0,baseline
39,30-50,81563.81,7.1,8.9,0.145,8706.05,small_business,0,baseline
55,Over 50,53350.22,9.3,8.1,0.259,5793.62,home_improvement,0,baseline
43,30-50,53648.59,7.6,3.9,0.113,7171.67,auto,0,baseline
22,Under 30,51769.59,0.0,0.8,0.243,7413.59,debt_consolidation,0,baseline
46,30-50,19767.42,9.0,10.7,0.659,14757.37,education,0,baseline
23,Under 30,47278.96,1.8,3.6,0.711,8849.98,home_improvement,0,baseline
66,Over 50,36289.63,16.7,15.1,0.335,8891.98,debt_consolidation,0,baseline
50,30-50,28741.53,7.4,6.3,0.234,4929.45,education,0,baseline
39,30-50,93461.81,5.3,2.3,0.475,14797.9,home_improvement,0,baseline
44,30-50,61506.21,9.7,12.6,0.244,5521.1,education,0,baseline
51,Over 50,48367.14,9.9,9.5,0.265,7027.86,home_improvement,0,baseline
33,30-50,38018.89,3.3,3.8,0.02,15594.97,small_business,0,baseline
35,30-50,56009.48,10.6,9.1,0.44,12623.36,auto,0,baseline
41,30-50,76584.21,4.1,7.8,0.136,5298.14,auto,0,baseline
33,30-50,33788.15,7.4,9.7,0.468,4724.83,debt_consolidation,0,baseline
58,Over 50,48914.41,9.5,7.7,0.118,7318.31,auto,0,baseline
26,Under 30,72448.4,3.7,7.3,0.176,6074.14,home_improvement,0,baseline
61,Over 50,20512.7,16.1,14.6,0.123,3890.51,auto,0,baseline
38,30-50,47767.16,4.4,4.3,0.102,5560.0,education,0,baseline
48,30-50,40409.45,5.8,6.1,0.226,2050.78,auto,0,baseline
28,Under 30,46155.74,0.0,0.4,0.457,12733.45,home_improvement,0,baseline
39,30-50,39115.23,4.5,2.9,0.045,12338.98,education,0,baseline
57,Over 50,52152.69,14.2,14.9,0.211,16396.87,auto,0,baseline
34,30-50,116498.33,1.3,2.6,0.307,9668.42,education,0,baseline
27,Under 30,42371.65,2.4,5.1,0.209,6475.94,small_business,0,baseline
46,30-50,55897.22,4.3,6.0,0.24,13516.97,debt_consolidation,1,baseline
28,Under 30,120287.01,1.7,4.5,0.33,5705.97,home_improvement,0,baseline
36,30-50,38272.73,1.8,0.0,0.126,4174.45,debt_consolidation,0,baseline
43,30-50,110924.37,7.5,6.2,0.062,7528.01,auto,0,baseline
48,30-50,49138.36,7.9,9.5,0.384,9951.95,home_improvement,0,baseline
52,Over 50,109300.18,7.3,5.3,0.379,5399.27,auto,0,baseline
54,Over 50,68705.91,9.6,10.4,0.047,4799.4,debt_consolidation,0,baseline
62,Over 50,56285.87,11.5,8.5,0.099,6578.61,auto,0,baseline
24,Under 30,47594.2,0.0,2.0,0.22,9956.24,debt_consolidation,0,baseline
38,30-50,37018.81,9.2,12.6,0.244,7534.78,home_improvement,0,baseline
21,Under 30,50721.55,0.0,3.5,0.061,30280.18,home_improvement,0,baseline
21,Under 30,73409.8,0.0,0.0,0.439,7570.13,auto,0,baseline
31,30-50,48732.42,1.6,5.0,0.088,11793.72,home_improvement,0,baseline
50,30-50,42511.07,12.9,16.0,0.054,3926.97,auto,0,baseline
64,Over 50,43789.44,12.8,17.8,0.135,10866.57,debt_consolidation,0,baseline
58,Over 50,76620.08,17.4,16.9,0.192,6430.61,auto,0,baseline
52,Over 50,85077.91,8.3,5.9,0.357,8065.81,home_improvement,0,baseline
59,Over 50,36307.6,14.8,14.7,0.385,18833.68,debt_consolidation,0,baseline
29,Under 30,36284.12,5.9,9.9,0.412,6726.89,education,0,baseline
62,Over 50,58145.95,15.7,14.2,0.239,4213.26,small_business,0,baseline
64,Over 50,97478.73,10.9,12.8,0.251,4554.85,debt_consolidation,0,baseline
25,Under 30,82100.19,0.0,0.3,0.259,8834.74,debt_consolidation,0,baseline
44,30-50,27907.94,11.6,12.0,0.213,8598.4,education,0,baseline
61,Over 50,43528.27,11.6,6.3,0.132,8421.55,small_business,0,baseline
44,30-50,32248.55,11.0,8.9,0.024,4260.91,home_improvement,0,baseline
62,Over 50,43461.0,13.1,12.4,0.496,22318.59,education,0,baseline
66,Over 50,100910.02,16.2,14.2,0.109,16852.52,debt_consolidation,0,baseline
44,30-50,25843.9,3.9,2.5,0.264,8648.68,debt_consolidation,0,baseline
23,Under 30,23659.28,0.0,1.0,0.223,3787.4,debt_consolidation,1,baseline
37,30-50,33764.01,3.0,5.0,0.226,17894.12,auto,0,baseline
31,30-50,55786.64,4.2,5.2,0.17,14305.67,auto,0,baseline
44,30-50,64818.07,8.3,8.8,0.27,8530.53,auto,0,baseline
49,30-50,59685.94,11.2,12.4,0.488,14755.69,debt_consolidation,0,baseline
43,30-50,83204.64,6.2,6.3,0.292,6328.63,debt_consolidation,0,baseline
30,30-50,22172.58,0.4,5.0,0.332,5013.4,home_improvement,0,baseline
35,30-50,83679.68,5.4,4.4,0.069,8766.43,home_improvement,0,baseline
54,Over 50,42597.77,8.5,12.6,0.542,3728.01,home_improvement,1,baseline
22,Under 30,68129.97,3.6,7.1,0.298,4651.45,auto,0,baseline
31,30-50,27023.4,3.2,3.8,0.367,10635.34,home_improvement,0,baseline
64,Over 50,49130.26,14.1,12.7,0.213,9136.12,education,0,baseline
25,Under 30,54519.94,2.8,4.6,0.742,4060.94,education,0,baseline
41,30-50,82461.6,6.8,8.6,0.313,6604.47,debt_consolidation,0,baseline
31,30-50,24019.84,0.0,4.2,0.134,4150.42,education,0,baseline
26,Under 30,49703.9,0.0,0.0,0.088,6346.86,home_improvement,0,baseline
41,30-50,30080.85,10.2,11.0,0.036,6009.28,home_improvement,0,baseline
46,30-50,61541.88,9.0,5.0,0.349,13307.92,auto,0,baseline
29,Under 30,69546.26,0.0,1.6,0.174,7492.08,small_business,1,baseline
24,Under 30,87485.35,2.1,6.6,0.381,7175.1,debt_consolidation,0,baseline
27,Under 30,38531.71,0.4,0.0,0.449,6659.39,debt_consolidation,0,baseline
52,Over 50,74403.03,8.2,5.4,0.185,3427.85,education,0,baseline
63,Over 50,90436.73,11.3,11.5,0.067,7713.13,home_improvement,0,baseline
29,Under 30,23401.11,5.8,9.4,0.559,10315.62,education,0,baseline
36,30-50,64573.23,0.0,2.7,0.199,9097.89,home_improvement,0,baseline
37,30-50,75457.89,3.1,0.7,0.418,11456.43,small_business,0,baseline
38,30-50,43633.18,6.3,3.7,0.15,11738.69,debt_consolidation,0,baseline
32,30-50,28428.63,8.6,9.1,0.079,24319.73,small_business,0,baseline
23,Under 30,74931.53,2.4,1.5,0.305,4608.38,education,0,baseline
46,30-50,28573.1,6.2,7.2,0.238,9112.12,small_business,0,baseline
38,30-50,45240.22,10.5,10.8,0.297,9637.26,debt_consolidation,0,baseline
37,30-50,48143.63,1.5,2.2,0.125,6905.69,home_improvement,0,baseline
33,30-50,67642.52,5.0,9.6,0.137,5906.17,debt_consolidation,1,baseline
66,Over 50,36975.68,17.2,17.0,0.561,10398.18,education,1,baseline
50,30-50,36023.88,7.5,10.4,0.525,9910.97,debt_consolidation,0,baseline
41,30-50,51252.1,9.1,11.1,0.214,4786.05,home_improvement,0,baseline
31,30-50,77101.32,2.0,3.3,0.055,3298.43,debt_consolidation,0,baseline
60,Over 50,137221.61,15.7,14.2,0.134,6337.25,auto,0,baseline
64,Over 50,24875.37,9.5,9.0,0.186,5786.5,auto,0,baseline
22,Under 30,56494.8,1.4,4.4,0.409,10952.95,debt_consolidation,0,baseline
66,Over 50,30063.26,14.5,12.3,0.203,5105.17,auto,1,baseline
55,Over 50,77533.48,15.3,17.7,0.254,7414.5,debt_consolidation,0,baseline
25,Under 30,32133.52,1.3,1.5,0.166,3451.43,small_business,0,baseline
57,Over 50,36185.3,16.3,15.5,0.115,3730.34,education,0,baseline
26,Under 30,37602.59,3.3,4.2,0.44,5515.17,debt_consolidation,0,baseline
23,Under 30,47368.39,0.3,1.4,0.715,7149.05,debt_consolidation,0,baseline
26,Under 30,56694.86,4.1,9.6,0.5,5378.11,auto,0,baseline
43,30-50,60941.25,10.1,9.2,0.24,8702.52,education,0,baseline
51,Over 50,48893.74,11.9,10.9,0.327,3461.19,small_business,0,baseline
40,30-50,26944.89,0.0,0.7,0.063,7277.08,home_improvement,0,baseline
26,Under 30,68016.38,0.0,2.1,0.177,7319.3,home_improvement,0,baseline
30,30-50,47866.38,7.3,7.6,0.133,3928.75,debt_consolidation,0,baseline
62,Over 50,82683.94,10.6,8.2,0.293,9083.31,debt_consolidation,0,baseline
68,Over 50,35650.47,19.1,16.4,0.179,2739.38,small_business,0,baseline
57,Over 50,23836.57,14.7,15.0,0.242,5752.55,small_business,0,baseline
26,Under 30,48275.93,0.0,4.1,0.221,12013.0,home_improvement,0,baseline
61,Over 50,87831.78,8.0,8.5,0.049,2663.7,debt_consolidation,0,baseline
54,Over 50,52702.81,9.8,10.0,0.202,11333.37,auto,0,baseline
46,30-50,44808.3,15.0,13.3,0.093,4523.44,home_improvement,0,baseline
28,Under 30,33134.95,0.0,1.0,0.207,6031.65,education,0,baseline
69,Over 50,108119.77,14.4,11.7,0.368,16371.22,auto,0,baseline
42,30-50,30843.42,4.4,2.4,0.175,5922.62,auto,0,baseline
23,Under 30,35368.35,4.3,4.1,0.279,18158.31,home_improvement,0,baseline
31,30-50,63355.4,2.8,6.0,0.156,6956.05,auto,0,baseline
40,30-50,21264.42,4.8,5.0,0.055,7767.42,auto,0,baseline
24,Under 30,86991.51,5.3,5.5,0.201,12346.52,auto,0,baseline
36,30-50,64918.43,7.0,6.9,0.112,10636.36,auto,0,baseline
43,30-50,73471.58,4.9,8.4,0.108,8752.08,education,0,baseline
67,Over 50,63016.55,12.4,10.1,0.085,6427.48,debt_consolidation,0,baseline
25,Under 30,45592.31,4.9,6.5,0.298,3731.5,debt_consolidation,0,baseline
49,30-50,30381.32,9.9,9.7,0.483,3823.45,debt_consolidation,0,baseline
65,Over 50,46026.2,10.8,10.7,0.55,15624.28,auto,0,baseline
60,Over 50,31607.31,8.3,9.1,0.127,18953.03,debt_consolidation,0,baseline
66,Over 50,61008.59,12.4,12.0,0.107,8645.45,home_improvement,0,baseline
29,Under 30,70477.65,0.0,3.6,0.338,3338.09,debt_consolidation,0,baseline
60,Over 50,95278.92,7.5,8.0,0.293,5507.48,small_business,0,baseline
68,Over 50,57947.66,13.2,16.0,0.253,5372.52,auto,0,baseline
36,30-50,74314.32,2.5,4.1,0.338,6137.12,debt_consolidation,0,baseline
45,30-50,42885.32,7.0,4.2,0.416,5206.43,home_improvement,0,baseline
47,30-50,39528.42,14.2,14.6,0.195,10512.26,debt_consolidation,0,baseline
45,30-50,60666.83,7.6,8.9,0.225,9170.04,education,0,baseline
35,30-50,41195.62,4.4,5.6,0.152,17854.87,education,0,baseline
68,Over 50,55333.49,18.0,15.9,0.12,6670.32,education,0,baseline
67,Over 50,30408.08,15.4,10.1,0.497,8956.11,home_improvement,0,baseline
39,30-50,32967.17,7.5,4.1,0.282,11737.73,small_business,0,baseline
60,Over 50,65246.92,14.5,16.9,0.177,13505.28,debt_consolidation,0,baseline
40,30-50,73058.12,7.0,6.4,0.262,4370.13,auto,0,baseline
59,Over 50,31459.45,21.6,21.2,0.293,9921.13,home_improvement,0,baseline
49,30-50,66288.81,12.5,8.8,0.168,8719.6,home_improvement,0,baseline
44,30-50,38571.5,4.8,3.8,0.128,9427.61,debt_consolidation,0,baseline
27,Under 30,49386.25,3.2,5.9,0.051,8348.34,debt_consolidation,0,baseline
53,Over 50,92746.48,8.8,8.9,0.159,19080.76,education,0,baseline
36,30-50,70500.09,6.6,8.3,0.114,5190.48,auto,0,baseline
31,30-50,70132.56,0.0,2.0,0.318,5039.18,small_business,0,baseline
30,30-50,115723.11,0.0,1.6,0.222,5375.0,auto,0,baseline
69,Over 50,35712.44,17.8,14.9,0.558,7008.65,debt_consolidation,0,baseline
26,Under 30,31456.35,4.7,3.4,0.414,9383.03,debt_consolidation,0,baseline
60,Over 50,35420.46,15.2,16.9,0.15,6450.6,auto,0,baseline
63,Over 50,43716.22,17.3,18.9,0.368,13401.96,debt_consolidation,0,baseline
22,Under 30,16991.22,1.5,1.1,0.397,8088.91,debt_consolidation,0,baseline
49,30-50,44652.13,10.3,8.0,0.246,7721.87,home_improvement,1,baseline
49,30-50,38366.62,8.3,7.9,0.304,4166.7,auto,0,baseline
38,30-50,69751.34,8.4,9.4,0.152,20141.65,auto,0,baseline
53,Over 50,57445.31,14.3,13.1,0.126,7913.09,debt_consolidation,0,baseline
41,30-50,37409.75,6.8,8.4,0.083,18371.44,education,0,baseline
42,30-50,63926.06,7.0,7.5,0.105,5936.46,small_business,0,baseline
42,30-50,67878.08,12.1,11.5,0.09,12274.9,education,0,baseline
60,Over 50,34688.18,13.6,17.7,0.106,6116.15,debt_consolidation,0,baseline
52,Over 50,39266.97,11.1,9.8,0.119,20121.03,education,0,baseline
39,30-50,18008.27,7.8,11.5,0.109,14191.32,home_improvement,0,baseline
66,Over 50,30007.51,15.5,17.3,0.024,12391.54,debt_consolidation,0,baseline
60,Over 50,35097.62,11.2,12.0,0.155,5640.02,auto,0,baseline
66,Over 50,50684.47,16.9,11.7,0.108,21022.11,small_business,0,baseline
56,Over 50,32034.79,12.1,11.8,0.128,22448.71,home_improvement,0,baseline
40,30-50,38907.67,12.2,10.7,0.423,6702.12,debt_consolidation,0,baseline
58,Over 50,28243.01,15.3,14.3,0.175,8785.27,debt_consolidation,0,baseline
37,30-50,52944.59,3.8,2.9,0.304,12879.67,auto,0,baseline
34,30-50,59371.62,6.7,8.9,0.083,3022.71,education,0,baseline
43,30-50,58751.06,8.6,10.9,0.256,14370.53,debt_consolidation,0,baseline
68,Over 50,49294.24,20.4,20.6,0.48,13518.81,debt_consolidation,1,baseline
48,30-50,24502.17,7.9,7.5,0.058,6114.56,small_business,0,baseline
39,30-50,37086.97,6.9,5.4,0.385,2707.67,education,0,baseline
43,30-50,40811.21,7.4,8.6,0.191,9571.94,small_business,0,baseline
35,30-50,40884.94,5.1,9.6,0.374,4597.04,debt_consolidation,0,baseline
53,Over 50,50703.06,8.5,9.0,0.342,3662.49,small_business,0,baseline
38,30-50,93105.97,7.7,9.0,0.416,9753.24,debt_consolidation,0,baseline
48,30-50,70646.46,10.7,10.1,0.379,15661.77,home_improvement,0,baseline
39,30-50,31433.11,10.2,9.1,0.175,7262.9,home_improvement,0,baseline
36,30-50,66521.55,5.2,7.5,0.233,14655.48,small_business,0,baseline
68,Over 50,65390.75,15.2,14.0,0.062,11294.46,debt_consolidation,0,baseline
37,30-50,34107.4,8.0,9.2,0.235,4078.18,small_business,0,baseline
24,Under 30,71825.13,0.0,3.0,0.453,6142.2,small_business,0,baseline
39,30-50,45607.64,9.6,10.3,0.473,13899.86,small_business,0,baseline
47,30-50,25991.4,12.3,13.0,0.229,6117.25,home_improvement,0,baseline
25,Under 30,60164.71,5.2,4.4,0.615,12204.42,home_improvement,0,baseline
35,30-50,54048.27,6.0,5.0,0.346,6600.66,debt_consolidation,0,baseline
29,Under 30,44247.1,1.3,3.0,0.103,11621.68,home_improvement,0,baseline
45,30-50,48201.53,8.7,8.9,0.113,10042.21,debt_consolidation,1,baseline
56,Over 50,35468.9,13.4,11.7,0.474,7157.06,auto,0,baseline
68,Over 50,64508.92,14.8,14.3,0.049,11458.96,education,0,baseline
40,30-50,48071.62,10.6,12.3,0.367,2751.95,small_business,0,baseline
63,Over 50,52833.57,16.4,17.5,0.297,4708.69,home_improvement,0,baseline
31,30-50,57567.52,0.8,5.5,0.119,6426.5,home_improvement,0,baseline
59,Over 50,29156.6,18.9,14.5,0.758,14564.63,home_improvement,1,baseline
48,30-50,32779.96,9.7,7.5,0.189,3932.04,small_business,0,baseline
58,Over 50,18133.66,9.7,9.2,0.179,7963.75,debt_consolidation,0,baseline
58,Over 50,63204.7,10.5,10.5,0.211,9496.86,debt_consolidation,0,baseline
47,30-50,28410.26,13.6,12.4,0.306,9170.72,debt_consolidation,0,baseline
33,30-50,52034.19,9.7,8.6,0.555,7713.34,education,0,baseline
46,30-50,57927.34,11.8,10.8,0.086,5941.45,home_improvement,0,baseline
61,Over 50,64283.53,18.0,17.3,0.254,7162.86,small_business,0,baseline
68,Over 50,28515.2,20.1,15.4,0.285,13192.22,small_business,0,baseline
66,Over 50,47604.25,17.4,20.6,0.099,5743.64,education,0,baseline
29,Under 30,103945.94,3.8,5.1,0.268,2752.68,home_improvement,0,baseline
50,30-50,106026.21,11.8,13.5,0.179,10230.07,small_business,0,baseline
26,Under 30,76442.6,4.0,4.0,0.091,17118.59,home_improvement,0,baseline
53,Over 50,57060.76,9.0,10.3,0.454,4790.51,home_improvement,0,baseline
69,Over 50,31185.3,19.0,17.4,0.419,16000.5,home_improvement,0,baseline
23,Under 30,67736.45,5.1,7.8,0.241,10512.64,auto,0,baseline
53,Over 50,45656.01,10.6,10.1,0.147,4545.16,debt_consolidation,0,baseline
67,Over 50,63084.96,15.2,17.2,0.226,5699.51,home_improvement,0,baseline
62,Over 50,36872.47,15.8,11.6,0.041,5576.03,small_business,0,baseline
40,30-50,45350.66,4.7,7.7,0.465,8817.69,debt_consolidation,0,baseline
26,Under 30,52778.88,0.0,2.2,0.092,7400.91,debt_consolidation,0,baseline
66,Over 50,54766.02,19.2,15.3,0.188,14083.85,small_business,0,baseline
66,Over 50,61216.69,14.4,17.4,0.288,12390.51,education,0,baseline
49,30-50,37773.47,9.9,13.6,0.574,3741.92,debt_consolidation,0,baseline
68,Over 50,26782.98,14.6,9.5,0.358,3985.91,home_improvement,0,baseline
21,Under 30,101839.49,3.8,5.4,0.33,11016.38,debt_consolidation,0,baseline
51,Over 50,150266.31,13.1,13.9,0.453,6262.18,debt_consolidation,0,baseline
22,Under 30,59954.39,0.0,2.9,0.218,7424.66,debt_consolidation,0,baseline
66,Over 50,27016.51,12.2,14.8,0.288,10649.62,debt_consolidation,0,baseline
54,Over 50,34615.69,10.5,13.0,0.233,12447.02,auto,0,baseline
65,Over 50,61642.26,17.1,16.2,0.591,4373.45,debt_consolidation,0,baseline
48,30-50,89635.08,10.0,14.6,0.361,2668.3,debt_consolidation,0,baseline
25,Under 30,28401.56,1.7,5.3,0.122,7657.39,debt_consolidation,0,baseline
22,Under 30,46353.41,1.0,2.1,0.571,5284.74,debt_consolidation,0,baseline
37,30-50,53539.2,7.9,7.2,0.128,8376.0,auto,0,baseline
57,Over 50,72334.78,12.5,14.5,0.086,7751.91,auto,0,baseline
28,Under 30,41998.09,3.8,3.5,0.462,4975.57,small_business,0,baseline
62,Over 50,24252.7,11.4,10.3,0.354,23004.19,debt_consolidation,1,baseline
32,30-50,64830.98,11.5,10.7,0.306,8172.26,debt_consolidation,0,baseline
45,30-50,81320.89,7.5,8.8,0.277,6082.2,auto,0,baseline
30,30-50,47232.33,3.8,4.6,0.383,8524.65,debt_consolidation,0,baseline
43,30-50,58827.11,9.4,6.9,0.349,10561.17,home_improvement,0,baseline
43,30-50,39595.82,6.5,9.5,0.168,5906.04,auto,0,baseline
21,Under 30,33503.4,0.0,1.2,0.492,25851.61,home_improvement,0,baseline
48,30-50,77799.6,9.4,13.6,0.469,3784.65,home_improvement,1,baseline
59,Over 50,58359.25,10.6,11.1,0.167,3918.52,home_improvement,0,baseline
66,Over 50,61124.37,17.1,18.2,0.415,3642.16,home_improvement,0,baseline
37,30-50,96370.15,0.7,3.8,0.248,8118.86,debt_consolidation,0,baseline
64,Over 50,30495.09,20.3,20.9,0.388,10264.82,debt_consolidation,0,baseline
64,Over 50,38238.12,17.4,17.1,0.052,6868.98,auto,0,baseline
69,Over 50,52631.5,18.7,17.4,0.478,10249.54,debt_consolidation,0,baseline
39,30-50,38027.28,1.1,5.1,0.116,10181.0,debt_consolidation,0,baseline
62,Over 50,69731.78,12.0,16.5,0.166,6765.68,home_improvement,0,baseline
48,30-50,45056.4,13.6,12.4,0.276,10033.66,home_improvement,0,baseline
23,Under 30,31362.25,13.2,14.1,0.213,7345.01,debt_consolidation,0,baseline
34,30-50,50493.37,8.1,8.5,0.321,6604.38,education,0,baseline
53,Over 50,52926.13,14.3,14.5,0.133,6315.39,debt_consolidation,0,baseline
28,Under 30,74653.07,4.0,5.3,0.283,9104.49,education,0,baseline
42,30-50,58507.69,4.8,1.5,0.259,14896.71,small_business,0,baseline
58,Over 50,60325.84,15.9,14.3,0.408,4435.89,debt_consolidation,0,baseline
28,Under 30,56620.78,0.0,4.0,0.046,6373.16,debt_consolidation,0,baseline
45,30-50,45039.71,4.8,4.3,0.239,8789.68,debt_consolidation,0,baseline
31,30-50,35514.68,0.0,3.8,0.255,19505.07,education,1,baseline
47,30-50,55825.01,12.0,12.0,0.146,10055.21,small_business,0,baseline
32,30-50,42196.55,3.7,4.6,0.091,5397.26,auto,0,baseline
68,Over 50,104864.07,16.8,17.2,0.263,5105.39,small_business,0,baseline
24,Under 30,89678.11,1.0,4.2,0.125,13260.53,education,0,baseline
68,Over 50,65171.5,13.1,13.3,0.197,6927.01,auto,0,baseline
59,Over 50,58122.62,11.3,13.1,0.267,4378.87,small_business,0,baseline
62,Over 50,47118.38,12.5,12.4,0.047,13452.25,home_improvement,0,baseline
62,Over 50,27791.75,10.1,6.8,0.693,9453.05,home_improvement,0,baseline
30,30-50,44476.78,1.6,2.6,0.317,4460.1,auto,0,baseline
66,Over 50,51309.44,12.5,8.4,0.174,4145.74,auto,0,baseline
50,30-50,54353.02,11.9,12.8,0.248,2741.28,home_improvement,0,baseline
68,Over 50,60554.03,18.4,18.5,0.113,5936.12,home_improvement,0,baseline
64,Over 50,74205.87,11.2,12.8,0.048,9436.02,debt_consolidation,0,baseline
49,30-50,35901.37,8.9,10.1,0.139,13098.81,debt_consolidation,0,baseline
39,30-50,36048.34,11.9,13.4,0.129,10021.33,home_improvement,1,baseline
26,Under 30,94172.69,0.0,0.0,0.141,4219.98,home_improvement,0,baseline
25,Under 30,69351.41,2.7,3.9,0.429,7031.44,debt_consolidation,0,baseline
40,30-50,41116.02,7.0,4.7,0.357,16559.04,debt_consolidation,0,baseline
60,Over 50,46711.93,16.9,14.8,0.126,6272.6,debt_consolidation,0,baseline
45,30-50,46806.56,9.3,12.7,0.029,11901.68,education,0,baseline
44,30-50,49722.28,6.8,9.6,0.372,11188.86,auto,0,baseline
32,30-50,60639.84,4.1,6.6,0.237,11847.93,debt_consolidation,0,baseline
48,30-50,153391.19,9.7,9.4,0.441,10052.71,auto,0,baseline
52,Over 50,53390.63,10.6,8.5,0.414,11829.68,home_improvement,0,baseline
69,Over 50,66050.12,12.8,12.6,0.185,3863.09,auto,0,baseline
56,Over 50,22950.28,16.0,17.0,0.147,17286.23,education,0,baseline
50,30-50,39410.79,13.3,13.5,0.166,3283.65,home_improvement,0,baseline
65,Over 50,85217.9,12.3,8.6,0.311,9470.18,debt_consolidation,0,baseline
41,30-50,58749.74,6.1,7.1,0.199,7909.13,education,0,baseline
66,Over 50,6801.5,15.1,10.2,0.13,5926.47,debt_consolidation,0,baseline
39,30-50,66390.58,2.8,5.9,0.138,4976.19,small_business,0,baseline
27,Under 30,116212.3,0.0,0.6,0.095,10666.62,small_business,0,baseline
41,30-50,19967.11,5.0,3.5,0.504,12096.47,debt_consolidation,0,baseline
27,Under 30,97122.12,1.0,4.5,0.536,7696.05,education,1,baseline
26,Under 30,14081.54,0.0,3.1,0.151,7011.98,small_business,0,baseline
64,Over 50,74764.58,15.6,14.9,0.406,15378.32,small_business,0,baseline
59,Over 50,48830.39,16.8,19.8,0.104,6562.62,debt_consolidation,0,baseline
31,30-50,17026.27,6.0,8.1,0.183,7933.97,debt_consolidation,0,baseline
62,Over 50,59919.78,14.0,11.9,0.326,7318.76,home_improvement,0,baseline
24,Under 30,82279.55,0.0,3.0,0.359,27872.53,auto,0,baseline
34,30-50,57742.52,6.7,6.8,0.302,5324.17,debt_consolidation,0,baseline
55,Over 50,63778.56,12.3,14.4,0.104,12279.85,debt_consolidation,0,baseline
35,30-50,40731.04,6.2,7.5,0.477,3464.5,home_improvement,0,baseline
56,Over 50,21213.11,18.1,17.2,0.084,5019.26,debt_consolidation,0,baseline
63,Over 50,66925.73,12.2,8.9,0.265,6942.34,home_improvement,0,baseline
24,Under 30,107730.63,0.0,2.1,0.673,7589.5,debt_consolidation,0,baseline
22,Under 30,81496.18,0.0,1.9,0.157,7064.16,home_improvement,0,baseline
67,Over 50,20039.41,17.6,14.0,0.352,7710.17,auto,0,baseline
46,30-50,24792.53,8.8,8.6,0.294,5741.56,home_improvement,1,baseline
45,30-50,33500.46,4.8,6.7,0.308,15425.63,debt_consolidation,1,baseline
43,30-50,23936.53,3.4,4.7,0.259,4913.73,home_improvement,0,baseline
42,30-50,50005.36,6.3,4.2,0.323,11757.28,debt_consolidation,0,baseline
54,Over 50,58514.92,7.8,7.7,0.228,11370.88,debt_consolidation,0,baseline
49,30-50,25755.05,11.4,10.2,0.284,5044.64,auto,0,baseline
29,Under 30,69543.5,1.6,3.6,0.345,6744.64,auto,0,baseline
51,Over 50,64247.42,8.6,9.1,0.48,8093.02,debt_consolidation,0,baseline
53,Over 50,38304.72,8.9,8.3,0.333,18726.75,small_business,0,baseline
26,Under 30,45359.06,2.5,3.1,0.161,6737.29,education,0,baseline
39,30-50,20385.71,6.4,7.3,0.22,49603.4,small_business,1,baseline
59,Over 50,42212.94,13.9,15.1,0.286,11895.77,home_improvement,0,baseline
51,Over 50,49183.98,11.0,11.4,0.164,9621.44,home_improvement,0,baseline
27,Under 30,52888.25,1.9,6.4,0.085,12608.25,auto,0,baseline
22,Under 30,58133.34,0.0,4.3,0.195,3431.35,auto,0,baseline
49,30-50,54715.85,7.6,11.1,0.19,14558.62,auto,0,baseline
43,30-50,43523.02,6.5,10.0,0.107,4182.2,home_improvement,0,baseline
68,Over 50,55758.64,22.6,23.2,0.153,12516.83,debt_consolidation,0,baseline
46,30-50,76950.25,4.7,3.5,0.022,6025.38,education,0,baseline
66,Over 50,46958.8,14.5,14.9,0.154,5433.65,home_improvement,0,baseline
31,30-50,56552.1,3.8,7.5,0.267,19658.3,auto,0,baseline
42,30-50,45081.31,6.4,10.0,0.175,7709.22,home_improvement,0,baseline
27,Under 30,36642.3,5.3,4.7,0.177,3768.65,home_improvement,0,baseline
49,30-50,62025.19,8.9,10.4,0.635,13192.36,auto,0,baseline
30,30-50,38183.1,2.4,4.1,0.31,4401.38,auto,0,baseline
45,30-50,58323.83,10.8,14.4,0.252,16000.48,debt_consolidation,0,baseline
37,30-50,49648.08,11.0,8.1,0.268,8037.68,debt_consolidation,0,baseline
30,30-50,42754.49,7.4,6.4,0.216,4285.9,debt_consolidation,0,baseline
25,Under 30,42291.26,1.0,0.0,0.188,12218.02,auto,0,baseline
46,30-50,39001.12,8.6,9.2,0.181,10515.39,home_improvement,0,baseline
67,Over 50,23374.23,16.2,19.5,0.092,2802.65,debt_consolidation,0,baseline
30,30-50,58238.55,3.6,4.8,0.438,7850.18,debt_consolidation,0,baseline
40,30-50,54404.17,4.1,5.5,0.137,9409.05,education,0,baseline
32,30-50,71851.13,6.7,8.4,0.314,9138.61,debt_consolidation,0,baseline
60,Over 50,38593.7,14.3,13.2,0.025,7388.15,home_improvement,0,baseline
41,30-50,115027.05,6.9,8.2,0.177,11760.37,home_improvement,0,baseline
68,Over 50,41320.7,12.6,12.9,0.304,10769.47,home_improvement,0,baseline
33,30-50,33064.01,4.4,3.8,0.356,8230.26,debt_consolidation,1,baseline
24,Under 30,31345.99,0.0,1.8,0.071,7199.88,auto,1,baseline
49,30-50,22465.47,8.1,9.9,0.186,8725.97,debt_consolidation,0,baseline
52,Over 50,97702.51,9.2,11.2,0.386,5991.82,auto,0,baseline
69,Over 50,90851.39,17.7,18.7,0.103,4859.78,home_improvement,0,baseline
63,Over 50,64237.04,20.3,18.9,0.104,4619.76,home_improvement,0,baseline
64,Over 50,32753.33,16.8,16.1,0.135,7707.84,home_improvement,0,baseline
52,Over 50,110754.4,15.2,15.7,0.335,5277.11,small_business,0,baseline
38,30-50,41844.95,7.9,7.1,0.264,7484.58,debt_consolidation,0,baseline
42,30-50,43431.42,10.7,9.3,0.307,15757.12,debt_consolidation,0,baseline
27,Under 30,93598.21,7.7,7.9,0.11,7306.12,home_improvement,0,baseline
42,30-50,65940.61,5.2,3.6,0.066,8682.67,home_improvement,0,baseline
38,30-50,131991.98,3.6,5.7,0.516,7227.48,debt_consolidation,0,baseline
22,Under 30,54826.29,2.4,6.0,0.136,15572.37,small_business,0,baseline
31,30-50,41000.36,3.5,3.4,0.052,18562.45,debt_consolidation,1,baseline
47,30-50,37223.21,9.8,10.7,0.168,6407.57,small_business,0,baseline
39,30-50,21350.95,5.6,5.2,0.345,11659.77,home_improvement,0,baseline
69,Over 50,43244.78,15.0,12.0,0.321,23053.52,auto,0,baseline
44,30-50,82048.6,12.9,16.4,0.484,4535.46,auto,0,baseline
67,Over 50,64181.83,12.8,10.2,0.101,13228.94,debt_consolidation,0,baseline
53,Over 50,49470.84,13.3,10.0,0.366,3393.58,home_improvement,0,baseline
22,Under 30,31328.37,1.9,4.0,0.059,8224.0,debt_consolidation,0,baseline
30,30-50,54289.87,0.0,2.5,0.056,7554.96,debt_consolidation,0,baseline
55,Over 50,77324.5,9.4,10.9,0.286,3451.25,auto,0,baseline
47,30-50,59505.48,7.1,11.7,0.238,13969.26,debt_consolidation,0,baseline
35,30-50,52840.37,6.6,5.7,0.434,8723.87,auto,0,baseline
46,30-50,34247.51,7.6,7.0,0.099,5096.83,home_improvement,0,baseline
65,Over 50,72419.57,15.1,17.3,0.545,9549.94,small_business,0,baseline
40,30-50,11975.8,2.3,5.7,0.339,12732.55,small_business,1,baseline
23,Under 30,58237.26,7.7,9.7,0.289,3346.3,debt_consolidation,0,baseline
36,30-50,155849.32,5.5,5.2,0.073,1678.82,education,0,baseline
66,Over 50,24865.39,17.2,18.0,0.364,7934.74,debt_consolidation,0,baseline
58,Over 50,43975.32,11.3,12.7,0.478,5518.47,home_improvement,0,baseline
62,Over 50,48846.6,12.4,12.3,0.204,15823.38,education,0,baseline
65,Over 50,39808.58,21.1,17.7,0.506,6733.1,debt_consolidation,0,baseline
26,Under 30,78148.68,0.0,2.2,0.063,9458.97,auto,0,baseline
34,30-50,60633.51,5.4,9.6,0.096,7379.86,debt_consolidation,0,baseline
23,Under 30,52498.25,0.0,0.0,0.116,3740.68,education,0,baseline
21,Under 30,70176.77,0.0,0.4,0.066,8227.68,home_improvement,1,baseline
61,Over 50,49391.71,12.1,10.4,0.486,4175.14,debt_consolidation,0,baseline
66,Over 50,205035.62,12.8,11.4,0.071,4074.23,debt_consolidation,0,baseline
28,Under 30,52475.73,2.6,4.0,0.12,4680.74,auto,0,baseline
56,Over 50,53523.55,4.5,7.6,0.087,4479.82,auto,0,baseline
47,30-50,22703.84,8.2,9.4,0.451,7293.72,auto,0,baseline
24,Under 30,38385.97,0.8,2.7,0.339,6660.86,home_improvement,0,baseline
65,Over 50,82151.47,11.3,11.6,0.113,9340.09,home_improvement,0,baseline
63,Over 50,26877.49,19.2,18.6,0.104,3688.25,auto,0,baseline
48,30-50,18566.22,7.7,4.8,0.468,7144.89,debt_consolidation,0,baseline
55,Over 50,49738.87,11.2,13.1,0.214,6369.86,debt_consolidation,0,baseline
40,30-50,90838.19,4.9,4.2,0.136,8961.57,debt_consolidation,0,baseline
59,Over 50,49964.68,13.1,11.6,0.47,9179.06,education,0,baseline
42,30-50,42139.63,11.3,11.7,0.032,8761.66,home_improvement,0,baseline
69,Over 50,21240.83,24.2,21.2,0.082,4938.73,debt_consolidation,0,baseline
24,Under 30,60084.93,3.3,5.6,0.1,8203.74,education,0,baseline
29,Under 30,66010.81,6.1,7.1,0.115,6269.17,home_improvement,0,baseline
68,Over 50,21987.3,21.6,18.7,0.151,15632.39,debt_consolidation,0,baseline
35,30-50,81677.97,5.6,9.6,0.158,8562.6,home_improvement,0,baseline
36,30-50,69186.63,10.0,11.4,0.48,8431.16,small_business,0,baseline
59,Over 50,81596.54,15.7,15.1,0.221,4270.78,education,0,baseline
30,30-50,63741.19,3.6,6.3,0.066,6031.79,auto,0,baseline
46,30-50,65785.66,9.8,8.4,0.191,9222.46,education,0,baseline
35,30-50,61964.96,0.0,6.3,0.095,7790.3,home_improvement,0,baseline
30,30-50,72461.64,4.0,3.0,0.128,7748.38,education,0,baseline
68,Over 50,21624.0,11.8,11.7,0.5,3371.62,education,0,baseline
30,30-50,24947.36,0.0,1.4,0.291,5393.57,debt_consolidation,0,baseline
25,Under 30,35199.83,2.0,2.9,0.448,7062.39,home_improvement,0,baseline
54,Over 50,46239.09,8.2,7.7,0.21,14777.21,debt_consolidation,0,baseline
63,Over 50,58376.09,14.7,12.2,0.049,3147.81,auto,0,baseline
27,Under 30,56732.74,2.5,6.4,0.091,4807.62,debt_consolidation,0,baseline
55,Over 50,81039.96,12.4,9.5,0.455,3136.6,home_improvement,0,baseline
47,30-50,82192.79,6.4,9.1,0.388,9534.81,small_business,0,baseline
61,Over 50,33104.57,16.7,16.7,0.319,14662.94,home_improvement,0,baseline
27,Under 30,54576.53,1.8,2.7,0.369,9703.67,debt_consolidation,0,baseline
68,Over 50,33472.38,17.8,17.3,0.307,10814.14,debt_consolidation,0,baseline
51,Over 50,45039.21,6.9,7.2,0.227,4836.67,small_business,0,baseline
62,Over 50,56659.0,13.8,10.9,0.238,9747.01,auto,0,baseline
38,30-50,10573.22,9.2,7.2,0.053,5506.95,auto,0,baseline
67,Over 50,145082.79,19.0,18.5,0.242,8348.81,home_improvement,0,baseline
51,Over 50,63252.12,8.1,9.7,0.159,10417.18,home_improvement,0,baseline
27,Under 30,37493.9,0.5,2.9,0.014,7002.6,auto,0,baseline
66,Over 50,116694.7,12.8,11.4,0.184,12210.88,education,0,baseline
59,Over 50,41925.77,11.3,10.7,0.269,7466.67,home_improvement,0,baseline
35,30-50,52033.02,0.7,1.9,0.228,9291.11,debt_consolidation,0,baseline
47,30-50,39371.52,8.7,5.5,0.528,20857.86,home_improvement,0,baseline
40,30-50,103093.98,8.5,9.0,0.333,10391.51,auto,0,baseline
47,30-50,46758.76,6.7,8.4,0.427,5570.87,debt_consolidation,0,baseline
68,Over 50,52431.76,16.2,15.1,0.527,6372.6,home_improvement,0,baseline
65,Over 50,84263.32,14.7,17.3,0.132,12538.38,debt_consolidation,0,baseline
31,30-50,63787.51,6.7,5.3,0.46,13648.07,education,0,baseline
68,Over 50,47836.46,14.6,12.4,0.129,7956.72,home_improvement,0,baseline
42,30-50,80795.45,5.6,6.8,0.117,3776.15,auto,0,baseline
55,Over 50,153632.31,9.4,10.0,0.264,5038.55,home_improvement,0,baseline
58,Over 50,56547.41,9.5,5.8,0.223,8869.49,education,0,baseline
44,30-50,51665.32,9.6,10.9,0.487,10831.23,small_business,0,baseline
43,30-50,52933.0,7.3,8.3,0.15,13391.63,debt_consolidation,0,baseline
43,30-50,88405.84,7.9,4.1,0.132,2933.36,debt_consolidation,0,baseline
63,Over 50,37434.99,18.5,16.6,0.164,12528.17,auto,0,baseline
39,30-50,43250.2,10.3,8.6,0.048,16539.45,auto,0,baseline
34,30-50,24542.23,0.0,1.1,0.037,2448.48,auto,0,baseline
38,30-50,28774.92,7.9,5.6,0.222,8081.6,home_improvement,0,baseline
30,30-50,38831.61,3.8,5.9,0.543,11835.85,auto,0,baseline
40,30-50,47802.27,5.3,9.7,0.063,4000.95,auto,0,baseline
26,Under 30,108671.79,2.7,4.7,0.244,6312.55,home_improvement,0,baseline
25,Under 30,62392.28,0.0,0.0,0.489,10722.55,debt_consolidation,0,baseline
56,Over 50,32518.51,16.6,15.9,0.121,6239.38,small_business,0,baseline
24,Under 30,35327.21,2.6,3.7,0.15,6755.99,home_improvement,0,baseline
48,30-50,91002.01,6.9,5.3,0.342,9048.95,debt_consolidation,0,baseline
59,Over 50,81387.31,11.5,11.9,0.295,4514.73,small_business,0,baseline
56,Over 50,49645.72,7.1,9.5,0.14,4753.1,auto,0,baseline
42,30-50,40169.49,6.4,5.8,0.22,10241.45,auto,0,baseline
30,30-50,81325.9,1.7,0.1,0.331,13022.98,education,0,baseline
66,Over 50,31351.04,11.8,7.4,0.409,9889.81,debt_consolidation,0,baseline
61,Over 50,58478.46,16.3,13.7,0.125,16004.38,auto,0,baseline
50,30-50,136311.3,14.0,12.9,0.114,9994.99,debt_consolidation,0,baseline
25,Under 30,53766.72,1.3,2.0,0.349,20404.61,education,0,baseline
22,Under 30,34578.1,0.0,0.6,0.541,8374.07,debt_consolidation,0,baseline
36,30-50,58963.03,6.6,8.4,0.315,9194.38,debt_consolidation,1,baseline
28,Under 30,39675.77,2.4,4.8,0.303,9912.99,debt_consolidation,0,baseline
63,Over 50,26177.3,11.5,11.6,0.043,5919.36,home_improvement,0,baseline
31,30-50,67202.53,1.5,4.9,0.138,5497.04,debt_consolidation,0,baseline
34,30-50,81066.53,3.7,3.6,0.124,5166.54,home_improvement,0,baseline
68,Over 50,42620.56,17.2,13.6,0.245,6137.27,auto,0,baseline
61,Over 50,41367.22,14.0,12.2,0.476,22819.64,debt_consolidation,1,baseline
31,30-50,31802.35,4.1,4.1,0.321,20145.57,education,0,baseline
39,30-50,45822.43,1.7,0.0,0.468,6877.68,education,0,baseline
46,30-50,38060.57,10.7,9.5,0.462,6566.48,debt_consolidation,0,baseline
53,Over 50,31102.25,11.2,13.2,0.52,2769.92,debt_consolidation,0,baseline
66,Over 50,114860.77,23.4,22.3,0.085,4928.89,auto,0,baseline
63,Over 50,60471.16,13.5,13.9,0.18,5406.36,debt_consolidation,0,baseline
68,Over 50,63422.74,17.4,16.2,0.246,6503.9,home_improvement,0,baseline
22,Under 30,72950.02,8.8,12.0,0.213,6094.6,auto,0,baseline
32,30-50,69353.11,4.4,3.4,0.307,9021.62,auto,0,baseline
48,30-50,40704.77,9.2,7.5,0.296,11937.91,auto,0,baseline
23,Under 30,55417.39,0.0,4.2,0.26,5631.33,education,0,baseline
38,30-50,43431.33,10.5,10.5,0.153,16621.68,auto,0,baseline
28,Under 30,59713.21,0.0,0.7,0.062,9631.88,debt_consolidation,0,baseline
66,Over 50,57168.65,17.0,16.7,0.128,12633.91,debt_consolidation,0,baseline
24,Under 30,41266.36,0.0,1.1,0.099,6504.35,auto,0,baseline
28,Under 30,26952.08,1.9,1.8,0.158,10649.09,auto,0,baseline
30,30-50,52355.21,0.0,0.3,0.173,10165.5,education,0,baseline
28,Under 30,44715.65,6.5,7.8,0.241,16878.45,home_improvement,0,baseline
48,30-50,20938.24,8.6,9.3,0.112,11230.03,auto,0,baseline
38,30-50,61601.89,2.3,6.9,0.222,12417.4,small_business,0,baseline
65,Over 50,75690.2,19.2,16.7,0.263,6219.81,debt_consolidation,0,baseline
33,30-50,152933.8,2.7,3.5,0.191,14734.71,debt_consolidation,0,baseline
47,30-50,41108.13,10.1,13.0,0.23,4280.92,small_business,0,baseline
53,Over 50,38467.91,13.7,15.0,0.381,6084.38,small_business,0,baseline
51,Over 50,29755.24,11.9,11.8,0.383,9326.83,debt_consolidation,0,baseline
60,Over 50,53846.29,7.1,4.5,0.254,4553.48,home_improvement,0,baseline
30,30-50,53693.28,5.2,4.6,0.274,5107.22,auto,0,baseline
45,30-50,34027.24,8.1,6.4,0.131,5108.5,debt_consolidation,0,baseline
60,Over 50,45309.93,12.7,12.2,0.24,9792.11,debt_consolidation,0,baseline
63,Over 50,20122.63,14.4,12.5,0.171,7484.0,debt_consolidation,0,baseline
51,Over 50,74374.58,5.7,9.7,0.231,13119.65,auto,0,baseline
52,Over 50,34654.9,11.4,8.0,0.703,20749.87,debt_consolidation,1,baseline
63,Over 50,48262.23,10.6,8.2,0.377,9276.31,debt_consolidation,0,baseline
51,Over 50,25796.34,9.6,10.2,0.541,6274.57,debt_consolidation,0,baseline
67,Over 50,37719.82,16.6,16.3,0.443,9741.66,auto,0,baseline
27,Under 30,43225.42,5.3,1.1,0.283,5177.86,education,0,baseline
38,30-50,48772.36,3.5,1.3,0.397,7849.21,auto,1,baseline
26,Under 30,60832.51,6.1,6.4,0.132,27753.74,debt_consolidation,0,baseline
25,Under 30,93674.73,4.2,8.1,0.276,7320.63,small_business,0,baseline
44,30-50,68167.28,6.8,11.2,0.222,9426.93,small_business,0,baseline
32,30-50,75582.05,0.5,1.6,0.056,7474.38,debt_consolidation,0,baseline
40,30-50,93971.5,2.3,3.5,0.407,6602.53,small_business,0,baseline
42,30-50,63346.1,8.2,6.9,0.554,10305.69,home_improvement,0,baseline
51,Over 50,48217.71,8.3,9.9,0.173,4292.16,debt_consolidation,0,baseline
67,Over 50,77195.8,19.7,20.8,0.143,7456.98,auto,0,baseline
62,Over 50,79447.7,12.3,14.4,0.325,4110.4,home_improvement,0,baseline
39,30-50,65634.36,3.6,4.8,0.476,17539.96,education,0,baseline
36,30-50,25474.1,6.0,5.1,0.068,13274.55,home_improvement,0,baseline
58,Over 50,33568.48,10.9,10.7,0.144,5518.79,education,0,baseline
27,Under 30,43317.66,2.1,6.5,0.332,3203.77,education,1,baseline
47,30-50,69621.55,12.1,10.8,0.117,10354.58,debt_consolidation,0,baseline
41,30-50,48552.17,7.4,4.3,0.188,7927.88,auto,0,baseline
29,Under 30,81763.88,3.2,3.8,0.084,24881.63,home_improvement,0,baseline
51,Over 50,88597.28,11.1,10.3,0.369,16331.77,debt_consolidation,0,baseline
36,30-50,84088.64,0.2,0.0,0.196,11131.95,home_improvement,0,baseline
30,30-50,84330.03,4.3,5.9,0.254,6222.21,education,0,baseline
53,Over 50,30741.01,11.7,12.4,0.167,7109.61,auto,0,baseline
29,Under 30,60912.03,5.5,10.1,0.153,9424.37,auto,0,baseline
53,Over 50,37294.9,13.0,9.7,0.413,9677.09,debt_consolidation,0,baseline
28,Under 30,23339.91,1.8,4.9,0.314,5688.3,auto,0,baseline
42,30-50,43072.41,10.4,12.3,0.067,4096.83,education,0,baseline
60,Over 50,88976.86,12.8,13.3,0.405,21250.03,small_business,0,baseline
32,30-50,60314.87,4.6,3.7,0.037,8241.43,education,0,baseline
58,Over 50,121541.89,12.0,9.5,0.339,10017.56,debt_consolidation,0,baseline
56,Over 50,53090.51,13.6,13.1,0.154,5277.89,small_business,0,baseline
65,Over 50,147489.35,14.3,13.6,0.093,16044.14,education,0,baseline
29,Under 30,53097.47,7.7,7.1,0.163,13630.15,debt_consolidation,0,baseline
56,Over 50,49519.22,18.3,19.2,0.178,8351.85,auto,0,baseline
66,Over 50,27564.24,18.4,15.9,0.192,9000.69,debt_consolidation,0,baseline
58,Over 50,80801.7,17.6,12.3,0.288,9344.02,auto,0,baseline
30,30-50,39106.49,0.0,1.6,0.142,8510.81,debt_consolidation,0,baseline
61,Over 50,36637.54,9.7,10.7,0.237,10710.21,auto,0,baseline
26,Under 30,87251.82,0.8,3.3,0.281,9781.94,debt_consolidation,0,baseline
49,30-50,82553.36,9.9,10.6,0.08,7420.85,education,0,baseline
45,30-50,81586.83,7.8,11.2,0.493,4517.49,debt_consolidation,0,baseline
47,30-50,41648.22,4.2,3.1,0.38,8001.07,debt_consolidation,1,baseline
46,30-50,47909.11,12.2,10.9,0.321,11791.45,debt_consolidation,0,baseline
22,Under 30,47718.07,6.8,10.5,0.049,11339.86,home_improvement,0,baseline
45,30-50,69712.38,12.2,7.9,0.043,15618.43,auto,0,baseline
66,Over 50,98627.37,19.0,17.1,0.581,16467.05,home_improvement,0,baseline
42,30-50,57853.31,8.0,10.9,0.093,11508.17,home_improvement,0,baseline
34,30-50,119217.04,2.0,6.0,0.256,8899.24,education,0,baseline
69,Over 50,73404.28,17.0,16.9,0.169,9621.46,auto,0,baseline
25,Under 30,44105.52,7.7,9.5,0.468,6080.33,home_improvement,0,baseline
44,30-50,71176.65,7.0,5.5,0.445,12084.01,home_improvement,0,baseline
46,30-50,105627.4,7.4,10.7,0.268,15706.62,small_business,0,baseline
44,30-50,120478.92,11.4,8.7,0.448,13640.71,debt_consolidation,0,baseline
66,Over 50,83625.28,19.3,15.1,0.453,10701.94,debt_consolidation,0,baseline
41,30-50,49590.45,4.5,6.3,0.072,7184.44,home_improvement,0,baseline
68,Over 50,44466.35,15.7,13.5,0.266,6781.91,auto,0,baseline
24,Under 30,63527.7,0.0,2.4,0.12,7480.89,debt_consolidation,0,baseline
56,Over 50,104118.87,12.5,12.8,0.086,5624.66,education,0,baseline
50,30-50,59587.2,13.5,16.3,0.358,9295.98,debt_consolidation,0,baseline
32,30-50,60146.55,1.4,4.0,0.24,2001.68,auto,0,baseline
32,30-50,50167.82,7.1,6.5,0.37,6189.48,debt_consolidation,0,baseline
56,Over 50,42296.05,12.6,13.4,0.046,8383.93,education,0,baseline
52,Over 50,45571.58,17.8,14.6,0.189,28305.98,home_improvement,0,baseline
50,30-50,52101.12,11.1,12.7,0.477,8121.04,debt_consolidation,0,baseline
23,Under 30,106206.97,0.4,2.5,0.212,8272.05,debt_consolidation,0,baseline
50,30-50,44008.09,11.9,12.3,0.261,5341.36,debt_consolidation,0,baseline
69,Over 50,50195.24,15.8,11.1,0.057,19144.45,home_improvement,0,baseline
21,Under 30,33209.13,0.0,0.0,0.248,5395.42,debt_consolidation,0,baseline
43,30-50,67675.8,7.0,4.6,0.056,22390.66,auto,0,baseline
45,30-50,90672.16,7.6,11.6,0.419,5597.24,home_improvement,0,baseline
64,Over 50,101826.33,10.3,7.9,0.235,12975.46,home_improvement,0,baseline
34,30-50,53718.57,4.3,6.9,0.136,7876.6,debt_consolidation,0,baseline
44,30-50,63478.68,1.8,2.2,0.574,6116.9,home_improvement,0,baseline
56,Over 50,45747.95,11.2,10.5,0.369,13423.94,small_business,0,baseline
23,Under 30,62168.79,1.4,3.1,0.257,15744.56,home_improvement,0,baseline
60,Over 50,56459.81,13.9,16.4,0.26,7385.21,education,0,baseline
61,Over 50,50323.07,12.8,13.4,0.121,8005.69,debt_consolidation,0,baseline
56,Over 50,52155.72,12.0,12.4,0.596,6592.55,debt_consolidation,0,baseline
52,Over 50,60075.96,8.5,11.4,0.132,9063.66,small_business,0,baseline
57,Over 50,42943.11,12.6,10.8,0.128,4687.57,auto,0,baseline
59,Over 50,43953.01,13.5,14.9,0.234,2107.61,auto,0,baseline
65,Over 50,105695.0,12.7,14.0,0.233,3180.79,home_improvement,0,baseline
41,30-50,166000.49,7.8,10.0,0.23,7255.17,education,0,baseline
43,30-50,28510.7,8.5,8.5,0.424,4746.01,small_business,0,baseline
52,Over 50,27812.42,10.4,9.4,0.167,7640.4,debt_consolidation,0,baseline
30,30-50,31865.56,10.4,8.6,0.039,6271.43,debt_consolidation,0,baseline
62,Over 50,46794.47,13.9,11.5,0.443,5691.99,education,1,baseline
58,Over 50,73357.59,12.1,9.9,0.329,5858.08,debt_consolidation,0,baseline
51,Over 50,63963.24,9.2,10.1,0.32,13142.44,home_improvement,0,baseline
35,30-50,52966.45,2.0,3.1,0.613,9114.66,debt_consolidation,0,baseline
38,30-50,62194.45,8.0,9.3,0.175,17720.45,home_improvement,0,baseline
42,30-50,35902.46,5.3,7.2,0.302,8532.44,home_improvement,0,baseline
53,Over 50,43920.86,9.5,7.5,0.081,3118.24,debt_consolidation,0,baseline
59,Over 50,48579.53,11.7,9.2,0.424,4808.3,debt_consolidation,0,baseline
53,Over 50,24031.07,8.2,8.1,0.195,8583.21,home_improvement,0,baseline
66,Over 50,29068.5,10.5,8.8,0.081,9145.24,home_improvement,0,baseline
68,Over 50,29593.06,15.1,12.3,0.213,6045.11,auto,0,baseline
55,Over 50,69137.23,14.5,17.0,0.343,5443.24,auto,0,baseline
39,30-50,54743.27,6.9,4.4,0.315,5979.03,debt_consolidation,0,baseline
50,30-50,64535.94,14.8,17.9,0.166,7538.44,home_improvement,0,baseline
41,30-50,21421.6,9.3,10.0,0.408,7906.92,education,0,baseline
51,Over 50,25144.51,12.1,13.6,0.307,4680.04,auto,0,baseline
60,Over 50,66068.47,19.3,19.2,0.19,9164.81,education,0,baseline
39,30-50,14039.06,6.0,8.0,0.266,9122.63,small_business,0,baseline
45,30-50,85057.54,8.6,12.2,0.483,7669.65,debt_consolidation,0,baseline
23,Under 30,21579.68,0.7,0.4,0.255,5735.92,debt_consolidation,0,baseline
57,Over 50,71646.9,17.2,15.5,0.333,11336.54,debt_consolidation,0,baseline
45,30-50,32864.13,8.4,7.0,0.135,15706.2,debt_consolidation,0,baseline
43,30-50,78590.54,5.8,3.2,0.076,6476.15,auto,0,baseline
47,30-50,207663.12,10.9,9.4,0.446,5917.99,debt_consolidation,0,baseline
31,30-50,17624.94,1.1,6.6,0.488,10228.76,small_business,0,baseline
50,30-50,67031.62,11.8,11.1,0.364,4512.96,auto,0,baseline
57,Over 50,21727.34,13.8,17.0,0.053,4280.04,small_business,0,baseline
38,30-50,59399.79,5.4,10.5,0.112,5858.09,auto,0,baseline
27,Under 30,44665.31,3.8,11.0,0.491,9459.19,debt_consolidation,0,baseline
39,30-50,51968.97,1.8,7.3,0.131,5217.53,debt_consolidation,0,baseline
30,30-50,32524.25,3.6,9.6,0.34,8027.46,education,0,baseline
39,30-50,69650.38,4.9,6.6,0.505,2967.08,debt_consolidation,0,baseline
51,Over 50,25546.08,19.1,17.7,0.027,11030.24,education,0,baseline
26,Under 30,85711.03,2.2,4.4,0.152,16651.04,debt_consolidation,0,baseline
57,Over 50,40775.53,10.8,10.6,0.156,5141.32,auto,0,baseline
32,30-50,26076.48,0.0,2.3,0.188,10117.8,home_improvement,0,baseline
64,Over 50,100480.76,19.0,18.7,0.115,7302.5,auto,0,baseline
56,Over 50,47557.55,11.2,10.0,0.206,8544.85,education,0,baseline
34,30-50,115663.01,2.2,1.0,0.376,7165.65,debt_consolidation,0,baseline
48,30-50,84932.34,10.5,11.1,0.39,6962.18,small_business,0,baseline
26,Under 30,34229.2,3.7,3.6,0.331,5342.41,auto,0,baseline
25,Under 30,47181.38,3.3,3.5,0.251,4691.76,home_improvement,0,baseline
67,Over 50,51764.87,16.2,14.6,0.348,14040.4,small_business,0,baseline
60,Over 50,97424.84,14.1,12.6,0.573,3499.83,education,0,baseline
28,Under 30,59687.8,3.1,6.7,0.465,8027.73,debt_consolidation,1,baseline
34,30-50,53068.12,5.6,6.1,0.485,7847.42,debt_consolidation,0,baseline
30,30-50,44804.07,4.4,7.9,0.614,7915.18,small_business,0,baseline
40,30-50,47918.14,9.9,10.4,0.471,11298.59,auto,0,baseline
35,30-50,88173.91,5.1,5.9,0.386,6732.02,home_improvement,0,baseline
37,30-50,49102.61,3.1,4.8,0.124,11231.76,debt_consolidation,0,baseline
46,30-50,41037.9,8.3,6.1,0.093,21871.48,home_improvement,0,baseline
30,30-50,38023.96,5.4,7.0,0.192,7509.27,debt_consolidation,0,baseline
64,Over 50,38208.21,9.7,11.5,0.362,2933.67,debt_consolidation,0,baseline
56,Over 50,26083.46,6.9,9.5,0.353,7545.65,home_improvement,0,baseline
58,Over 50,34972.98,15.7,11.9,0.162,7184.09,debt_consolidation,0,baseline
29,Under 30,96210.05,7.4,4.9,0.113,9907.11,auto,0,baseline
55,Over 50,44668.79,8.1,7.4,0.127,2989.81,auto,0,baseline
61,Over 50,67304.69,14.3,16.2,0.432,9530.46,auto,0,baseline
29,Under 30,16067.59,1.6,3.7,0.16,6563.55,debt_consolidation,0,baseline
57,Over 50,63306.3,11.8,9.9,0.269,12104.93,debt_consolidation,0,baseline
38,30-50,45587.61,6.9,4.6,0.138,6252.72,education,1,baseline
59,Over 50,39472.2,9.4,8.2,0.213,12506.36,auto,0,baseline
44,30-50,53179.7,4.7,4.3,0.15,3807.15,debt_consolidation,0,baseline
60,Over 50,39217.51,12.7,14.1,0.349,8175.45,auto,0,baseline
28,Under 30,18849.78,2.0,5.6,0.288,4984.48,home_improvement,0,baseline
40,30-50,74236.53,3.3,2.5,0.127,6348.31,debt_consolidation,0,baseline
34,30-50,54685.72,6.9,9.0,0.394,31572.55,education,1,baseline
33,30-50,42562.37,2.9,5.7,0.052,5040.27,home_improvement,0,baseline
36,30-50,31736.31,4.0,2.8,0.367,6725.77,home_improvement,0,baseline
39,30-50,25300.11,7.1,7.6,0.244,4573.94,education,0,baseline
27,Under 30,54217.1,1.7,4.1,0.297,6950.04,debt_consolidation,0,baseline
55,Over 50,101320.95,14.4,13.9,0.303,7517.73,auto,0,baseline
47,30-50,53713.78,6.3,3.6,0.132,5612.29,debt_consolidation,0,baseline
61,Over 50,26311.39,9.8,10.1,0.2,17821.89,small_business,1,baseline
55,Over 50,54246.98,11.0,12.0,0.162,14437.5,debt_consolidation,0,baseline
28,Under 30,47858.1,2.6,7.3,0.075,5047.23,small_business,0,baseline
24,Under 30,72317.37,0.0,0.7,0.068,12189.79,home_improvement,0,baseline
41,30-50,64410.37,2.8,3.2,0.083,6373.83,education,0,baseline
44,30-50,12789.5,8.6,8.5,0.196,4382.37,education,0,baseline
32,30-50,62652.51,1.6,3.8,0.276,5659.4,debt_consolidation,0,baseline
59,Over 50,31208.14,8.9,9.3,0.209,4324.35,auto,0,baseline
49,30-50,25854.04,12.7,13.4,0.423,12972.59,debt_consolidation,0,baseline
57,Over 50,45034.63,10.7,8.3,0.355,5228.1,debt_consolidation,0,baseline
26,Under 30,58979.02,5.2,7.0,0.373,15429.96,debt_consolidation,0,baseline
60,Over 50,23427.58,13.7,11.5,0.108,8694.42,auto,0,baseline
31,30-50,67309.68,4.4,5.2,0.506,6622.39,debt_consolidation,1,baseline
42,30-50,69113.3,6.7,10.8,0.346,6304.07,auto,0,baseline
42,30-50,50068.1,0.0,0.0,0.094,19463.99,education,0,baseline
61,Over 50,33175.58,10.6,9.9,0.154,8144.95,debt_consolidation,0,baseline
34,30-50,31548.46,4.2,2.8,0.42,6297.02,debt_consolidation,0,baseline
32,30-50,77782.32,4.9,6.3,0.057,12415.75,auto,0,baseline
37,30-50,24833.52,0.2,4.3,0.333,10859.27,debt_consolidation,0,baseline
38,30-50,79143.01,5.8,7.0,0.256,4944.12,debt_consolidation,0,baseline
29,Under 30,45508.77,0.0,1.8,0.334,8124.37,debt_consolidation,0,baseline
29,Under 30,46951.69,3.5,7.5,0.322,3280.18,debt_consolidation,0,baseline
32,30-50,22728.17,3.8,5.7,0.049,7968.68,auto,0,baseline
43,30-50,45888.85,9.9,11.6,0.447,9481.54,debt_consolidation,0,baseline
37,30-50,64609.29,8.8,10.5,0.269,10136.85,small_business,0,baseline
40,30-50,26865.96,8.0,2.7,0.384,4916.07,auto,0,baseline
56,Over 50,61352.19,14.8,13.7,0.065,5601.14,small_business,0,baseline
32,30-50,51024.21,2.8,2.1,0.183,9170.04,auto,0,baseline
65,Over 50,36691.85,23.9,19.4,0.108,15142.21,debt_consolidation,0,baseline
57,Over 50,72013.07,8.9,12.1,0.527,8484.81,debt_consolidation,0,baseline
29,Under 30,18196.5,1.2,2.2,0.437,6129.98,debt_consolidation,1,baseline
36,30-50,57297.16,8.0,12.1,0.129,13162.3,auto,0,baseline
29,Under 30,101594.62,5.1,3.2,0.303,8643.35,auto,0,baseline
34,30-50,93711.33,6.0,4.6,0.061,8860.58,debt_consolidation,0,baseline
38,30-50,58419.97,8.0,9.9,0.129,12074.57,auto,0,baseline
27,Under 30,42797.87,0.0,1.3,0.413,7722.15,debt_consolidation,0,baseline
21,Under 30,36823.4,4.8,6.4,0.04,5081.12,auto,0,baseline
42,30-50,42773.9,6.7,7.2,0.227,7500.37,debt_consolidation,0,baseline
55,Over 50,62612.06,15.6,14.2,0.226,14130.19,debt_consolidation,0,baseline
35,30-50,34089.35,0.0,1.4,0.482,20875.61,home_improvement,0,baseline
63,Over 50,68929.58,15.5,14.7,0.167,4405.6,small_business,0,baseline
39,30-50,128017.5,4.6,7.0,0.649,18372.77,auto,0,baseline
65,Over 50,47674.53,17.1,18.9,0.191,6744.94,home_improvement,0,baseline
32,30-50,26769.6,4.8,5.4,0.105,8186.39,home_improvement,0,baseline
47,30-50,26765.39,10.2,9.4,0.009,18957.12,home_improvement,0,baseline
58,Over 50,69525.89,9.8,8.8,0.312,6602.13,debt_consolidation,0,baseline
23,Under 30,47720.4,0.5,5.4,0.205,7064.25,auto,0,baseline
66,Over 50,72734.7,15.2,15.5,0.053,5875.85,debt_consolidation,0,baseline
38,30-50,38555.91,7.4,4.2,0.281,8257.99,home_improvement,0,baseline
45,30-50,71237.92,11.4,7.2,0.175,9469.97,debt_consolidation,0,baseline
51,Over 50,45650.3,11.0,9.1,0.298,5747.17,education,0,baseline
52,Over 50,35255.37,7.0,8.1,0.135,16733.71,debt_consolidation,0,baseline
22,Under 30,40927.22,0.7,2.5,0.209,5576.61,debt_consolidation,0,baseline
63,Over 50,28604.68,22.5,21.1,0.225,10396.23,home_improvement,0,baseline
51,Over 50,119995.77,15.4,14.0,0.208,8211.35,education,0,baseline
69,Over 50,46940.13,7.9,11.1,0.311,15091.11,small_business,0,baseline
44,30-50,65514.8,8.2,10.1,0.228,5420.99,debt_consolidation,0,baseline
51,Over 50,38499.82,13.3,12.8,0.268,10788.83,debt_consolidation,0,baseline
42,30-50,30535.11,6.8,9.7,0.159,27188.25,auto,1,baseline
64,Over 50,44123.76,13.7,9.6,0.107,3941.01,debt_consolidation,0,baseline
61,Over 50,80461.71,13.2,12.4,0.079,5165.24,debt_consolidation,0,baseline
65,Over 50,38780.42,17.1,15.9,0.395,22970.97,debt_consolidation,0,baseline
45,30-50,33132.19,5.0,7.2,0.11,7577.34,debt_consolidation,0,baseline
59,Over 50,52573.05,16.9,12.1,0.086,8576.63,auto,0,baseline
38,30-50,61362.87,5.8,6.1,0.833,6862.78,home_improvement,0,baseline
43,30-50,102670.66,4.9,6.7,0.269,18528.99,debt_consolidation,0,baseline
58,Over 50,57479.73,16.3,16.0,0.547,3616.28,debt_consolidation,1,baseline
24,Under 30,65499.43,0.0,4.4,0.196,15040.73,debt_consolidation,0,baseline
55,Over 50,67756.38,10.2,11.7,0.048,3870.92,education,0,baseline
21,Under 30,29177.21,0.0,1.9,0.019,3701.62,home_improvement,0,baseline
49,30-50,31777.08,16.2,16.3,0.45,4705.62,education,0,baseline
44,30-50,30098.98,6.0,6.4,0.08,7601.35,small_business,0,baseline
43,30-50,26917.57,1.2,3.3,0.147,5669.41,home_improvement,0,baseline
45,30-50,70119.55,6.7,8.9,0.17,5503.77,small_business,0,baseline
45,30-50,55855.46,9.8,9.7,0.388,5095.98,debt_consolidation,0,baseline
40,30-50,50806.18,9.0,9.9,0.259,5140.24,debt_consolidation,0,baseline
43,30-50,15264.38,14.5,15.5,0.136,5082.6,auto,1,baseline
48,30-50,123619.62,13.7,14.4,0.114,9112.76,debt_consolidation,0,baseline
58,Over 50,32780.12,13.5,15.3,0.04,5896.11,auto,0,baseline
48,30-50,123415.96,6.8,12.1,0.51,2137.52,education,0,baseline
52,Over 50,25535.92,15.7,16.0,0.201,7953.39,small_business,0,baseline
61,Over 50,34010.33,12.9,11.4,0.018,11786.48,home_improvement,0,baseline
69,Over 50,18191.65,14.8,14.9,0.324,7048.66,auto,1,baseline
26,Under 30,57696.76,0.5,3.3,0.203,4313.93,auto,0,baseline
55,Over 50,29864.76,8.1,9.7,0.613,11760.67,home_improvement,0,baseline
32,30-50,30246.93,2.5,7.0,0.36,4079.49,home_improvement,1,baseline
30,30-50,26433.0,2.5,0.6,0.116,6900.93,auto,0,baseline
59,Over 50,69550.6,15.5,17.4,0.305,8015.0,debt_consolidation,0,baseline
24,Under 30,67518.62,0.0,5.7,0.132,13899.09,auto,0,baseline
62,Over 50,110792.6,10.5,11.6,0.36,10816.93,debt_consolidation,0,baseline
58,Over 50,36005.68,8.1,9.7,0.299,9129.05,auto,0,baseline
69,Over 50,54093.47,17.4,15.5,0.105,12904.07,home_improvement,0,baseline
53,Over 50,27441.15,11.4,11.1,0.442,4541.44,debt_consolidation,0,baseline
63,Over 50,42160.22,13.0,13.8,0.218,17854.05,education,0,baseline
26,Under 30,38813.35,0.3,3.5,0.091,1750.19,home_improvement,0,baseline
64,Over 50,60415.59,16.2,16.4,0.146,16545.75,auto,0,baseline
28,Under 30,77471.07,6.6,8.6,0.035,5320.76,debt_consolidation,0,baseline
36,30-50,76571.48,2.9,6.1,0.281,9799.53,debt_consolidation,0,baseline
27,Under 30,33548.07,2.4,5.5,0.126,16717.84,education,0,baseline
40,30-50,76826.93,9.5,7.6,0.165,10726.5,home_improvement,0,baseline
57,Over 50,48057.89,10.3,11.9,0.124,9761.58,debt_consolidation,0,baseline
34,30-50,42358.8,4.5,9.3,0.299,12496.0,home_improvement,0,baseline
61,Over 50,35638.07,13.9,13.1,0.102,3866.21,home_improvement,0,baseline
50,30-50,38102.26,6.2,10.0,0.229,4167.31,small_business,1,baseline
51,Over 50,107370.55,11.0,9.0,0.607,9280.57,debt_consolidation,0,baseline
67,Over 50,56293.53,16.2,14.9,0.308,7340.75,home_improvement,0,baseline
42,30-50,53028.0,9.0,7.9,0.13,6929.86,debt_consolidation,0,baseline
37,30-50,43564.11,2.0,6.4,0.111,15049.5,debt_consolidation,0,baseline
69,Over 50,147368.33,16.8,18.7,0.185,14410.91,auto,0,baseline
48,30-50,88190.52,13.6,12.7,0.421,5113.46,debt_consolidation,0,baseline
51,Over 50,35437.36,16.7,17.7,0.402,10109.29,debt_consolidation,0,baseline
35,30-50,43341.82,8.7,12.3,0.681,3706.49,home_improvement,0,baseline
31,30-50,44515.38,0.0,1.9,0.142,3662.18,home_improvement,0,baseline
29,Under 30,52346.61,4.2,5.6,0.101,5185.27,small_business,0,baseline
31,30-50,35755.1,2.1,5.1,0.267,7891.29,auto,0,baseline
30,30-50,59722.7,4.0,3.5,0.075,5845.75,debt_consolidation,0,baseline
57,Over 50,94224.89,10.3,10.4,0.39,10153.84,debt_consolidation,0,baseline
23,Under 30,27142.81,0.0,6.3,0.448,8041.2,auto,0,baseline
51,Over 50,29505.56,9.5,8.6,0.173,14143.98,debt_consolidation,0,baseline
67,Over 50,39441.69,18.3,18.3,0.193,10644.72,debt_consolidation,0,baseline
58,Over 50,40273.22,13.8,14.1,0.227,4820.99,small_business,0,baseline
40,30-50,120488.51,7.9,8.0,0.236,12712.13,auto,0,baseline
23,Under 30,76939.07,1.3,3.5,0.33,5265.98,debt_consolidation,0,baseline
61,Over 50,74977.63,15.2,17.7,0.11,9954.05,debt_consolidation,0,baseline
21,Under 30,43522.59,1.6,4.4,0.376,6335.07,education,0,baseline
54,Over 50,43094.86,10.7,12.0,0.471,15709.8,auto,0,baseline
53,Over 50,25507.62,11.4,14.4,0.178,11679.53,debt_consolidation,0,baseline
30,30-50,69687.98,8.4,8.1,0.269,5731.25,home_improvement,0,baseline
57,Over 50,61143.24,13.0,10.3,0.241,6680.8,education,0,baseline
29,Under 30,87439.19,2.9,7.9,0.528,41550.16,debt_consolidation,1,baseline
32,30-50,44583.84,4.2,5.6,0.287,4313.58,auto,0,baseline
60,Over 50,45990.93,13.0,14.2,0.048,5653.58,education,0,baseline
68,Over 50,52919.15,15.1,12.6,0.65,5793.5,home_improvement,0,baseline
33,30-50,73229.52,4.8,6.6,0.161,4539.33,small_business,0,baseline
66,Over 50,25296.04,14.2,11.2,0.108,4784.2,debt_consolidation,0,baseline
65,Over 50,68269.97,15.0,14.1,0.266,7674.57,auto,0,baseline
58,Over 50,48570.76,10.6,9.2,0.252,10283.2,home_improvement,0,baseline
27,Under 30,30443.06,2.4,2.2,0.096,3653.45,home_improvement,1,baseline
35,30-50,19185.83,6.7,6.7,0.125,6306.15,auto,0,baseline
54,Over 50,46100.86,10.9,6.1,0.382,5420.84,auto,0,baseline
69,Over 50,94039.56,10.8,8.3,0.367,4513.18,home_improvement,0,baseline
60,Over 50,104152.15,15.4,15.9,0.057,13331.62,home_improvement,0,baseline
41,30-50,57521.8,7.4,8.6,0.058,5527.51,home_improvement,0,baseline
32,30-50,118527.77,0.9,0.5,0.365,4084.9,small_business,0,baseline
68,Over 50,48082.64,18.8,18.1,0.138,12582.66,education,0,baseline
34,30-50,75281.27,0.4,0.5,0.099,15147.95,home_improvement,0,baseline
37,30-50,40012.46,8.7,10.4,0.303,9125.5,home_improvement,0,baseline
68,Over 50,38887.59,16.3,14.8,0.176,5062.3,education,0,baseline
48,30-50,36138.75,2.6,3.5,0.152,7052.72,education,0,baseline
33,30-50,19394.83,4.7,5.6,0.185,5839.98,auto,1,baseline
21,Under 30,87482.28,0.0,7.1,0.224,7905.42,auto,0,baseline
42,30-50,36726.92,5.7,5.0,0.145,11590.66,debt_consolidation,0,baseline
69,Over 50,34178.52,14.6,14.1,0.226,8001.51,debt_consolidation,0,baseline
42,30-50,28825.42,7.0,9.1,0.411,8088.8,debt_consolidation,0,baseline
55,Over 50,44713.84,10.4,8.4,0.575,6269.54,home_improvement,0,baseline
33,30-50,108398.72,0.0,0.0,0.317,11298.58,auto,0,baseline
59,Over 50,125768.79,17.1,14.5,0.279,9741.43,education,0,baseline
59,Over 50,23216.3,12.6,13.6,0.272,3232.16,education,0,baseline
50,30-50,41793.6,8.0,7.7,0.366,3325.11,debt_consolidation,0,baseline
58,Over 50,30777.49,9.6,9.2,0.317,6864.9,auto,0,baseline
49,30-50,76477.51,12.1,13.5,0.106,13165.25,small_business,1,baseline
39,30-50,55768.65,2.4,2.3,0.42,14520.6,debt_consolidation,0,baseline
57,Over 50,36810.7,13.0,12.2,0.121,11866.5,debt_consolidation,0,baseline
61,Over 50,50648.15,12.2,8.8,0.173,7515.07,education,0,baseline
62,Over 50,39543.7,12.8,12.9,0.41,16855.81,debt_consolidation,0,baseline
31,30-50,101357.66,0.2,2.6,0.452,5646.28,auto,1,baseline
54,Over 50,62700.94,9.7,11.3,0.247,6832.79,home_improvement,0,baseline
21,Under 30,66265.23,0.0,0.0,0.238,3981.97,home_improvement,0,baseline
49,30-50,14763.12,10.5,10.0,0.236,6818.07,small_business,0,baseline
48,30-50,47569.41,7.1,5.1,0.146,5266.6,home_improvement,0,baseline
38,30-50,125172.11,5.7,6.0,0.127,17482.15,home_improvement,0,baseline
69,Over 50,89032.62,19.5,20.5,0.282,15843.27,debt_consolidation,0,baseline
64,Over 50,21350.06,10.1,9.4,0.073,8363.56,debt_consolidation,0,baseline
22,Under 30,42572.27,0.3,0.0,0.14,10234.02,home_improvement,0,baseline
31,30-50,28547.26,0.6,1.2,0.14,5990.3,auto,0,baseline
31,30-50,105873.02,0.3,0.0,0.148,2279.42,debt_consolidation,0,baseline
64,Over 50,54716.75,15.8,12.1,0.435,5534.56,debt_consolidation,0,baseline
46,30-50,34699.9,7.1,9.0,0.257,11777.91,home_improvement,0,baseline
56,Over 50,49780.12,8.6,6.0,0.101,10087.76,education,0,baseline
60,Over 50,15164.09,17.6,16.7,0.193,6660.6,debt_consolidation,0,baseline
58,Over 50,30084.56,15.7,14.6,0.134,11728.2,education,0,baseline
25,Under 30,49831.35,0.0,0.9,0.043,6403.41,small_business,0,baseline
27,Under 30,71722.08,0.0,2.5,0.287,4578.81,debt_consolidation,0,baseline
40,30-50,20463.72,8.4,6.9,0.371,11728.72,home_improvement,0,baseline
37,30-50,41294.31,4.7,7.5,0.364,5967.53,auto,0,baseline
57,Over 50,77215.74,17.1,14.3,0.45,13538.68,debt_consolidation,0,baseline
28,Under 30,25510.52,4.3,4.7,0.232,2984.44,education,0,baseline
39,30-50,54346.33,7.2,6.7,0.069,6095.03,small_business,1,baseline
32,30-50,50497.98,0.8,4.0,0.171,10922.59,auto,0,baseline
30,30-50,106029.34,4.6,6.8,0.168,10372.7,debt_consolidation,0,baseline
29,Under 30,44198.17,0.0,0.0,0.149,7254.88,debt_consolidation,0,baseline
30,30-50,45377.87,7.1,8.2,0.114,9354.95,home_improvement,0,baseline
48,30-50,72022.36,10.7,7.1,0.22,8691.32,debt_consolidation,0,baseline
41,30-50,26987.88,4.5,4.9,0.33,3848.67,education,0,baseline
42,30-50,44382.59,9.8,9.6,0.404,6756.02,home_improvement,0,baseline
44,30-50,39931.62,14.8,13.1,0.177,9078.78,auto,0,baseline
57,Over 50,46050.31,11.9,12.6,0.086,10436.96,auto,0,baseline
63,Over 50,71810.28,16.4,16.5,0.553,7843.49,debt_consolidation,1,baseline
46,30-50,62904.48,7.5,6.4,0.068,6148.85,auto,0,baseline
52,Over 50,34999.64,11.1,9.3,0.214,4157.84,education,0,baseline
57,Over 50,52130.98,8.1,8.4,0.196,11806.32,home_improvement,0,baseline
54,Over 50,95865.24,11.5,8.2,0.094,11174.88,auto,0,baseline
27,Under 30,33721.32,2.2,2.8,0.571,13274.72,debt_consolidation,0,baseline
69,Over 50,52330.0,22.2,22.5,0.082,4725.91,auto,0,baseline
29,Under 30,44939.74,0.0,0.0,0.247,8612.81,small_business,1,baseline
41,30-50,47650.47,6.2,6.2,0.171,5732.27,auto,0,baseline
52,Over 50,23534.06,14.7,12.6,0.226,8293.48,debt_consolidation,0,baseline
40,30-50,92488.84,5.9,10.8,0.323,34659.64,debt_consolidation,0,baseline
32,30-50,34597.67,3.3,3.6,0.385,12731.35,small_business,0,baseline
66,Over 50,77787.22,13.3,11.6,0.191,5553.49,auto,0,baseline
24,Under 30,37063.23,0.0,0.0,0.046,7141.55,debt_consolidation,0,baseline
33,30-50,36994.44,0.0,2.0,0.441,6761.22,auto,0,baseline
69,Over 50,84618.27,14.9,14.5,0.499,8620.98,debt_consolidation,0,baseline
56,Over 50,76668.64,9.3,7.7,0.215,3782.07,small_business,0,baseline
25,Under 30,53846.88,1.8,5.4,0.313,9526.68,home_improvement,0,baseline
57,Over 50,69045.28,10.2,10.7,0.212,2810.71,debt_consolidation,0,baseline
68,Over 50,43051.45,15.0,15.7,0.272,3510.97,debt_consolidation,0,baseline
25,Under 30,48836.56,0.0,1.4,0.224,22044.92,debt_consolidation,0,baseline
41,30-50,36398.0,6.9,8.0,0.518,6765.69,auto,0,baseline
43,30-50,73631.58,6.1,6.5,0.255,16533.15,auto,0,baseline
27,Under 30,35881.03,0.0,4.9,0.367,5404.13,auto,0,baseline
30,30-50,95637.51,3.4,5.0,0.371,2833.44,debt_consolidation,0,baseline
29,Under 30,42526.16,6.0,6.8,0.136,4791.79,education,0,baseline
30,30-50,49475.3,3.5,3.9,0.041,31070.06,education,0,baseline
40,30-50,68970.05,4.8,4.8,0.116,4002.44,auto,0,baseline
43,30-50,49550.07,7.3,8.3,0.072,19697.43,auto,0,baseline
32,30-50,42870.59,0.0,3.6,0.517,9629.7,debt_consolidation,0,baseline
35,30-50,48362.96,4.5,4.2,0.15,8603.44,education,0,baseline
30,30-50,73292.84,1.9,3.8,0.326,5573.07,debt_consolidation,0,baseline
60,Over 50,36377.89,10.8,11.0,0.142,5163.62,education,0,baseline
31,30-50,46313.71,1.2,3.7,0.2,10743.4,home_improvement,0,baseline
65,Over 50,49248.25,14.2,9.9,0.46,15672.11,debt_consolidation,0,baseline
47,30-50,72335.0,12.1,9.8,0.605,8938.7,debt_consolidation,0,baseline
60,Over 50,46867.02,16.9,12.8,0.074,11728.59,small_business,0,baseline
52,Over 50,110606.55,8.1,8.5,0.327,6549.9,auto,0,baseline
34,30-50,45686.48,3.0,2.6,0.052,24017.6,home_improvement,0,baseline
50,30-50,44048.31,8.7,7.9,0.23,9129.75,small_business,0,baseline
34,30-50,45389.48,7.0,5.2,0.305,22395.16,home_improvement,1,baseline
26,Under 30,27106.03,2.2,2.9,0.096,5001.03,education,1,baseline
33,30-50,30744.7,4.5,3.3,0.265,7922.76,education,0,baseline
34,30-50,38607.43,6.2,8.4,0.106,13845.95,education,0,baseline
27,Under 30,81725.67,0.3,3.2,0.099,8699.38,debt_consolidation,0,baseline
22,Under 30,48295.48,4.4,5.9,0.468,10497.25,small_business,0,baseline
67,Over 50,39415.33,16.1,14.3,0.522,4969.68,auto,0,baseline
46,30-50,85130.5,6.2,2.9,0.559,6616.05,home_improvement,0,baseline
40,30-50,98521.46,6.0,5.9,0.28,5230.9,education,0,baseline
66,Over 50,86242.82,19.4,16.0,0.216,7763.87,debt_consolidation,0,baseline
32,30-50,33393.26,2.6,4.6,0.136,7374.62,debt_consolidation,0,baseline
40,30-50,39227.69,9.5,10.8,0.07,6219.72,auto,0,baseline
62,Over 50,110877.5,12.5,12.6,0.561,11116.36,auto,0,baseline
51,Over 50,54639.53,8.2,11.1,0.136,4757.2,home_improvement,0,baseline
40,30-50,43458.76,8.6,7.8,0.338,2766.68,auto,0,baseline
33,30-50,67728.11,1.6,2.0,0.24,6088.85,small_business,0,baseline
22,Under 30,77132.85,2.8,6.3,0.432,23770.52,debt_consolidation,0,baseline
25,Under 30,37905.36,2.5,4.3,0.318,10456.19,debt_consolidation,0,baseline
28,Under 30,54108.58,0.0,1.5,0.15,5307.52,debt_consolidation,0,baseline
59,Over 50,74380.72,13.1,16.2,0.101,10122.52,small_business,0,baseline
52,Over 50,29081.89,9.2,10.5,0.051,7577.41,debt_consolidation,0,baseline
42,30-50,49293.89,8.4,8.3,0.062,9836.09,home_improvement,0,baseline
59,Over 50,29688.79,19.0,15.8,0.082,12586.33,small_business,0,baseline
28,Under 30,31488.85,1.3,5.7,0.104,8926.3,auto,0,baseline
31,30-50,38048.04,5.1,6.5,0.407,8606.51,debt_consolidation,0,baseline
40,30-50,60761.02,6.7,7.4,0.212,17038.84,small_business,0,baseline
65,Over 50,42407.89,15.5,15.7,0.449,10612.99,debt_consolidation,1,baseline
51,Over 50,36614.95,10.0,11.8,0.282,8932.21,home_improvement,0,baseline
62,Over 50,50171.36,11.8,12.5,0.188,8275.93,debt_consolidation,0,baseline
33,30-50,29256.78,5.2,7.9,0.237,6106.14,auto,0,baseline
62,Over 50,59454.19,13.5,13.7,0.158,4346.96,debt_consolidation,0,baseline
24,Under 30,81562.43,0.0,3.1,0.295,11329.89,education,0,baseline
32,30-50,47304.38,6.9,6.1,0.132,15341.15,auto,0,baseline
46,30-50,44748.27,9.0,12.9,0.154,10035.83,debt_consolidation,0,baseline
23,Under 30,57991.29,0.0,0.0,0.17,10753.29,education,0,baseline
63,Over 50,19676.67,18.7,17.6,0.054,5200.2,education,0,baseline
63,Over 50,62415.43,9.2,6.7,0.506,6014.34,home_improvement,0,baseline
47,30-50,197965.61,12.9,12.1,0.268,4268.81,home_improvement,0,baseline
35,30-50,46387.98,2.3,2.7,0.433,7152.67,home_improvement,0,baseline
25,Under 30,46462.17,2.0,3.9,0.296,13248.0,home_improvement,0,baseline
51,Over 50,68502.34,8.7,9.7,0.276,5717.5,education,0,baseline
47,30-50,102785.51,6.3,5.2,0.292,7806.16,debt_consolidation,0,baseline
58,Over 50,76018.77,16.9,15.5,0.093,11512.94,home_improvement,0,baseline
50,30-50,18582.53,15.7,17.4,0.23,14824.88,education,0,baseline
27,Under 30,63166.51,1.4,0.5,0.107,3556.33,small_business,0,baseline
26,Under 30,155962.14,2.8,2.5,0.474,6384.68,debt_consolidation,0,baseline
59,Over 50,64867.27,13.5,14.5,0.149,5601.9,debt_consolidation,0,baseline
28,Under 30,29156.38,7.6,8.3,0.124,5227.3,education,0,baseline
66,Over 50,55649.22,9.4,9.8,0.181,6691.01,small_business,0,baseline
26,Under 30,27548.15,2.9,6.3,0.082,3060.27,auto,0,baseline
56,Over 50,85370.99,10.1,8.5,0.077,6742.59,auto,0,baseline
68,Over 50,31883.78,9.4,8.5,0.466,8246.18,debt_consolidation,0,baseline
42,30-50,50686.23,6.3,5.7,0.18,4809.91,small_business,0,baseline
23,Under 30,33322.86,6.2,6.3,0.09,6368.66,auto,0,baseline
63,Over 50,38334.22,12.7,14.9,0.179,8182.71,auto,0,baseline
30,30-50,95680.31,5.5,3.0,0.485,8603.37,education,0,baseline
46,30-50,51356.96,12.3,9.5,0.095,3578.82,education,0,baseline
69,Over 50,38114.84,16.8,12.7,0.442,11500.29,debt_consolidation,0,baseline
57,Over 50,29279.63,13.0,15.2,0.125,11639.42,debt_consolidation,0,baseline
23,Under 30,21114.9,0.0,0.8,0.154,5590.26,debt_consolidation,0,baseline
61,Over 50,27915.12,11.9,10.8,0.293,18750.47,small_business,0,baseline
28,Under 30,51553.82,5.2,2.9,0.484,10177.3,home_improvement,0,baseline
57,Over 50,76199.12,12.8,11.7,0.117,9467.65,auto,0,baseline
51,Over 50,38095.13,11.6,13.0,0.176,11401.87,debt_consolidation,0,baseline
35,30-50,99383.82,5.3,6.7,0.188,4834.35,home_improvement,0,baseline
41,30-50,35494.21,13.6,12.6,0.208,6790.51,debt_consolidation,0,baseline
26,Under 30,44041.81,0.5,0.0,0.651,11034.7,small_business,0,baseline
69,Over 50,30157.55,21.6,18.6,0.242,5437.68,home_improvement,0,baseline
32,30-50,76560.98,4.3,5.7,0.07,6793.89,education,0,baseline
36,30-50,125980.17,10.3,8.3,0.261,10943.61,debt_consolidation,0,baseline
45,30-50,22185.24,4.7,7.1,0.396,9460.92,debt_consolidation,0,baseline
53,Over 50,41949.72,11.8,13.2,0.286,8188.33,debt_consolidation,0,baseline
45,30-50,86608.3,7.2,6.7,0.288,8360.61,debt_consolidation,0,baseline
45,30-50,25562.32,8.8,10.5,0.193,7424.62,auto,0,baseline
49,30-50,63259.95,13.5,12.6,0.337,12411.61,debt_consolidation,0,baseline
63,Over 50,84936.78,15.8,17.0,0.214,23041.03,home_improvement,0,baseline
40,30-50,50777.21,10.3,14.3,0.113,9380.01,debt_consolidation,0,baseline
61,Over 50,62794.22,12.0,9.4,0.268,15382.9,small_business,0,baseline
59,Over 50,108272.46,10.8,12.2,0.027,6513.59,debt_consolidation,0,baseline
68,Over 50,117805.7,16.5,17.8,0.396,5763.01,education,0,baseline
65,Over 50,47672.73,15.3,12.3,0.192,5463.83,education,0,baseline
60,Over 50,38577.71,13.1,11.3,0.199,5119.58,small_business,0,baseline
33,30-50,32403.09,1.3,1.9,0.346,6996.97,auto,0,baseline
58,Over 50,76087.09,16.5,15.0,0.264,12620.21,auto,0,baseline
57,Over 50,26441.79,11.5,10.5,0.097,13379.35,auto,0,baseline
35,30-50,43754.15,9.2,8.9,0.199,6280.3,education,0,baseline
54,Over 50,51339.23,11.6,12.9,0.167,6891.46,education,0,baseline
33,30-50,39091.05,6.1,3.1,0.165,8094.8,home_improvement,0,baseline
46,30-50,55598.92,10.4,8.4,0.112,9109.26,auto,0,baseline
60,Over 50,155442.47,11.2,12.3,0.324,10865.57,small_business,0,baseline
30,30-50,46410.48,4.3,6.5,0.545,6637.08,debt_consolidation,0,baseline
37,30-50,40298.42,11.4,9.0,0.391,7330.42,auto,0,baseline
59,Over 50,77412.17,14.1,14.4,0.401,15952.06,debt_consolidation,0,baseline
43,30-50,54601.28,10.4,13.0,0.063,7049.46,home_improvement,0,baseline
68,Over 50,93685.72,18.5,16.7,0.029,6079.6,auto,0,baseline
21,Under 30,52791.71,0.9,0.7,0.186,7763.84,home_improvement,0,baseline
56,Over 50,43835.95,12.8,14.0,0.254,8425.97,debt_consolidation,0,baseline
60,Over 50,21967.6,15.3,17.7,0.524,3750.19,education,0,baseline
65,Over 50,23650.02,17.7,14.4,0.096,6490.92,debt_consolidation,0,baseline
28,Under 30,21459.78,0.0,2.1,0.182,9996.42,home_improvement,1,baseline
69,Over 50,58145.43,17.5,18.2,0.329,22076.07,debt_consolidation,1,baseline
40,30-50,26555.38,6.1,7.1,0.086,6220.2,small_business,0,baseline
38,30-50,86250.39,4.8,2.3,0.15,11877.96,home_improvement,0,baseline
38,30-50,49692.58,9.8,10.8,0.179,8862.67,education,0,baseline
52,Over 50,43919.6,8.7,7.0,0.168,14472.51,home_improvement,0,baseline
53,Over 50,33532.33,7.0,5.1,0.38,5946.6,debt_consolidation,0,baseline
44,30-50,64861.95,10.4,6.9,0.139,14067.09,debt_consolidation,0,baseline
24,Under 30,34131.5,0.0,4.4,0.359,16334.52,home_improvement,0,baseline
69,Over 50,31463.39,11.0,9.1,0.287,16685.66,education,0,baseline
31,30-50,83680.18,6.2,7.6,0.102,16542.76,auto,0,baseline
25,Under 30,57502.26,1.9,4.7,0.134,8914.49,debt_consolidation,0,baseline
50,30-50,44102.94,11.6,11.6,0.1,10856.0,home_improvement,0,baseline
41,30-50,65424.03,5.7,7.1,0.044,6569.62,home_improvement,0,baseline
51,Over 50,49218.23,6.3,7.8,0.253,2666.53,auto,0,baseline
63,Over 50,58241.64,11.1,11.2,0.241,9209.01,education,0,baseline
25,Under 30,33942.34,0.6,0.9,0.49,7476.37,auto,0,baseline
34,30-50,124452.5,0.7,0.9,0.061,13115.26,education,0,baseline
46,30-50,37766.25,9.7,9.5,0.191,12468.84,auto,0,baseline
59,Over 50,98736.24,11.9,11.3,0.207,4764.35,debt_consolidation,0,baseline
50,30-50,45026.61,10.7,11.4,0.269,26097.07,home_improvement,0,baseline
39,30-50,70487.71,6.8,9.6,0.374,9838.59,education,0,baseline
50,30-50,68213.69,11.3,11.7,0.379,4263.8,debt_consolidation,0,baseline
69,Over 50,82132.02,18.3,15.0,0.397,4573.06,debt_consolidation,0,baseline
44,30-50,33581.12,7.0,3.3,0.111,2727.45,education,0,baseline
64,Over 50,79541.64,15.6,12.9,0.492,11870.63,home_improvement,0,baseline
59,Over 50,112521.31,14.0,10.5,0.572,6226.48,debt_consolidation,0,baseline
35,30-50,43633.83,0.0,0.5,0.201,5323.08,education,0,baseline
33,30-50,49792.4,6.1,7.4,0.222,5872.38,debt_consolidation,0,baseline
58,Over 50,38733.07,13.4,12.9,0.437,6972.26,auto,0,baseline
31,30-50,41944.55,5.2,9.9,0.292,10805.69,debt_consolidation,0,baseline
37,30-50,105888.32,1.7,4.4,0.301,3560.9,auto,0,baseline
32,30-50,31197.54,2.9,8.1,0.133,4746.2,education,0,baseline
50,30-50,32081.88,6.9,8.9,0.768,10224.24,debt_consolidation,0,baseline
35,30-50,101205.2,7.1,9.9,0.221,6020.72,education,0,baseline
53,Over 50,64928.81,7.0,6.9,0.415,10841.56,auto,1,baseline
66,Over 50,127282.79,13.0,10.2,0.136,6318.7,education,0,baseline
61,Over 50,40026.72,15.6,13.6,0.439,17808.06,debt_consolidation,0,baseline
67,Over 50,51887.15,14.2,13.3,0.464,8994.2,education,0,baseline
22,Under 30,36413.52,0.0,0.7,0.49,14959.97,small_business,0,baseline
43,30-50,52286.08,10.4,8.3,0.357,10497.38,auto,0,baseline
31,30-50,22062.98,6.3,7.9,0.232,10819.88,small_business,0,baseline
65,Over 50,66717.97,17.6,14.0,0.641,5562.43,home_improvement,0,baseline
55,Over 50,56701.92,14.4,10.5,0.278,14525.93,auto,0,baseline
36,30-50,47767.48,4.6,3.4,0.075,9026.14,auto,0,baseline
48,30-50,41123.54,8.8,8.6,0.472,5029.63,debt_consolidation,0,baseline
50,30-50,32773.01,8.2,6.6,0.186,2821.44,auto,0,baseline
45,30-50,68014.13,8.9,8.7,0.267,8690.36,home_improvement,0,baseline
44,30-50,28940.85,6.5,8.4,0.027,17221.89,small_business,1,baseline
23,Under 30,61719.37,0.0,3.1,0.295,5148.32,education,0,baseline
43,30-50,124679.68,9.5,8.3,0.227,5062.4,education,0,baseline
38,30-50,95653.22,9.5,7.0,0.223,6917.92,auto,0,baseline
61,Over 50,24901.73,15.2,13.0,0.099,14053.38,education,0,baseline
63,Over 50,38502.09,20.1,19.4,0.331,3234.42,home_improvement,0,baseline
57,Over 50,59257.81,10.5,12.2,0.107,5854.17,auto,0,baseline
22,Under 30,47494.69,0.0,2.7,0.242,4900.63,debt_consolidation,0,baseline
62,Over 50,26115.06,16.5,17.6,0.233,10732.7,auto,0,baseline
40,30-50,58302.03,4.3,8.9,0.312,7545.01,debt_consolidation,0,baseline
41,30-50,48800.33,6.2,6.0,0.212,6813.83,education,0,baseline
67,Over 50,116011.71,10.8,13.6,0.232,7405.36,home_improvement,0,baseline
63,Over 50,43741.26,12.0,11.1,0.235,11997.01,small_business,0,baseline
23,Under 30,82917.51,0.0,4.0,0.295,14197.22,education,0,baseline
38,30-50,27717.25,4.6,7.1,0.379,13525.27,auto,0,baseline
57,Over 50,30865.55,11.4,7.2,0.247,10804.34,debt_consolidation,0,baseline
47,30-50,67829.19,9.4,7.6,0.476,16186.82,auto,0,baseline
33,30-50,79831.93,7.9,5.9,0.21,5085.73,education,0,baseline
46,30-50,31862.12,10.8,7.1,0.124,9836.35,home_improvement,0,baseline
63,Over 50,49554.82,9.8,11.6,0.559,26220.43,auto,0,baseline
31,30-50,26325.4,5.3,10.4,0.358,3234.5,education,1,baseline
57,Over 50,45181.87,12.9,11.8,0.254,6203.59,debt_consolidation,0,baseline
57,Over 50,71440.15,12.3,13.6,0.256,4827.47,home_improvement,0,baseline
64,Over 50,40306.53,15.0,17.0,0.174,9361.49,education,0,baseline
35,30-50,43823.89,5.5,6.8,0.061,16629.21,home_improvement,0,baseline
31,30-50,29483.68,1.4,3.1,0.519,10601.53,education,1,baseline
47,30-50,36615.93,8.6,8.4,0.503,7268.76,auto,0,baseline
47,30-50,108136.53,12.7,13.2,0.084,10644.93,home_improvement,0,baseline
41,30-50,50656.16,4.9,7.7,0.467,7010.33,small_business,0,baseline
59,Over 50,31224.6,10.2,11.1,0.343,8929.99,debt_consolidation,0,baseline
60,Over 50,42546.49,13.5,13.6,0.098,11040.28,debt_consolidation,0,baseline
33,30-50,23888.62,0.8,2.5,0.225,19465.74,debt_consolidation,0,baseline
59,Over 50,31058.51,8.1,5.3,0.182,10144.8,small_business,0,baseline
32,30-50,90413.86,2.8,6.0,0.224,9034.88,debt_consolidation,0,baseline
40,30-50,45976.37,11.0,8.2,0.161,22419.83,debt_consolidation,0,baseline
22,Under 30,114786.43,0.2,3.4,0.117,3047.32,debt_consolidation,0,baseline
37,30-50,46961.97,6.1,8.4,0.232,7738.72,auto,0,baseline
67,Over 50,48233.52,9.7,7.5,0.316,5593.49,debt_consolidation,0,baseline
42,30-50,65408.16,8.7,7.7,0.174,7192.51,debt_consolidation,0,baseline
55,Over 50,14725.49,12.2,16.0,0.606,10959.78,home_improvement,0,baseline
26,Under 30,53756.65,0.0,1.8,0.282,13231.18,auto,0,baseline
52,Over 50,47952.01,11.4,8.7,0.506,6246.64,auto,0,baseline
39,30-50,95675.5,6.8,9.1,0.101,11322.71,auto,0,baseline
57,Over 50,75667.63,9.4,8.0,0.115,5172.84,auto,0,baseline
66,Over 50,29432.03,16.7,11.6,0.201,4271.65,education,0,baseline
47,30-50,85730.37,12.7,13.2,0.411,8395.31,auto,0,baseline
26,Under 30,43562.78,1.1,1.0,0.279,7264.32,auto,0,baseline
44,30-50,32630.28,5.4,7.0,0.465,17073.23,home_improvement,0,baseline
27,Under 30,53567.43,1.6,1.6,0.033,23487.54,small_business,0,baseline
43,30-50,44745.84,10.3,11.6,0.268,5977.3,education,0,baseline
23,Under 30,97959.5,0.0,2.4,0.798,3275.53,auto,0,baseline
52,Over 50,57141.16,12.6,6.9,0.072,4090.46,home_improvement,0,baseline
36,30-50,53774.06,3.2,5.3,0.241,5335.57,debt_consolidation,0,baseline
30,30-50,73518.41,3.9,4.5,0.197,8988.06,small_business,0,baseline
21,Under 30,80160.99,0.0,4.8,0.193,7111.04,debt_consolidation,0,baseline
64,Over 50,69746.48,13.3,13.5,0.047,4318.85,home_improvement,0,baseline
62,Over 50,92851.67,18.9,18.6,0.541,19792.71,debt_consolidation,0,baseline
60,Over 50,64466.89,9.4,8.1,0.152,11287.25,debt_consolidation,0,baseline
23,Under 30,52862.17,2.2,2.1,0.079,19526.15,home_improvement,1,baseline
38,30-50,85616.0,11.1,10.9,0.116,3292.67,auto,0,baseline
68,Over 50,47056.14,18.5,16.1,0.098,15311.19,debt_consolidation,0,baseline
49,30-50,49759.71,5.8,9.3,0.082,7521.24,debt_consolidation,0,baseline
27,Under 30,106373.27,0.0,1.7,0.219,6661.38,auto,0,baseline
27,Under 30,101708.47,0.0,0.0,0.411,8202.26,auto,0,baseline
33,30-50,48840.78,4.7,4.1,0.367,5711.58,auto,0,baseline
68,Over 50,39970.69,17.1,17.6,0.148,7543.96,small_business,0,baseline
29,Under 30,94696.1,0.0,1.7,0.232,13006.59,debt_consolidation,0,baseline
65,Over 50,70276.19,12.8,11.8,0.183,3036.6,home_improvement,0,baseline
54,Over 50,56500.88,9.1,11.4,0.179,17131.2,home_improvement,0,baseline
66,Over 50,42410.76,15.2,12.3,0.071,9859.55,debt_consolidation,0,baseline
61,Over 50,56912.11,20.0,13.5,0.138,7668.61,education,0,baseline
37,30-50,48544.26,2.8,2.5,0.22,12936.48,debt_consolidation,0,baseline
61,Over 50,36353.57,11.1,11.3,0.22,9719.67,home_improvement,0,baseline
29,Under 30,51951.67,0.0,1.5,0.454,6374.4,debt_consolidation,0,baseline
35,30-50,55239.9,6.8,4.3,0.395,5505.88,home_improvement,0,baseline
31,30-50,41401.49,3.4,6.7,0.392,17150.37,education,0,baseline
27,Under 30,73623.65,0.0,2.3,0.346,3867.98,auto,0,baseline
25,Under 30,87550.81,0.3,3.0,0.252,7343.32,auto,0,baseline
30,30-50,75845.52,0.8,3.5,0.617,4002.97,debt_consolidation,0,baseline
26,Under 30,43290.49,2.6,1.5,0.391,10341.23,debt_consolidation,0,baseline
39,30-50,68879.9,14.4,14.1,0.099,7719.29,auto,0,baseline
24,Under 30,50771.1,2.7,6.0,0.158,4338.31,debt_consolidation,0,baseline
24,Under 30,28110.95,0.8,4.9,0.405,5247.47,home_improvement,0,baseline
69,Over 50,66351.94,14.8,15.3,0.065,8285.02,education,0,baseline
25,Under 30,52352.72,0.0,3.0,0.236,9344.45,home_improvement,0,baseline
24,Under 30,157486.75,3.3,1.1,0.285,3076.09,home_improvement,0,baseline
22,Under 30,94444.9,2.4,3.9,0.604,5694.68,small_business,0,baseline
27,Under 30,67509.09,0.7,0.6,0.571,8779.95,small_business,0,baseline
46,30-50,54837.35,12.4,14.5,0.207,14837.49,debt_consolidation,0,baseline
61,Over 50,52768.78,14.1,15.5,0.021,12328.02,education,0,baseline
57,Over 50,31205.19,14.9,12.0,0.269,6454.42,home_improvement,0,baseline
49,30-50,22414.33,10.7,10.5,0.013,13353.68,education,0,baseline
25,Under 30,33101.98,0.9,3.2,0.032,6922.05,home_improvement,0,baseline
58,Over 50,47979.41,10.1,11.9,0.139,1700.72,small_business,0,baseline
22,Under 30,19005.95,0.0,0.0,0.017,16654.54,education,0,baseline
51,Over 50,38370.92,13.0,8.0,0.114,10186.59,home_improvement,0,baseline
41,30-50,43851.94,5.5,6.5,0.364,8901.96,home_improvement,0,baseline
64,Over 50,44491.71,16.4,10.0,0.184,8136.48,debt_consolidation,0,baseline
36,30-50,36396.37,2.0,3.9,0.225,9427.24,debt_consolidation,0,baseline
52,Over 50,42037.56,13.2,13.7,0.097,8132.73,home_improvement,0,baseline
42,30-50,106484.23,8.3,11.1,0.451,7012.46,home_improvement,0,baseline
46,30-50,66036.66,5.1,4.9,0.311,5845.62,auto,0,baseline
67,Over 50,38096.0,15.4,14.7,0.096,8420.93,auto,0,baseline
55,Over 50,47536.04,14.7,15.1,0.205,5215.36,debt_consolidation,0,baseline
41,30-50,48400.19,3.2,2.2,0.299,4576.84,debt_consolidation,0,baseline
42,30-50,34697.4,4.1,7.1,0.086,9273.35,debt_consolidation,0,baseline
55,Over 50,34679.06,11.7,11.9,0.059,13226.77,home_improvement,0,baseline
37,30-50,77244.87,12.0,10.4,0.091,5442.0,home_improvement,0,baseline
29,Under 30,40582.7,0.8,2.9,0.61,5936.51,debt_consolidation,0,baseline
43,30-50,29953.06,9.2,9.1,0.142,3470.56,debt_consolidation,0,baseline
24,Under 30,48078.33,1.8,5.0,0.111,4196.11,debt_consolidation,0,baseline
29,Under 30,51694.38,1.0,2.1,0.095,4276.18,home_improvement,0,baseline
41,30-50,20176.69,7.5,8.4,0.112,13188.93,small_business,0,baseline
60,Over 50,48130.15,12.3,10.6,0.156,3400.97,small_business,0,baseline
59,Over 50,72445.58,12.2,9.9,0.061,10194.35,home_improvement,0,baseline
33,30-50,60057.23,0.0,2.3,0.566,7096.79,auto,1,baseline
41,30-50,133707.23,6.9,5.7,0.084,10967.06,auto,0,baseline
28,Under 30,86077.15,5.1,7.7,0.182,14517.24,debt_consolidation,0,baseline
58,Over 50,94091.25,13.1,13.7,0.057,7982.69,education,0,baseline
33,30-50,172825.67,7.5,6.4,0.08,14283.59,debt_consolidation,0,baseline
60,Over 50,68952.31,15.4,14.7,0.109,17587.21,home_improvement,0,baseline
62,Over 50,52753.3,14.2,11.8,0.755,15885.67,small_business,0,baseline
54,Over 50,75976.79,9.7,6.5,0.159,5790.11,debt_consolidation,0,baseline
37,30-50,38114.25,4.1,4.1,0.074,3026.86,home_improvement,0,baseline
67,Over 50,51454.79,11.7,11.3,0.331,7612.73,education,0,baseline
54,Over 50,36626.33,10.7,11.6,0.39,8859.05,debt_consolidation,1,baseline
52,Over 50,58635.35,11.3,11.3,0.297,3051.23,small_business,0,baseline
62,Over 50,36557.47,19.5,19.4,0.084,8354.39,debt_consolidation,0,baseline
64,Over 50,35985.89,16.6,13.3,0.052,2238.66,auto,0,baseline
24,Under 30,59045.46,0.0,1.2,0.351,17551.62,debt_consolidation,0,baseline
64,Over 50,46075.19,10.7,13.9,0.361,10287.76,home_improvement,0,baseline
58,Over 50,20591.13,12.3,8.0,0.046,5383.08,debt_consolidation,0,baseline
31,30-50,25463.45,5.9,5.8,0.038,8633.02,auto,0,baseline
36,30-50,29252.79,4.6,3.5,0.259,9182.84,auto,0,baseline
57,Over 50,32947.24,14.2,13.0,0.114,10316.06,home_improvement,0,baseline
31,30-50,59070.71,3.0,3.5,0.266,8389.18,small_business,0,baseline
43,30-50,54096.38,9.9,11.1,0.269,12997.24,education,0,baseline
54,Over 50,79171.82,6.8,7.9,0.368,4298.72,auto,0,baseline
52,Over 50,68786.36,15.7,11.9,0.185,7596.29,auto,0,baseline
65,Over 50,79408.15,12.1,10.5,0.361,19797.87,debt_consolidation,0,baseline
26,Under 30,64458.59,4.1,5.3,0.238,6796.27,debt_consolidation,0,baseline
35,30-50,53871.44,4.1,6.7,0.257,9142.54,debt_consolidation,0,baseline
69,Over 50,80395.08,16.5,20.0,0.178,4926.46,home_improvement,0,baseline
48,30-50,74141.87,8.7,10.4,0.077,23823.58,debt_consolidation,0,baseline
33,30-50,58060.62,5.0,3.9,0.26,9345.42,debt_consolidation,0,baseline
35,30-50,86853.87,6.3,6.8,0.49,4318.41,auto,1,baseline
37,30-50,17058.35,8.8,9.4,0.198,13977.21,debt_consolidation,1,baseline
48,30-50,43014.46,13.7,11.9,0.37,4738.09,debt_consolidation,0,baseline
34,30-50,42718.8,5.5,7.4,0.309,11406.05,auto,0,baseline
51,Over 50,82347.82,15.6,10.0,0.236,13561.46,debt_consolidation,0,baseline
42,30-50,99421.91,7.6,9.2,0.447,22322.25,home_improvement,0,baseline
50,30-50,25525.14,13.4,11.8,0.14,9062.69,education,0,baseline
28,Under 30,92505.67,3.7,4.8,0.246,8303.42,home_improvement,0,baseline
51,Over 50,28936.23,8.9,12.0,0.419,2941.12,debt_consolidation,0,baseline
66,Over 50,29332.55,16.3,12.5,0.14,6448.9,education,0,baseline
27,Under 30,44115.72,3.6,5.4,0.352,5669.57,auto,0,baseline
37,30-50,42480.78,5.5,8.0,0.277,7402.87,auto,0,baseline
54,Over 50,24311.68,12.8,12.6,0.136,6247.62,home_improvement,0,baseline
51,Over 50,65673.13,13.1,9.2,0.12,12005.31,education,0,baseline
54,Over 50,66551.48,11.5,13.9,0.196,6125.52,home_improvement,0,baseline
48,30-50,78772.46,0.6,2.1,0.116,10278.05,debt_consolidation,0,baseline
54,Over 50,40333.8,16.6,14.2,0.272,7648.27,auto,0,baseline
50,30-50,48155.36,9.3,8.8,0.064,5935.04,debt_consolidation,1,baseline
24,Under 30,48354.17,0.0,1.2,0.208,5671.47,auto,0,baseline
57,Over 50,104777.88,9.2,7.0,0.059,9104.23,education,0,baseline
42,30-50,13692.31,6.3,7.4,0.037,16080.55,home_improvement,0,baseline
23,Under 30,31868.55,0.0,0.8,0.302,5622.78,debt_consolidation,0,baseline
41,30-50,49143.18,4.8,7.2,0.042,8298.0,auto,0,baseline
42,30-50,30076.32,5.3,7.3,0.666,10320.83,education,0,baseline
25,Under 30,43641.15,3.0,7.6,0.235,8023.2,debt_consolidation,0,baseline
69,Over 50,46317.08,22.9,19.9,0.351,3360.68,auto,0,baseline
31,30-50,36462.56,6.0,5.2,0.332,10296.03,debt_consolidation,0,baseline
37,30-50,50463.77,9.0,6.2,0.243,3815.39,education,0,baseline
42,30-50,65034.11,6.2,11.4,0.05,3841.85,debt_consolidation,0,baseline
61,Over 50,44076.41,14.3,14.8,0.117,4220.25,auto,0,baseline
57,Over 50,39977.11,13.9,11.7,0.354,7473.38,auto,0,baseline
58,Over 50,45497.19,11.0,14.2,0.284,5005.01,home_improvement,0,baseline
32,30-50,48857.03,2.6,6.8,0.521,3953.19,small_business,0,baseline
62,Over 50,22400.9,16.9,12.8,0.22,9798.56,small_business,0,baseline
61,Over 50,60336.91,17.3,14.3,0.378,7994.61,debt_consolidation,0,baseline
43,30-50,40016.59,7.9,8.1,0.186,11835.15,debt_consolidation,0,baseline
47,30-50,86481.93,5.5,4.3,0.196,5626.51,auto,0,baseline
22,Under 30,63957.5,0.0,1.8,0.425,7849.56,debt_consolidation,0,baseline
58,Over 50,82994.52,8.6,10.3,0.056,12090.36,debt_consolidation,0,baseline
68,Over 50,31102.65,16.7,12.6,0.292,4202.02,debt_consolidation,0,baseline
44,30-50,41476.24,8.8,9.6,0.274,5820.87,debt_consolidation,0,baseline
47,30-50,28026.16,8.3,11.0,0.182,13311.66,auto,1,baseline
45,30-50,35691.36,9.1,10.1,0.166,8182.72,debt_consolidation,0,baseline
25,Under 30,86115.74,2.7,4.0,0.137,7515.47,debt_consolidation,0,baseline
51,Over 50,95738.02,11.3,9.7,0.605,7948.24,small_business,0,baseline
56,Over 50,29241.38,8.6,10.6,0.147,14935.73,debt_consolidation,0,baseline
66,Over 50,39885.78,15.0,11.6,0.376,8006.15,debt_consolidation,0,baseline
66,Over 50,47368.46,17.0,16.1,0.293,8289.81,home_improvement,0,baseline
45,30-50,63800.9,13.1,12.6,0.198,8035.53,education,0,baseline
67,Over 50,22205.28,15.3,16.5,0.098,3612.07,education,0,baseline
46,30-50,23828.79,10.4,9.2,0.191,10418.17,debt_consolidation,0,baseline
52,Over 50,61103.95,13.5,11.8,0.159,5374.52,auto,0,baseline
50,30-50,20392.71,9.6,7.2,0.342,4310.87,home_improvement,0,baseline
69,Over 50,40092.36,20.2,19.1,0.19,3383.86,auto,0,baseline
57,Over 50,52730.08,16.2,14.1,0.378,3754.14,home_improvement,0,baseline
26,Under 30,59103.75,5.9,5.0,0.333,2605.37,debt_consolidation,0,baseline
24,Under 30,45992.19,2.4,2.4,0.406,4853.55,education,0,baseline
41,30-50,41581.45,14.1,14.3,0.5,6520.31,home_improvement,0,baseline
46,30-50,71686.44,6.9,5.3,0.257,13775.24,home_improvement,0,baseline
53,Over 50,55733.83,17.6,14.0,0.593,8352.87,auto,0,baseline
44,30-50,36638.05,10.4,12.1,0.362,9198.06,home_improvement,0,baseline
46,30-50,49860.05,12.8,11.9,0.201,15362.62,education,0,baseline
66,Over 50,58245.73,14.8,15.7,0.209,1947.67,debt_consolidation,0,baseline
37,30-50,106213.53,8.1,7.8,0.607,9855.97,debt_consolidation,0,baseline
45,30-50,69831.86,12.7,12.1,0.362,9484.84,auto,0,baseline
48,30-50,84672.88,6.2,7.3,0.287,12232.16,debt_consolidation,0,baseline
43,30-50,37243.28,7.2,10.5,0.254,3300.58,debt_consolidation,0,baseline
68,Over 50,38720.24,10.0,12.6,0.319,6081.42,debt_consolidation,0,baseline
68,Over 50,44094.0,15.9,17.0,0.354,5087.33,education,0,baseline
46,30-50,45953.82,6.3,5.8,0.241,4255.87,small_business,0,baseline
43,30-50,31144.37,7.0,5.7,0.383,25753.45,auto,1,baseline
49,30-50,86653.28,18.6,18.4,0.288,6105.67,education,0,baseline
29,Under 30,72948.44,8.0,11.1,0.461,12882.38,education,0,baseline
41,30-50,42720.96,2.7,6.5,0.334,11531.62,education,0,baseline
31,30-50,65432.2,5.2,6.2,0.404,3943.8,debt_consolidation,0,baseline
28,Under 30,54192.87,4.8,7.3,0.2,6231.87,debt_consolidation,0,baseline
25,Under 30,67773.23,0.4,3.8,0.257,8350.99,auto,0,baseline
49,30-50,26770.66,10.3,10.6,0.165,9874.72,small_business,0,baseline
21,Under 30,45910.66,0.8,3.0,0.02,9560.08,education,0,baseline
52,Over 50,47757.08,6.8,7.6,0.385,19468.84,debt_consolidation,0,baseline
42,30-50,64902.34,4.3,3.8,0.156,12774.44,small_business,0,baseline
38,30-50,36945.65,6.5,5.8,0.238,11253.86,debt_consolidation,0,baseline
58,Over 50,15915.22,13.2,11.2,0.335,13149.58,home_improvement,0,baseline
47,30-50,30128.75,7.0,4.4,0.266,15936.9,education,0,baseline
56,Over 50,47692.45,9.9,10.2,0.088,5934.22,home_improvement,0,baseline
55,Over 50,50450.5,11.6,11.2,0.169,3678.4,auto,0,baseline
22,Under 30,104577.81,3.0,5.9,0.124,5983.02,debt_consolidation,0,baseline
31,30-50,63718.86,3.3,7.1,0.08,4077.27,small_business,0,baseline
48,30-50,50852.71,14.3,16.1,0.403,4956.78,debt_consolidation,0,baseline
68,Over 50,48311.45,14.4,16.3,0.271,8517.73,auto,0,baseline
28,Under 30,80570.07,3.0,2.9,0.517,6144.27,debt_consolidation,0,baseline
26,Under 30,37588.38,0.7,0.0,0.309,11204.12,debt_consolidation,0,baseline
67,Over 50,46021.88,17.9,18.2,0.301,9431.43,debt_consolidation,0,baseline
68,Over 50,30026.45,14.1,16.0,0.207,9724.2,debt_consolidation,0,baseline
29,Under 30,92828.38,8.6,12.0,0.447,4304.95,debt_consolidation,0,baseline
40,30-50,58490.79,1.6,4.2,0.269,5224.97,debt_consolidation,0,baseline
51,Over 50,35653.92,15.6,10.5,0.099,3118.21,small_business,0,baseline
30,30-50,46559.91,3.4,5.5,0.118,10764.61,debt_consolidation,0,baseline
36,30-50,61657.05,6.9,8.6,0.123,21185.59,auto,0,baseline
40,30-50,43790.69,10.7,13.0,0.17,8860.88,auto,0,baseline
52,Over 50,38541.4,13.4,15.6,0.6,9263.59,education,0,baseline
36,30-50,36518.59,3.1,6.3,0.33,6211.78,home_improvement,0,baseline
41,30-50,57098.48,8.8,7.9,0.178,7271.5,debt_consolidation,0,baseline
35,30-50,41725.83,10.5,8.3,0.132,15326.34,debt_consolidation,0,baseline
58,Over 50,39966.99,10.3,11.3,0.132,8479.24,debt_consolidation,0,baseline
28,Under 30,26870.17,8.8,7.5,0.246,11155.08,home_improvement,0,baseline
32,30-50,50763.77,5.0,9.0,0.446,15528.11,auto,0,baseline
33,30-50,45181.79,2.9,0.9,0.464,14047.84,education,0,baseline
65,Over 50,42415.04,12.7,13.3,0.342,8235.14,education,0,baseline
67,Over 50,53607.64,15.4,15.0,0.301,8543.39,education,0,baseline
45,30-50,68637.96,2.5,3.6,0.044,6679.77,debt_consolidation,0,baseline
28,Under 30,67218.55,1.2,1.1,0.129,10398.99,auto,0,baseline
58,Over 50,62863.93,12.2,7.6,0.308,6590.2,debt_consolidation,0,baseline
45,30-50,43989.15,5.2,5.1,0.537,9653.3,education,1,baseline
62,Over 50,37981.36,16.6,14.2,0.688,13617.97,home_improvement,0,baseline
38,30-50,30645.4,5.3,8.5,0.467,3487.5,auto,0,baseline
69,Over 50,37536.89,14.9,12.3,0.062,3201.14,auto,0,baseline
60,Over 50,49456.19,12.7,13.0,0.049,7924.15,auto,0,baseline
31,30-50,34412.37,4.6,3.1,0.202,11321.09,home_improvement,0,baseline
56,Over 50,51186.22,12.5,12.9,0.445,9352.89,small_business,0,baseline
35,30-50,31746.71,2.8,0.0,0.162,4422.87,debt_consolidation,0,baseline
38,30-50,23214.99,6.3,11.3,0.301,12706.32,education,0,baseline
33,30-50,70879.23,4.0,5.0,0.598,21039.25,home_improvement,0,baseline
54,Over 50,39597.19,8.1,2.9,0.445,5248.29,debt_consolidation,0,baseline
33,30-50,33635.42,3.3,3.2,0.382,5639.15,home_improvement,0,baseline
52,Over 50,29964.5,12.6,10.3,0.24,8207.56,debt_consolidation,0,baseline
49,30-50,59300.1,11.5,9.9,0.199,7609.26,home_improvement,0,baseline
57,Over 50,91008.53,11.9,10.8,0.287,14787.52,debt_consolidation,0,baseline
69,Over 50,40889.02,18.8,15.7,0.122,9337.51,education,0,baseline
21,Under 30,44488.97,0.0,0.4,0.324,7003.75,auto,0,baseline
69,Over 50,79398.47,14.0,10.8,0.533,6033.93,debt_consolidation,0,baseline
26,Under 30,21705.03,1.0,4.4,0.043,3775.21,auto,0,baseline
46,30-50,118787.43,13.2,15.0,0.044,16070.7,small_business,0,baseline
37,30-50,147243.82,6.1,6.4,0.309,11090.26,debt_consolidation,0,baseline
52,Over 50,14503.54,10.0,10.0,0.097,7744.65,home_improvement,0,baseline
56,Over 50,46916.45,16.9,13.3,0.183,8555.83,education,0,baseline
63,Over 50,35471.11,13.8,13.2,0.578,7678.42,debt_consolidation,0,baseline
40,30-50,43514.64,13.4,13.1,0.191,3351.72,small_business,0,baseline
66,Over 50,40608.26,14.2,12.9,0.421,3981.39,small_business,0,baseline
36,30-50,70635.74,2.2,4.6,0.209,7316.42,home_improvement,0,baseline
30,30-50,46599.43,2.7,4.7,0.299,7254.7,home_improvement,0,baseline
39,30-50,32535.65,5.6,4.3,0.27,8054.11,small_business,0,baseline
46,30-50,45365.93,6.3,9.4,0.374,18935.09,debt_consolidation,0,baseline
53,Over 50,61799.65,19.0,16.8,0.101,7022.19,debt_consolidation,0,baseline
61,Over 50,28776.82,15.0,17.3,0.361,5533.75,debt_consolidation,0,baseline
32,30-50,23369.68,5.2,7.0,0.036,8320.72,auto,0,baseline
35,30-50,120178.6,3.5,8.8,0.249,4030.21,auto,0,baseline
66,Over 50,36713.8,14.0,15.6,0.145,8758.53,education,0,baseline
42,30-50,46082.62,10.4,10.8,0.678,5639.71,debt_consolidation,0,baseline
32,30-50,40986.26,0.0,0.6,0.312,9068.18,home_improvement,0,baseline
69,Over 50,62732.78,13.4,11.3,0.083,7404.73,auto,0,baseline
42,30-50,108853.2,6.6,8.4,0.303,7549.62,debt_consolidation,0,baseline
69,Over 50,63638.27,20.9,19.0,0.353,11083.96,education,0,baseline
66,Over 50,24753.83,14.6,12.5,0.192,11698.24,debt_consolidation,0,baseline
65,Over 50,26295.27,16.6,17.0,0.404,22394.44,debt_consolidation,1,baseline
49,30-50,40964.69,9.9,10.0,0.153,11466.14,debt_consolidation,0,baseline
60,Over 50,43446.91,17.5,17.7,0.344,7168.94,education,0,baseline
68,Over 50,22586.82,11.7,9.4,0.212,5905.79,auto,0,baseline
34,30-50,70877.15,6.8,9.4,0.675,9637.62,education,0,baseline
22,Under 30,30066.17,0.0,3.0,0.217,16826.63,auto,0,baseline
36,30-50,95988.69,8.0,10.8,0.567,12433.43,small_business,0,baseline
52,Over 50,111222.13,8.4,10.7,0.077,5675.15,home_improvement,0,baseline
47,30-50,43839.3,9.2,9.2,0.246,10160.82,small_business,0,baseline
24,Under 30,59726.89,0.7,2.3,0.047,9054.41,education,0,baseline
48,30-50,28159.04,6.4,10.7,0.404,13691.84,home_improvement,1,baseline
29,Under 30,64903.34,0.0,1.4,0.395,9421.07,debt_consolidation,0,baseline
45,30-50,39175.76,6.7,8.8,0.327,9246.59,small_business,0,baseline
49,30-50,30053.79,10.2,9.4,0.173,4488.94,home_improvement,0,baseline
52,Over 50,43036.3,8.6,5.1,0.054,12040.47,auto,0,baseline
41,30-50,39751.92,6.0,4.4,0.559,4042.84,home_improvement,0,baseline
41,30-50,42348.08,1.3,3.9,0.07,8474.35,home_improvement,0,baseline
54,Over 50,75158.61,10.4,11.8,0.209,6152.5,home_improvement,0,baseline
57,Over 50,34427.52,15.7,15.4,0.464,5973.67,home_improvement,0,baseline
60,Over 50,107018.86,15.8,16.9,0.199,10843.24,auto,0,baseline
37,30-50,27003.54,5.3,7.1,0.106,8090.04,education,0,baseline
41,30-50,101411.69,7.7,6.6,0.279,2448.64,auto,0,baseline
37,30-50,31025.67,3.1,5.7,0.246,7339.87,home_improvement,0,baseline
46,30-50,48998.45,13.6,13.2,0.115,6673.09,debt_consolidation,0,baseline
27,Under 30,39316.98,8.3,7.5,0.512,15194.91,home_improvement,0,baseline
42,30-50,41995.68,7.8,9.2,0.235,4353.78,debt_consolidation,0,baseline
30,30-50,70305.88,10.9,10.9,0.289,21130.31,auto,0,baseline
47,30-50,96270.97,7.1,6.4,0.149,12436.11,education,0,baseline
62,Over 50,83762.12,10.6,10.1,0.25,7051.43,debt_consolidation,0,baseline
69,Over 50,40856.23,14.7,16.6,0.179,6571.95,auto,0,baseline
42,30-50,53258.61,6.7,10.1,0.197,5889.14,debt_consolidation,0,baseline
23,Under 30,34477.59,7.6,8.5,0.386,9506.04,small_business,1,baseline
32,30-50,31376.12,3.0,4.5,0.546,5464.74,debt_consolidation,0,baseline
26,Under 30,29265.5,0.0,0.0,0.128,7641.36,education,0,baseline
58,Over 50,40259.13,10.3,13.6,0.296,4706.5,auto,0,baseline
69,Over 50,54848.08,20.2,20.2,0.313,11572.47,small_business,0,baseline
48,30-50,20737.17,12.4,13.5,0.298,8819.65,auto,1,baseline
29,Under 30,48008.86,1.3,0.0,0.1,6412.55,auto,0,baseline
22,Under 30,96975.27,0.0,2.1,0.046,7180.5,home_improvement,0,baseline
68,Over 50,81215.39,13.1,12.2,0.156,5730.5,home_improvement,0,baseline
36,30-50,37671.8,10.4,11.7,0.351,9477.23,debt_consolidation,0,baseline
26,Under 30,26144.84,3.8,4.2,0.508,4326.3,small_business,0,baseline
29,Under 30,60290.13,3.0,3.9,0.05,12720.58,auto,0,baseline
33,30-50,17277.45,9.8,11.1,0.356,8836.52,auto,0,baseline
53,Over 50,80786.84,17.1,14.1,0.097,6474.82,debt_consolidation,0,baseline
64,Over 50,44528.54,14.9,12.8,0.605,10870.92,home_improvement,0,baseline
34,30-50,111757.33,4.5,6.0,0.183,9840.96,debt_consolidation,0,baseline
54,Over 50,22535.91,9.8,12.5,0.406,4803.91,debt_consolidation,0,baseline
24,Under 30,74099.63,0.2,3.8,0.183,15579.11,home_improvement,0,baseline
21,Under 30,46853.03,0.0,4.2,0.517,2325.58,debt_consolidation,0,baseline
23,Under 30,42235.96,0.0,2.1,0.26,13971.44,auto,0,baseline
66,Over 50,26464.79,10.6,13.5,0.173,7468.34,home_improvement,0,baseline
49,30-50,64092.75,13.1,9.0,0.016,13296.74,home_improvement,0,baseline
60,Over 50,66453.77,9.0,13.2,0.242,16650.74,auto,0,baseline
22,Under 30,109459.24,6.2,11.3,0.511,6543.77,auto,0,baseline
22,Under 30,77158.93,0.0,2.9,0.136,6699.36,home_improvement,0,baseline
62,Over 50,37524.42,19.6,19.3,0.349,9483.56,small_business,0,baseline
26,Under 30,31202.76,0.7,2.4,0.161,4597.09,debt_consolidation,0,baseline
28,Under 30,26480.9,0.0,1.6,0.124,6864.79,auto,0,baseline
46,30-50,95125.37,12.6,10.9,0.067,6579.46,education,0,baseline
50,30-50,34538.21,14.4,13.4,0.231,4477.96,debt_consolidation,0,baseline
32,30-50,95425.72,1.1,4.0,0.256,6408.8,home_improvement,0,baseline
42,30-50,62086.41,6.4,7.9,0.45,11807.89,debt_consolidation,0,baseline
54,Over 50,56866.19,8.8,13.0,0.13,11389.38,debt_consolidation,0,baseline
42,30-50,42698.08,7.0,7.8,0.475,7416.01,debt_consolidation,1,baseline
39,30-50,65992.92,6.6,4.3,0.031,8359.78,education,0,baseline
24,Under 30,48680.71,0.0,5.3,0.059,6959.77,debt_consolidation,0,baseline
43,30-50,41516.82,2.2,1.4,0.203,3358.73,debt_consolidation,0,baseline
60,Over 50,67050.55,11.9,10.4,0.03,4873.91,debt_consolidation,0,baseline
51,Over 50,45945.56,12.6,12.6,0.124,13088.57,education,0,baseline
64,Over 50,34226.29,14.4,14.4,0.335,14744.36,debt_consolidation,0,baseline
27,Under 30,64210.5,1.1,0.0,0.123,5275.54,auto,0,baseline
21,Under 30,47629.45,0.0,0.5,0.399,14179.38,debt_consolidation,0,baseline
47,30-50,61084.26,7.3,4.9,0.223,4445.52,debt_consolidation,0,baseline
29,Under 30,39965.15,7.0,8.9,0.226,6256.83,education,0,baseline
50,30-50,28449.77,6.7,9.8,0.047,7635.75,auto,0,baseline
65,Over 50,107021.31,17.6,13.6,0.18,7068.56,auto,0,baseline
37,30-50,98319.25,5.7,8.6,0.183,5732.54,small_business,0,baseline
47,30-50,72962.67,9.8,11.7,0.268,8633.19,education,0,baseline
54,Over 50,41170.83,9.4,8.2,0.657,11946.9,education,0,baseline
28,Under 30,42824.13,1.4,0.0,0.355,3917.16,debt_consolidation,0,baseline
64,Over 50,91312.9,15.0,11.9,0.141,8630.95,debt_consolidation,0,baseline
30,30-50,41805.22,1.6,2.1,0.351,13127.41,small_business,0,baseline
60,Over 50,36877.24,14.6,16.8,0.192,6592.13,auto,0,baseline
53,Over 50,113835.03,12.6,11.8,0.312,6164.5,home_improvement,0,baseline
27,Under 30,47980.26,8.6,6.9,0.147,5295.37,home_improvement,0,baseline
56,Over 50,108639.61,13.1,12.8,0.218,22030.37,auto,0,baseline
30,30-50,26126.98,0.0,0.0,0.366,17095.95,auto,1,baseline
50,30-50,61894.29,13.6,13.9,0.101,6992.26,debt_consolidation,0,baseline
68,Over 50,124490.81,15.8,12.7,0.017,14619.93,debt_consolidation,0,baseline
67,Over 50,49681.5,22.1,18.0,0.211,6228.87,debt_consolidation,0,baseline
63,Over 50,43529.67,19.1,18.0,0.334,7496.53,education,0,baseline
45,30-50,28984.36,6.9,11.0,0.232,4769.63,home_improvement,0,baseline
48,30-50,79782.09,11.6,15.7,0.184,3224.21,education,0,baseline
35,30-50,34663.49,3.1,2.4,0.522,6062.7,auto,0,baseline
66,Over 50,46973.37,15.8,13.4,0.245,6551.78,small_business,0,baseline
44,30-50,28126.68,10.1,11.1,0.031,10029.54,education,0,baseline
58,Over 50,98775.27,16.3,17.4,0.267,11242.65,home_improvement,0,baseline
38,30-50,82429.48,8.6,4.6,0.311,7620.91,auto,0,baseline
57,Over 50,48328.99,12.8,12.4,0.387,4936.6,auto,0,baseline
31,30-50,29162.33,11.0,9.8,0.171,5831.49,debt_consolidation,1,baseline
56,Over 50,97846.79,11.2,7.1,0.245,17953.69,debt_consolidation,0,baseline
23,Under 30,41578.18,0.0,0.0,0.11,11098.59,auto,0,baseline
26,Under 30,29811.75,0.0,0.9,0.493,16505.04,small_business,1,baseline
38,30-50,22182.23,10.4,10.4,0.118,19702.14,debt_consolidation,0,baseline
44,30-50,36655.39,7.8,10.3,0.263,5832.88,home_improvement,1,baseline
55,Over 50,25473.98,12.4,12.6,0.282,12210.95,education,0,baseline
38,30-50,37039.15,4.3,7.4,0.031,5161.1,debt_consolidation,0,baseline
21,Under 30,68527.06,0.0,2.1,0.211,13584.05,small_business,0,baseline
36,30-50,41401.4,2.9,2.9,0.323,12257.77,debt_consolidation,0,baseline
42,30-50,57530.01,8.8,8.6,0.279,2815.69,debt_consolidation,0,baseline
47,30-50,35401.14,8.8,10.4,0.398,9910.86,debt_consolidation,0,baseline
52,Over 50,50479.68,12.2,13.8,0.201,5280.17,debt_consolidation,0,baseline
33,30-50,116355.49,5.2,5.9,0.479,6834.9,debt_consolidation,0,baseline
50,30-50,41905.87,8.9,7.2,0.319,5826.39,auto,1,baseline
51,Over 50,58278.78,6.1,7.6,0.34,12758.75,debt_consolidation,0,baseline
59,Over 50,24234.02,8.7,9.9,0.225,5757.44,small_business,0,baseline
46,30-50,97153.53,17.8,18.7,0.372,4274.76,debt_consolidation,0,baseline
60,Over 50,39547.47,18.1,15.1,0.04,5411.16,home_improvement,0,baseline
31,30-50,78648.21,7.5,6.7,0.34,7278.93,auto,0,baseline
55,Over 50,46377.46,9.9,11.4,0.309,9947.92,debt_consolidation,0,baseline
23,Under 30,64550.99,0.7,1.8,0.02,14734.31,auto,0,baseline
26,Under 30,66300.69,0.0,1.1,0.305,10475.56,debt_consolidation,0,baseline
63,Over 50,39990.69,10.8,13.1,0.263,10849.74,education,0,baseline
44,30-50,80126.18,6.3,4.3,0.18,11722.26,home_improvement,0,baseline
51,Over 50,34837.75,14.5,17.7,0.189,12193.69,debt_consolidation,0,baseline
50,30-50,69568.73,12.7,10.9,0.054,13584.64,auto,1,baseline
55,Over 50,41126.49,9.0,10.9,0.111,28354.53,debt_consolidation,0,baseline
33,30-50,57371.39,3.3,4.4,0.156,12093.62,small_business,0,baseline
29,Under 30,39819.15,5.0,6.6,0.232,9351.15,home_improvement,0,baseline
23,Under 30,50135.73,0.0,1.5,0.156,6421.41,home_improvement,0,baseline
63,Over 50,30223.89,14.9,15.7,0.29,9461.36,debt_consolidation,0,baseline
31,30-50,54797.54,4.7,5.1,0.422,14428.18,home_improvement,0,baseline
49,30-50,50005.31,11.0,9.6,0.278,4406.63,education,0,baseline
43,30-50,38442.96,8.5,12.4,0.11,15203.67,home_improvement,0,baseline
28,Under 30,47821.83,0.5,2.4,0.172,6546.13,auto,0,baseline
41,30-50,52067.8,5.3,4.9,0.163,7215.86,debt_consolidation,0,baseline
25,Under 30,37147.04,0.0,0.0,0.407,10518.53,education,1,baseline
29,Under 30,46261.19,0.0,5.7,0.327,6226.98,home_improvement,0,baseline
27,Under 30,31179.05,1.8,2.3,0.647,10192.49,home_improvement,0,baseline
61,Over 50,140868.18,16.4,19.3,0.575,4554.72,debt_consolidation,0,baseline
48,30-50,78952.64,5.3,7.0,0.181,12556.33,debt_consolidation,0,baseline
66,Over 50,55430.89,16.6,15.5,0.153,8937.28,debt_consolidation,0,baseline
42,30-50,83070.99,9.7,10.1,0.328,8088.21,education,0,baseline
30,30-50,20117.32,0.0,6.4,0.091,9296.08,home_improvement,1,baseline
50,30-50,15506.96,9.3,5.1,0.344,8021.86,debt_consolidation,0,baseline
66,Over 50,40958.68,20.7,19.0,0.212,10104.93,auto,0,baseline
47,30-50,26361.14,10.8,10.1,0.171,7305.38,home_improvement,0,baseline
21,Under 30,44069.69,0.0,1.6,0.039,7006.35,debt_consolidation,0,baseline
35,30-50,53774.01,6.9,7.8,0.42,3347.66,auto,0,baseline
66,Over 50,74175.3,13.5,12.3,0.049,16033.49,debt_consolidation,0,baseline
46,30-50,29371.53,10.8,11.0,0.226,4530.06,auto,0,baseline
67,Over 50,58678.8,14.0,13.2,0.182,18173.65,auto,0,baseline
45,30-50,49339.26,8.2,6.0,0.118,7178.41,debt_consolidation,0,baseline
21,Under 30,57318.53,0.0,2.8,0.189,14894.71,auto,0,baseline
63,Over 50,38797.17,14.7,15.2,0.216,13644.79,debt_consolidation,0,baseline
58,Over 50,91346.09,11.2,9.9,0.327,13109.79,education,0,baseline
56,Over 50,46789.83,11.6,15.0,0.249,8293.42,debt_consolidation,0,baseline
68,Over 50,108921.42,12.9,15.0,0.498,4458.97,debt_consolidation,0,baseline
30,30-50,34348.89,4.6,7.4,0.361,7398.17,debt_consolidation,0,baseline
65,Over 50,68478.31,15.9,16.4,0.134,6924.08,home_improvement,0,baseline
32,30-50,47722.07,0.0,2.1,0.263,7699.54,debt_consolidation,0,baseline
68,Over 50,42298.88,19.4,19.8,0.079,4385.91,home_improvement,0,baseline
30,30-50,65156.15,2.6,7.2,0.188,7022.38,education,0,baseline
47,30-50,42846.19,9.6,11.3,0.213,1879.33,debt_consolidation,0,baseline
59,Over 50,14796.05,15.6,13.3,0.058,6973.32,debt_consolidation,0,baseline
24,Under 30,12353.68,2.0,3.5,0.149,8629.13,debt_consolidation,1,baseline
24,Under 30,86906.66,4.5,6.8,0.402,5481.0,auto,0,baseline
62,Over 50,85273.27,13.5,14.5,0.362,7079.27,auto,1,baseline
23,Under 30,114611.5,3.8,4.9,0.167,8789.27,education,0,baseline
51,Over 50,48635.66,10.9,9.6,0.596,13445.56,auto,0,baseline
66,Over 50,27400.44,17.3,19.0,0.4,13729.69,auto,0,baseline
51,Over 50,40586.36,11.7,9.2,0.344,9439.82,debt_consolidation,0,baseline
44,30-50,49273.47,11.8,9.5,0.09,7984.89,education,0,baseline
41,30-50,31158.2,9.2,6.7,0.133,9677.78,debt_consolidation,0,baseline
52,Over 50,102935.58,9.5,7.7,0.131,19929.89,auto,0,baseline
49,30-50,134292.6,7.9,10.8,0.04,10412.29,education,0,baseline
45,30-50,60792.78,8.3,11.2,0.267,9230.92,debt_consolidation,0,baseline
28,Under 30,48781.74,0.2,2.0,0.097,13855.59,debt_consolidation,0,baseline
53,Over 50,27371.7,8.0,9.4,0.398,8300.09,debt_consolidation,0,baseline
57,Over 50,98311.4,6.2,7.0,0.296,5288.64,education,0,baseline
55,Over 50,50733.31,7.3,5.4,0.384,10194.26,home_improvement,0,baseline
24,Under 30,43039.61,7.0,12.0,0.144,8823.47,home_improvement,0,baseline
55,Over 50,60871.99,9.9,12.7,0.319,7264.11,home_improvement,0,baseline
56,Over 50,37662.86,18.0,17.1,0.464,10634.59,auto,0,baseline
29,Under 30,52370.24,4.0,3.5,0.205,3273.86,auto,0,baseline
62,Over 50,25613.89,14.2,12.9,0.292,6183.69,auto,0,baseline
46,30-50,79952.6,4.2,4.0,0.289,5222.1,small_business,0,baseline
44,30-50,46770.83,8.1,8.6,0.395,5500.39,debt_consolidation,0,baseline
56,Over 50,82574.85,17.9,17.0,0.215,7502.64,debt_consolidation,0,baseline
45,30-50,44778.74,13.1,11.8,0.178,5140.94,auto,0,baseline
47,30-50,46106.54,9.9,7.0,0.069,18741.26,debt_consolidation,0,baseline
36,30-50,28408.88,1.8,7.7,0.146,10156.14,auto,0,baseline
66,Over 50,69001.99,12.9,12.8,0.029,5446.97,small_business,0,baseline
68,Over 50,33053.15,13.9,14.0,0.376,3394.06,home_improvement,0,baseline
27,Under 30,39383.8,5.9,5.9,0.042,6052.81,debt_consolidation,0,baseline
56,Over 50,49043.91,17.1,12.6,0.335,6871.55,small_business,0,baseline
22,Under 30,51769.21,0.9,2.6,0.523,5898.92,home_improvement,0,baseline
39,30-50,22748.54,5.4,5.7,0.478,28889.78,debt_consolidation,1,baseline
68,Over 50,44184.85,21.1,20.3,0.173,3543.61,home_improvement,0,baseline
29,Under 30,70112.31,0.0,3.8,0.091,8312.51,debt_consolidation,0,baseline
39,30-50,41346.7,6.5,8.7,0.366,7593.39,debt_consolidation,0,baseline
31,30-50,44305.79,4.9,7.9,0.091,7154.05,debt_consolidation,0,baseline
56,Over 50,52737.54,9.7,13.3,0.104,3072.68,home_improvement,0,baseline
43,30-50,46319.48,5.8,7.4,0.323,7931.62,home_improvement,0,baseline
50,30-50,30830.76,8.0,10.6,0.328,8867.98,auto,1,baseline
67,Over 50,48225.55,20.4,19.3,0.569,11554.69,home_improvement,0,baseline
46,30-50,76675.15,14.5,9.8,0.149,10317.58,education,0,baseline
56,Over 50,30545.44,12.6,11.8,0.209,14900.13,education,1,baseline
25,Under 30,41418.51,0.6,0.7,0.171,2912.87,debt_consolidation,1,baseline
31,30-50,26324.78,1.7,3.8,0.082,7204.88,debt_consolidation,0,baseline
67,Over 50,74878.48,16.1,13.3,0.189,28346.34,auto,0,baseline
63,Over 50,47025.2,13.0,13.7,0.182,13767.23,debt_consolidation,0,baseline
53,Over 50,33436.73,10.9,12.7,0.116,3917.79,home_improvement,0,baseline
39,30-50,51098.96,7.5,10.4,0.304,8468.16,debt_consolidation,0,baseline
30,30-50,28520.54,1.9,6.8,0.075,4799.64,home_improvement,0,baseline
62,Over 50,30789.44,13.8,9.7,0.144,6530.45,home_improvement,0,baseline
59,Over 50,25411.06,12.7,9.8,0.273,22022.72,education,0,baseline
32,30-50,30331.72,2.9,10.2,0.666,13085.33,auto,1,baseline
49,30-50,90291.8,8.5,10.8,0.174,3789.64,home_improvement,0,baseline
51,Over 50,35245.63,12.8,12.7,0.046,5526.94,home_improvement,0,baseline
44,30-50,60463.87,2.7,4.3,0.37,8106.38,home_improvement,0,baseline
66,Over 50,33646.5,20.5,18.3,0.159,7099.89,debt_consolidation,0,baseline
27,Under 30,68995.06,2.5,0.1,0.365,9476.92,education,0,baseline
33,30-50,30892.33,6.0,5.3,0.503,5501.73,home_improvement,1,baseline
25,Under 30,49893.83,3.6,4.6,0.081,6747.24,auto,0,baseline
54,Over 50,50200.64,9.4,8.1,0.187,5469.81,debt_consolidation,0,baseline
52,Over 50,139736.31,8.1,7.3,0.482,6742.52,debt_consolidation,0,baseline
69,Over 50,65100.75,13.7,18.1,0.164,11521.28,auto,0,baseline
47,30-50,37541.16,8.4,8.2,0.27,9399.12,auto,1,baseline
28,Under 30,66720.8,4.5,6.2,0.274,5706.43,debt_consolidation,0,baseline
43,30-50,128306.67,5.9,7.2,0.001,14273.36,small_business,0,baseline
25,Under 30,23544.88,3.2,5.8,0.311,13792.33,education,1,baseline
53,Over 50,33553.05,4.1,4.3,0.261,8098.56,home_improvement,0,baseline
54,Over 50,44063.9,10.4,12.8,0.329,7122.16,auto,0,baseline
63,Over 50,40631.96,18.2,17.4,0.179,19560.54,auto,0,baseline
37,30-50,42203.54,5.1,3.5,0.243,18096.24,debt_consolidation,0,baseline
36,30-50,27257.81,2.8,4.0,0.565,3799.1,debt_consolidation,0,baseline
24,Under 30,92205.98,0.0,1.7,0.023,14722.71,education,0,baseline
41,30-50,25843.8,0.0,1.6,0.431,19185.2,home_improvement,1,baseline
44,30-50,44797.35,5.0,7.0,0.142,11252.21,education,0,baseline
57,Over 50,78481.94,15.8,15.9,0.152,6415.93,home_improvement,0,baseline
57,Over 50,48359.44,10.9,11.7,0.207,6816.88,debt_consolidation,0,baseline
27,Under 30,31548.23,0.7,3.2,0.421,19059.26,debt_consolidation,1,baseline
34,30-50,26718.08,0.0,2.2,0.186,12304.41,debt_consolidation,0,baseline
46,30-50,44200.9,3.9,0.8,0.059,10653.32,auto,0,baseline
37,30-50,34868.42,9.2,10.9,0.49,26014.01,debt_consolidation,0,baseline
22,Under 30,53763.71,2.2,4.7,0.348,4895.86,education,0,baseline
62,Over 50,26091.03,10.5,8.4,0.293,7743.63,auto,0,baseline
56,Over 50,70676.34,10.4,10.8,0.133,8910.62,debt_consolidation,1,baseline
46,30-50,51637.18,8.7,10.2,0.063,7289.62,home_improvement,0,baseline
36,30-50,53392.54,1.7,5.7,0.387,3228.64,small_business,0,baseline
62,Over 50,93759.15,8.3,9.7,0.07,13385.61,debt_consolidation,0,baseline
22,Under 30,40255.1,0.0,2.6,0.288,5565.79,home_improvement,0,baseline
42,30-50,35361.63,9.1,11.1,0.244,5516.14,home_improvement,0,baseline
60,Over 50,38311.54,15.4,13.7,0.24,6771.48,small_business,0,baseline
67,Over 50,44952.56,18.7,17.8,0.149,7221.99,small_business,0,baseline
33,30-50,47054.69,0.0,0.8,0.309,7625.45,education,0,baseline
52,Over 50,33731.45,11.0,13.0,0.174,13119.51,home_improvement,0,baseline
30,30-50,19724.4,2.3,0.7,0.204,14536.57,education,0,baseline
26,Under 30,38085.23,1.5,4.8,0.235,7117.62,home_improvement,0,baseline
38,30-50,57637.09,5.3,6.3,0.394,6008.49,auto,0,baseline
64,Over 50,52120.64,13.1,14.4,0.345,7599.17,small_business,0,baseline
54,Over 50,84103.17,2.5,2.4,0.036,5183.15,debt_consolidation,0,baseline
44,30-50,118180.56,11.5,11.4,0.473,7988.98,education,0,baseline
34,30-50,68988.85,5.5,6.6,0.326,5048.96,home_improvement,0,baseline
27,Under 30,91320.84,0.0,2.9,0.601,23473.11,education,0,baseline
34,30-50,69220.23,6.0,4.7,0.116,8638.28,home_improvement,0,baseline
28,Under 30,105815.75,1.1,4.2,0.061,6192.45,debt_consolidation,0,baseline
30,30-50,112745.03,1.9,0.0,0.157,11532.57,education,0,baseline
54,Over 50,75208.86,9.2,8.1,0.286,4376.35,debt_consolidation,0,baseline
27,Under 30,67364.34,3.7,1.8,0.057,5677.24,debt_consolidation,0,baseline
23,Under 30,44696.28,0.0,3.7,0.121,10015.56,debt_consolidation,0,baseline
47,30-50,48117.36,5.8,7.4,0.303,8670.57,education,0,baseline
35,30-50,42107.17,8.3,9.5,0.012,13689.44,education,0,baseline
43,30-50,64832.56,7.2,10.7,0.176,2069.8,auto,0,baseline
27,Under 30,35448.75,1.7,2.7,0.294,12198.44,debt_consolidation,0,baseline
31,30-50,44981.3,5.6,7.7,0.206,6175.33,home_improvement,0,baseline
42,30-50,16986.49,5.3,6.4,0.133,4513.7,debt_consolidation,0,baseline
54,Over 50,106445.72,10.1,9.9,0.319,3423.53,debt_consolidation,0,baseline
41,30-50,44390.75,7.9,10.9,0.027,6137.44,education,0,baseline
47,30-50,60174.94,4.5,9.7,0.574,17943.61,debt_consolidation,0,baseline
46,30-50,94466.83,9.4,8.7,0.128,13154.97,debt_consolidation,0,baseline
34,30-50,56113.52,2.3,5.5,0.041,18346.31,debt_consolidation,0,baseline
34,30-50,93897.09,7.1,8.3,0.327,7654.78,small_business,0,baseline
41,30-50,28035.25,8.6,9.6,0.496,8547.48,home_improvement,0,baseline
22,Under 30,144180.24,1.6,3.8,0.39,3678.87,auto,0,baseline
54,Over 50,79953.43,6.7,6.7,0.152,3678.53,debt_consolidation,0,baseline
51,Over 50,53859.88,10.2,3.0,0.523,7530.56,home_improvement,0,baseline
36,30-50,93086.62,1.7,6.4,0.197,4072.08,auto,0,baseline
39,30-50,28972.85,6.2,5.6,0.52,5278.49,debt_consolidation,0,baseline
37,30-50,43050.25,0.0,1.5,0.152,8280.3,debt_consolidation,0,baseline
52,Over 50,93893.15,6.2,6.5,0.606,15308.6,debt_consolidation,0,baseline
58,Over 50,21159.05,16.5,13.6,0.331,8143.06,education,0,baseline
26,Under 30,63082.96,2.9,4.8,0.744,4104.51,auto,0,baseline
41,30-50,62285.21,5.9,6.7,0.025,3258.75,education,0,baseline
21,Under 30,118913.5,0.0,0.6,0.41,8603.76,home_improvement,0,baseline
43,30-50,24044.7,4.4,5.9,0.176,5916.25,auto,1,baseline
33,30-50,101147.38,4.8,5.8,0.483,8587.63,home_improvement,0,baseline
37,30-50,38110.24,4.6,7.5,0.297,7316.69,debt_consolidation,0,baseline
43,30-50,40088.54,12.3,9.2,0.338,7822.65,home_improvement,0,baseline
36,30-50,28285.31,4.7,4.1,0.298,14776.44,debt_consolidation,0,baseline
40,30-50,30045.45,6.8,8.9,0.178,13722.82,debt_consolidation,0,baseline
58,Over 50,58781.65,8.8,7.7,0.231,9744.15,small_business,1,baseline
60,Over 50,29716.29,12.6,10.2,0.226,5179.19,small_business,0,baseline
21,Under 30,68399.99,0.5,1.2,0.283,6151.04,education,1,baseline
39,30-50,36376.03,5.2,5.9,0.489,11868.28,debt_consolidation,0,baseline
62,Over 50,28399.73,12.9,12.1,0.347,15532.65,debt_consolidation,0,baseline
46,30-50,38657.11,9.7,9.4,0.317,4286.13,debt_consolidation,0,baseline
31,30-50,57040.58,8.0,6.4,0.406,17391.97,education,0,baseline
50,30-50,43268.97,10.6,12.0,0.503,5486.95,debt_consolidation,0,baseline
28,Under 30,49781.29,5.9,9.4,0.06,11320.77,debt_consolidation,0,baseline
22,Under 30,67056.67,2.2,0.0,0.088,32877.02,auto,0,baseline
51,Over 50,79784.91,13.8,9.9,0.353,3659.74,home_improvement,0,baseline
46,30-50,42636.12,6.9,9.5,0.432,10431.67,auto,0,baseline
58,Over 50,30641.18,12.3,15.0,0.243,6925.91,auto,0,baseline
37,30-50,50728.47,5.0,1.7,0.523,10133.7,auto,0,baseline
62,Over 50,60584.38,16.0,16.4,0.086,5946.23,education,0,baseline
41,30-50,25404.3,9.4,12.8,0.548,2345.53,debt_consolidation,0,baseline
57,Over 50,32834.21,13.0,10.7,0.103,5558.55,debt_consolidation,0,baseline
25,Under 30,35467.28,4.0,8.4,0.119,9638.32,home_improvement,0,baseline
25,Under 30,44644.22,0.0,1.6,0.23,15908.48,home_improvement,0,baseline
59,Over 50,34805.64,16.0,15.4,0.219,9924.58,home_improvement,0,baseline
61,Over 50,67384.37,17.0,14.2,0.076,16922.15,home_improvement,0,baseline
67,Over 50,23805.93,18.1,18.5,0.142,6331.43,home_improvement,0,baseline
36,30-50,24079.75,5.7,8.2,0.286,6079.08,home_improvement,0,baseline
22,Under 30,42182.05,2.5,7.4,0.544,9619.41,small_business,0,baseline
69,Over 50,45295.2,14.1,16.2,0.37,6717.67,debt_consolidation,0,baseline
50,30-50,25473.91,10.7,10.6,0.17,14203.62,small_business,0,baseline
33,30-50,37308.0,5.1,12.3,0.226,4012.64,auto,0,baseline
58,Over 50,40926.39,9.0,11.9,0.422,12473.35,debt_consolidation,0,baseline
65,Over 50,41069.29,16.8,16.5,0.293,14824.16,debt_consolidation,0,baseline
34,30-50,52488.36,0.8,0.6,0.151,9725.86,auto,0,baseline
58,Over 50,36398.74,11.7,8.3,0.217,12789.28,auto,0,baseline
59,Over 50,95322.99,13.4,9.8,0.524,5857.07,home_improvement,0,baseline
45,30-50,61064.87,6.2,5.1,0.108,5347.01,home_improvement,0,baseline
51,Over 50,34091.35,10.7,13.4,0.48,9663.39,debt_consolidation,0,baseline
34,30-50,51150.63,4.7,6.8,0.325,5647.05,auto,0,baseline
66,Over 50,51834.28,13.3,11.4,0.088,9416.85,education,0,baseline
69,Over 50,84679.15,18.5,16.5,0.168,9421.97,home_improvement,0,baseline
69,Over 50,37415.03,14.5,13.1,0.379,7834.53,auto,0,baseline
57,Over 50,69237.81,19.5,19.2,0.364,9331.48,debt_consolidation,0,baseline
23,Under 30,49952.83,0.4,0.5,0.273,11129.42,home_improvement,1,baseline
38,30-50,95913.78,2.4,4.6,0.189,7707.79,education,0,baseline
42,30-50,87631.97,4.4,6.1,0.315,6384.1,education,0,baseline
68,Over 50,53564.44,19.9,16.2,0.036,12226.12,home_improvement,0,baseline
47,30-50,43563.41,7.9,11.5,0.455,9289.48,auto,0,baseline
47,30-50,61572.63,5.0,5.4,0.482,10153.14,debt_consolidation,0,baseline
28,Under 30,45197.52,5.0,4.0,0.196,10843.16,debt_consolidation,0,baseline
59,Over 50,104416.0,12.1,13.3,0.297,8727.85,auto,0,baseline
37,30-50,50782.73,7.6,8.2,0.093,6821.95,education,1,baseline
25,Under 30,40841.78,4.2,6.2,0.375,5952.58,debt_consolidation,0,baseline
69,Over 50,39861.78,17.6,13.7,0.108,7752.54,small_business,0,baseline
30,30-50,28399.7,10.3,11.9,0.28,10310.07,small_business,0,baseline
21,Under 30,62972.39,0.0,6.3,0.124,10553.42,debt_consolidation,0,baseline
24,Under 30,33894.06,0.0,0.0,0.375,8707.6,debt_consolidation,0,baseline
43,30-50,80351.55,6.9,8.3,0.428,9663.35,debt_consolidation,0,baseline
26,Under 30,27396.74,8.5,7.3,0.159,4664.24,small_business,0,baseline
62,Over 50,51909.58,19.7,23.2,0.339,6423.98,home_improvement,0,baseline
46,30-50,82256.75,12.6,14.6,0.151,11332.75,debt_consolidation,0,baseline
36,30-50,18610.64,2.9,4.9,0.101,5341.57,education,0,baseline
21,Under 30,121566.84,0.0,0.0,0.372,8696.18,debt_consolidation,1,baseline
44,30-50,40482.36,5.6,4.5,0.288,8314.72,small_business,0,baseline
28,Under 30,52234.21,0.1,3.6,0.163,7654.63,education,0,baseline
68,Over 50,63395.75,20.9,16.0,0.168,11377.54,home_improvement,0,baseline
35,30-50,67965.67,4.2,2.7,0.106,9077.87,education,0,baseline
44,30-50,55450.6,7.7,8.2,0.366,4452.7,education,0,baseline
21,Under 30,76789.49,2.3,4.1,0.36,10488.96,auto,0,baseline
27,Under 30,61918.97,0.0,2.8,0.253,6288.3,education,0,baseline
31,30-50,108271.42,3.7,4.0,0.158,4097.2,home_improvement,0,baseline
23,Under 30,62009.78,0.0,3.8,0.147,11744.35,education,0,baseline
56,Over 50,118668.12,11.4,9.4,0.158,4478.66,education,0,baseline
67,Over 50,73532.7,14.3,14.7,0.199,6786.29,small_business,0,baseline
69,Over 50,21750.94,14.9,14.3,0.311,9383.9,education,0,baseline
34,30-50,158735.76,5.2,7.4,0.175,7811.47,small_business,0,baseline
59,Over 50,37856.01,14.0,15.5,0.211,5930.46,debt_consolidation,0,baseline
45,30-50,96085.61,7.7,7.3,0.128,4930.22,debt_consolidation,0,baseline
23,Under 30,49615.42,1.8,2.1,0.031,5541.16,home_improvement,0,baseline
25,Under 30,79022.71,0.0,0.0,0.154,4728.11,debt_consolidation,0,baseline
47,30-50,35960.79,11.1,6.9,0.466,7606.48,education,0,baseline
41,30-50,64963.77,6.4,6.8,0.087,6169.15,debt_consolidation,0,baseline
21,Under 30,43742.01,0.0,1.8,0.261,4066.84,home_improvement,0,baseline
66,Over 50,99762.88,13.4,10.5,0.113,7012.09,home_improvement,0,baseline
56,Over 50,59718.71,11.5,9.5,0.239,5874.58,education,0,baseline
45,30-50,74695.43,14.0,16.3,0.062,9265.5,debt_consolidation,1,baseline
69,Over 50,18511.83,16.6,17.0,0.233,9711.41,small_business,0,baseline
68,Over 50,47169.01,13.0,9.9,0.463,15850.93,debt_consolidation,0,baseline
68,Over 50,58967.88,19.2,16.5,0.119,11202.48,debt_consolidation,0,baseline
33,30-50,54210.33,2.8,5.0,0.226,4702.62,debt_consolidation,0,baseline
64,Over 50,75547.79,15.9,13.5,0.264,2733.85,education,0,baseline
45,30-50,41578.69,6.6,5.6,0.114,3791.92,debt_consolidation,0,baseline
56,Over 50,50108.91,16.1,14.2,0.092,6302.7,debt_consolidation,0,baseline
63,Over 50,83412.38,12.9,14.5,0.099,3626.48,debt_consolidation,0,baseline
29,Under 30,17581.28,7.0,10.0,0.22,5954.73,home_improvement,0,baseline
42,30-50,63908.5,4.2,3.9,0.056,8234.84,home_improvement,0,baseline
27,Under 30,42182.12,1.2,3.9,0.547,6114.46,debt_consolidation,0,baseline
34,30-50,32515.0,8.7,9.0,0.329,9314.93,home_improvement,0,baseline
41,30-50,57036.4,7.5,6.0,0.473,5977.44,auto,0,baseline
62,Over 50,85165.62,21.2,18.3,0.359,5535.97,home_improvement,0,baseline
63,Over 50,78246.14,13.9,10.6,0.106,19034.41,auto,0,baseline
40,30-50,46129.09,7.4,10.3,0.292,7970.35,small_business,0,baseline
37,30-50,72699.04,11.3,14.2,0.233,8569.88,auto,0,baseline
47,30-50,72448.45,4.6,4.8,0.301,12358.77,education,0,baseline
65,Over 50,47130.84,10.5,9.1,0.265,12563.18,debt_consolidation,0,baseline
68,Over 50,35886.4,14.1,15.4,0.352,6747.74,home_improvement,0,baseline
32,30-50,36832.82,6.3,9.5,0.55,13670.29,debt_consolidation,0,baseline
30,30-50,71470.07,0.0,0.0,0.471,6474.1,home_improvement,0,baseline
55,Over 50,48099.83,13.7,12.7,0.072,13468.68,debt_consolidation,0,baseline
35,30-50,30614.16,6.5,7.1,0.196,4372.52,home_improvement,0,baseline
30,30-50,22966.96,9.2,7.8,0.36,6950.93,home_improvement,0,baseline
22,Under 30,71276.66,3.5,5.6,0.197,9057.06,auto,0,baseline
40,30-50,38328.53,7.7,6.8,0.127,9705.0,debt_consolidation,0,baseline
40,30-50,56878.6,10.7,9.5,0.376,5314.52,debt_consolidation,0,baseline
48,30-50,85636.61,11.1,10.7,0.412,3553.26,home_improvement,0,baseline
30,30-50,27200.32,1.8,0.4,0.45,10200.11,home_improvement,0,baseline
56,Over 50,48035.14,8.8,4.9,0.193,7307.46,debt_consolidation,0,baseline
54,Over 50,45396.38,9.8,11.7,0.39,6665.0,auto,0,baseline
43,30-50,58156.0,7.6,6.6,0.206,18531.02,auto,0,baseline
29,Under 30,85615.53,3.3,8.9,0.152,6998.8,debt_consolidation,0,baseline
45,30-50,26950.22,2.0,7.5,0.688,6257.5,debt_consolidation,1,baseline
54,Over 50,63348.66,10.9,9.7,0.279,3294.25,auto,0,baseline
39,30-50,77978.29,6.4,11.8,0.024,4715.45,home_improvement,0,baseline
33,30-50,45077.13,5.8,8.5,0.139,12555.44,debt_consolidation,0,baseline
45,30-50,46080.67,13.3,11.3,0.225,5638.02,debt_consolidation,0,baseline
38,30-50,59177.83,6.5,2.0,0.282,11095.05,small_business,0,baseline
40,30-50,57249.13,3.9,6.5,0.152,4246.07,home_improvement,0,baseline
38,30-50,63707.57,0.5,2.5,0.358,5246.95,debt_consolidation,0,baseline
35,30-50,63106.32,7.0,8.4,0.393,5180.43,auto,0,baseline
56,Over 50,31511.65,9.6,9.3,0.446,10284.38,debt_consolidation,0,baseline
43,30-50,76543.92,10.3,8.0,0.364,7288.44,debt_consolidation,0,baseline
43,30-50,82871.99,11.9,10.7,0.153,4650.28,education,0,baseline
53,Over 50,53302.44,6.6,8.7,0.213,11582.39,small_business,0,baseline
38,30-50,25024.99,7.6,7.4,0.197,10374.95,home_improvement,0,baseline
25,Under 30,46553.82,5.3,5.5,0.421,9606.7,auto,0,baseline
62,Over 50,53502.45,17.4,12.9,0.288,9392.08,home_improvement,0,baseline
23,Under 30,29287.9,0.0,2.2,0.12,5287.06,auto,0,baseline
49,30-50,41686.72,7.2,5.6,0.174,15203.64,auto,0,baseline
34,30-50,25998.23,0.7,4.4,0.289,7703.89,auto,0,baseline
31,30-50,64426.58,5.1,4.6,0.145,9265.05,debt_consolidation,0,baseline
23,Under 30,52821.83,1.9,3.0,0.103,9812.96,debt_consolidation,0,baseline
65,Over 50,23374.42,7.3,12.2,0.179,5052.05,auto,0,baseline
42,30-50,57420.65,6.4,6.5,0.152,20914.45,home_improvement,0,baseline
37,30-50,47789.97,8.0,7.5,0.176,7994.16,small_business,0,baseline
57,Over 50,61844.99,13.0,13.6,0.366,8239.53,debt_consolidation,0,baseline
22,Under 30,41101.93,0.8,0.0,0.097,6592.85,small_business,0,baseline
48,30-50,34177.89,8.4,11.2,0.311,14400.04,debt_consolidation,0,baseline
45,30-50,34652.32,5.2,8.2,0.201,14707.1,debt_consolidation,0,baseline
48,30-50,38477.29,9.4,10.6,0.296,8770.48,education,0,baseline
27,Under 30,49437.83,2.3,0.0,0.506,3893.59,home_improvement,0,baseline
67,Over 50,52395.78,17.9,15.8,0.322,7463.42,debt_consolidation,1,baseline
32,30-50,44989.12,5.9,4.2,0.152,7844.0,auto,1,baseline
54,Over 50,40518.19,11.8,13.7,0.32,6465.12,home_improvement,0,baseline
57,Over 50,41850.9,15.9,16.8,0.253,4955.9,small_business,1,baseline
37,30-50,151520.49,4.5,6.4,0.312,3725.22,education,0,baseline
27,Under 30,34654.18,0.0,0.0,0.089,16908.49,auto,0,baseline
35,30-50,38135.95,6.3,10.1,0.138,11740.49,debt_consolidation,0,baseline
60,Over 50,215827.41,14.0,12.7,0.465,8243.87,debt_consolidation,0,baseline
65,Over 50,59246.14,16.9,19.1,0.201,5855.36,education,0,baseline
66,Over 50,26344.34,12.0,12.1,0.116,9701.69,debt_consolidation,0,baseline
32,30-50,71625.7,9.2,10.4,0.43,8973.81,debt_consolidation,0,baseline
50,30-50,32548.37,12.3,10.9,0.147,6630.43,auto,0,baseline
28,Under 30,73797.32,1.6,6.1,0.161,9846.23,education,0,baseline
55,Over 50,44581.18,9.1,10.5,0.186,10469.19,home_improvement,0,baseline
41,30-50,40218.88,10.2,13.1,0.389,11426.36,auto,0,baseline
55,Over 50,101126.17,8.6,9.2,0.139,5197.49,small_business,0,baseline
54,Over 50,63251.91,18.3,16.6,0.133,10053.03,debt_consolidation,0,baseline
69,Over 50,75951.12,15.0,15.2,0.056,14600.12,debt_consolidation,0,baseline
44,30-50,59618.06,13.2,15.5,0.307,9397.36,debt_consolidation,0,baseline
37,30-50,40134.84,5.0,8.1,0.149,24443.14,home_improvement,0,baseline
46,30-50,64544.45,13.5,13.1,0.226,7404.2,education,0,baseline
28,Under 30,84469.6,0.2,0.0,0.093,3432.82,home_improvement,0,baseline
26,Under 30,52084.99,1.8,5.1,0.145,5300.48,auto,0,baseline
46,30-50,110275.73,11.2,8.1,0.126,5798.47,auto,0,baseline
61,Over 50,71877.55,16.0,14.9,0.283,10713.82,home_improvement,0,baseline
47,30-50,53927.3,12.4,11.7,0.241,12282.32,debt_consolidation,0,baseline
59,Over 50,54894.53,11.8,8.6,0.092,8673.71,debt_consolidation,0,baseline
29,Under 30,52143.6,3.1,5.2,0.515,9379.65,debt_consolidation,0,baseline
43,30-50,27915.64,11.4,15.5,0.342,21110.75,debt_consolidation,0,baseline
51,Over 50,47073.6,8.4,8.1,0.286,5347.88,debt_consolidation,0,baseline
38,30-50,54151.12,7.7,9.7,0.278,7813.15,debt_consolidation,0,baseline
21,Under 30,40650.31,0.0,6.7,0.081,6462.61,auto,0,baseline
24,Under 30,57065.48,1.7,5.1,0.123,4505.55,home_improvement,0,baseline
66,Over 50,49493.09,16.0,13.5,0.025,2944.04,debt_consolidation,0,baseline
50,30-50,69436.04,7.8,8.7,0.175,15494.75,debt_consolidation,0,baseline
33,30-50,66065.41,3.4,5.7,0.396,5529.76,debt_consolidation,0,baseline
33,30-50,52850.32,4.6,8.6,0.527,7149.54,auto,0,baseline
22,Under 30,26496.14,0.0,4.5,0.084,10049.68,home_improvement,0,baseline
67,Over 50,109735.17,20.8,13.1,0.121,4469.37,auto,0,baseline
26,Under 30,45988.61,4.8,4.1,0.206,5339.0,home_improvement,0,baseline
58,Over 50,47268.58,13.8,12.9,0.354,8015.46,debt_consolidation,0,baseline
32,30-50,42018.51,1.6,1.2,0.297,6508.47,education,0,baseline
37,30-50,39348.56,3.1,0.0,0.124,4281.47,debt_consolidation,0,baseline
34,30-50,98206.35,10.5,8.9,0.065,10977.39,home_improvement,0,baseline
61,Over 50,91465.76,11.0,10.8,0.07,6424.55,auto,0,baseline
22,Under 30,59872.77,0.7,1.5,0.101,8676.51,auto,0,baseline
38,30-50,46705.86,7.0,5.6,0.043,8337.06,home_improvement,0,baseline
34,30-50,64770.34,3.6,5.0,0.211,13158.28,education,0,baseline
34,30-50,50676.05,1.5,3.9,0.308,9667.59,home_improvement,0,baseline
30,30-50,44999.19,0.8,1.7,0.215,5264.29,education,0,baseline
65,Over 50,57076.5,13.8,15.8,0.478,14488.39,debt_consolidation,0,baseline
39,30-50,40194.24,4.2,5.5,0.317,6395.56,home_improvement,0,baseline
41,30-50,54913.74,11.0,9.0,0.528,5394.15,debt_consolidation,1,baseline
39,30-50,53739.28,6.3,4.8,0.075,5008.98,auto,0,baseline
69,Over 50,64300.41,15.2,13.8,0.006,2510.53,home_improvement,0,baseline
37,30-50,37100.6,5.9,9.0,0.181,5977.52,auto,0,baseline
37,30-50,67478.3,7.6,6.4,0.152,9880.61,auto,0,baseline
37,30-50,32603.01,4.6,6.8,0.029,4101.33,home_improvement,0,baseline
37,30-50,37886.31,8.3,8.8,0.129,19040.06,auto,0,baseline
25,Under 30,38637.7,0.0,6.0,0.665,2642.98,auto,0,baseline
50,30-50,30259.84,13.7,13.7,0.417,5477.49,education,0,baseline
22,Under 30,77423.69,0.3,0.9,0.137,3851.54,debt_consolidation,0,baseline
32,30-50,31695.39,3.7,6.4,0.557,12823.52,home_improvement,0,baseline
30,30-50,35792.29,1.1,4.4,0.193,11228.92,small_business,0,baseline
35,30-50,86243.8,1.2,2.2,0.297,7093.83,debt_consolidation,0,baseline
58,Over 50,37920.15,7.9,6.0,0.443,3980.3,auto,0,baseline
50,30-50,45041.33,7.9,9.4,0.058,4450.48,debt_consolidation,0,baseline
69,Over 50,31088.3,18.6,17.0,0.498,9181.94,education,0,baseline
38,30-50,71312.58,3.1,1.4,0.19,5778.68,auto,0,baseline
66,Over 50,71756.33,11.1,11.4,0.154,6117.93,small_business,0,baseline
23,Under 30,68358.81,0.0,0.7,0.463,7809.7,auto,0,baseline
45,30-50,62435.45,7.2,4.8,0.333,6592.66,home_improvement,0,baseline
60,Over 50,50671.31,12.6,11.4,0.23,3378.45,home_improvement,0,baseline
47,30-50,38716.86,8.7,11.5,0.388,4165.34,education,1,baseline
66,Over 50,33971.04,18.8,19.5,0.142,4216.08,auto,0,baseline
36,30-50,87593.1,9.0,11.1,0.252,5632.06,debt_consolidation,0,baseline
22,Under 30,69158.89,6.4,7.6,0.113,8476.45,debt_consolidation,0,baseline
58,Over 50,35882.79,8.1,9.7,0.311,8303.68,auto,0,baseline
24,Under 30,49907.39,0.0,2.2,0.265,14666.16,debt_consolidation,1,baseline
58,Over 50,42828.04,15.0,11.8,0.341,4009.76,auto,0,baseline
56,Over 50,29504.71,10.9,8.9,0.114,9444.69,education,0,baseline
62,Over 50,53100.58,16.9,14.3,0.086,5468.16,home_improvement,0,baseline
44,30-50,40661.15,8.7,11.7,0.175,21758.5,debt_consolidation,0,baseline
64,Over 50,31931.83,19.8,20.0,0.144,7685.17,education,0,baseline
29,Under 30,25194.74,5.9,4.6,0.242,6119.28,home_improvement,0,baseline
42,30-50,24252.83,10.5,10.5,0.103,9294.25,education,0,baseline
26,Under 30,41475.5,0.5,1.6,0.159,8942.16,debt_consolidation,0,baseline
58,Over 50,47179.15,12.7,11.8,0.282,6701.1,debt_consolidation,0,baseline
55,Over 50,33061.17,11.0,9.7,0.235,10904.9,debt_consolidation,0,baseline
60,Over 50,65698.59,9.1,12.1,0.059,17243.5,home_improvement,0,baseline
58,Over 50,47596.0,17.4,15.9,0.176,12824.16,education,0,baseline
36,30-50,63551.02,7.5,8.4,0.234,7521.73,auto,0,baseline
24,Under 30,45147.5,0.0,2.5,0.045,19699.17,debt_consolidation,0,baseline
66,Over 50,34399.49,19.7,15.7,0.318,10311.9,debt_consolidation,0,baseline
45,30-50,51603.92,6.5,7.4,0.033,4680.4,auto,0,baseline
25,Under 30,27772.36,0.0,4.1,0.139,8328.64,debt_consolidation,0,baseline
66,Over 50,62489.09,18.8,20.0,0.176,7270.81,debt_consolidation,0,baseline
69,Over 50,32153.7,13.0,10.1,0.183,6181.42,auto,0,baseline
42,30-50,74102.51,6.8,4.4,0.668,9482.33,debt_consolidation,0,baseline
58,Over 50,42095.45,13.6,13.0,0.212,3166.86,home_improvement,0,baseline
22,Under 30,79074.05,1.5,5.4,0.28,18061.91,home_improvement,0,baseline
25,Under 30,29578.99,3.9,5.9,0.141,11003.5,debt_consolidation,0,baseline
34,30-50,36134.51,6.3,8.4,0.361,3226.98,debt_consolidation,0,baseline
53,Over 50,58187.2,12.8,9.6,0.129,10938.48,home_improvement,0,baseline
27,Under 30,83010.61,0.0,0.9,0.697,10113.57,debt_consolidation,0,baseline
22,Under 30,103774.34,1.2,0.0,0.247,16859.16,small_business,0,baseline
53,Over 50,49941.86,6.7,7.1,0.222,19187.62,debt_consolidation,0,baseline
58,Over 50,112081.94,17.6,11.8,0.617,20874.15,auto,0,baseline
57,Over 50,43029.92,8.4,11.4,0.059,7052.27,debt_consolidation,0,baseline
60,Over 50,80373.95,12.6,15.2,0.259,10619.08,debt_consolidation,0,baseline
60,Over 50,32080.98,9.7,10.0,0.414,6372.9,home_improvement,0,baseline
50,30-50,59224.48,8.0,5.3,0.242,13216.41,auto,0,baseline
46,30-50,17089.82,8.8,9.8,0.316,2749.78,debt_consolidation,0,baseline
62,Over 50,29592.73,12.8,15.9,0.348,4282.53,debt_consolidation,0,baseline
38,30-50,60476.16,9.4,10.5,0.055,6522.83,education,0,baseline
25,Under 30,27157.34,2.1,6.0,0.257,7862.77,home_improvement,0,baseline
57,Over 50,59404.62,11.2,10.0,0.419,8793.23,education,0,baseline
34,30-50,73710.91,4.1,3.6,0.105,15324.02,debt_consolidation,0,baseline
68,Over 50,39120.66,20.1,17.9,0.618,5854.48,education,0,baseline
41,30-50,31696.81,9.7,5.9,0.247,4246.82,auto,0,baseline
62,Over 50,39601.25,10.9,15.3,0.059,6675.69,debt_consolidation,0,baseline
23,Under 30,31741.63,0.0,2.3,0.458,5984.76,debt_consolidation,1,baseline
53,Over 50,46838.18,12.6,13.8,0.059,10685.1,education,0,baseline
42,30-50,51325.39,8.4,7.8,0.166,17370.02,debt_consolidation,0,baseline
43,30-50,42714.57,4.5,2.6,0.111,16605.74,debt_consolidation,0,baseline
33,30-50,104136.9,6.4,10.0,0.252,13970.75,debt_consolidation,0,baseline
68,Over 50,35463.82,13.8,10.8,0.104,6095.0,home_improvement,0,baseline
40,30-50,91687.83,10.6,11.1,0.323,7473.58,home_improvement,0,baseline
62,Over 50,30682.33,15.9,15.6,0.456,10019.67,home_improvement,1,baseline
41,30-50,50652.81,3.6,5.0,0.181,5512.03,education,0,baseline
23,Under 30,83482.93,0.0,0.4,0.226,5774.84,debt_consolidation,0,baseline
64,Over 50,81561.35,13.4,12.4,0.235,9771.61,auto,0,baseline
30,30-50,40574.05,3.6,3.0,0.059,4096.07,small_business,0,baseline
34,30-50,62930.19,3.9,6.8,0.146,13992.86,debt_consolidation,0,baseline
63,Over 50,59250.56,11.3,12.2,0.112,6629.19,education,0,baseline
64,Over 50,38446.67,10.9,10.7,0.263,10617.69,debt_consolidation,0,baseline
65,Over 50,64678.07,17.0,14.5,0.135,8985.86,home_improvement,0,baseline
41,30-50,113337.06,7.9,12.5,0.218,15170.3,debt_consolidation,0,baseline
58,Over 50,60613.04,13.3,10.0,0.453,2795.9,debt_consolidation,0,baseline
37,30-50,63250.63,6.4,4.0,0.324,15217.79,debt_consolidation,0,baseline
57,Over 50,66334.79,10.7,10.4,0.148,15048.81,debt_consolidation,0,baseline
45,30-50,25401.42,9.0,8.6,0.046,9326.49,debt_consolidation,0,baseline
23,Under 30,60300.83,8.3,10.8,0.333,10516.01,small_business,0,baseline
41,30-50,31022.19,10.5,11.7,0.461,10918.22,education,0,baseline
43,30-50,37592.16,6.8,7.5,0.144,5163.94,auto,0,baseline
33,30-50,129686.31,2.6,5.1,0.088,8325.43,debt_consolidation,0,baseline
39,30-50,43740.61,0.0,3.0,0.124,12644.89,small_business,0,baseline
45,30-50,35133.9,11.6,15.5,0.63,3314.93,small_business,0,baseline
23,Under 30,82344.11,3.1,5.0,0.554,10254.95,education,0,baseline
28,Under 30,32001.73,0.8,1.3,0.319,8463.62,auto,0,baseline
58,Over 50,40081.15,8.7,9.3,0.386,11088.62,debt_consolidation,0,baseline
38,30-50,85997.5,2.5,0.0,0.404,4290.0,education,0,baseline
50,30-50,49973.36,11.5,11.1,0.127,5586.86,home_improvement,0,baseline
48,30-50,24276.92,9.2,11.5,0.523,4031.65,auto,0,baseline
48,30-50,62617.2,11.5,12.4,0.222,4010.05,debt_consolidation,0,baseline
41,30-50,41010.78,7.3,8.4,0.174,12276.63,debt_consolidation,0,baseline
44,30-50,98020.62,11.0,12.1,0.185,6036.37,small_business,0,baseline
61,Over 50,37317.43,15.1,16.3,0.223,5818.59,auto,0,baseline
68,Over 50,78672.72,18.9,20.0,0.506,13978.97,auto,0,baseline
33,30-50,108995.74,0.0,2.9,0.247,6824.38,debt_consolidation,0,baseline
53,Over 50,33425.54,7.5,7.4,0.09,13119.6,home_improvement,0,baseline
68,Over 50,44938.68,15.4,9.7,0.121,4794.91,debt_consolidation,0,baseline
21,Under 30,58388.92,3.2,6.5,0.359,6814.91,education,0,baseline
59,Over 50,33329.37,18.9,18.2,0.334,5152.12,home_improvement,0,baseline
45,30-50,55361.11,7.9,8.6,0.486,10656.72,home_improvement,0,baseline
68,Over 50,44302.03,14.6,12.3,0.269,7306.66,debt_consolidation,0,baseline
49,30-50,43902.19,3.9,7.1,0.074,11679.16,home_improvement,0,baseline
62,Over 50,50112.33,16.9,15.0,0.408,8746.67,home_improvement,0,baseline
29,Under 30,50618.33,1.1,2.9,0.428,3062.59,education,0,baseline
27,Under 30,52772.54,11.0,10.7,0.116,7100.81,education,1,baseline
66,Over 50,37441.24,13.5,13.7,0.526,3760.42,home_improvement,0,baseline
46,30-50,38184.03,15.1,11.8,0.094,9635.91,home_improvement,0,baseline
48,30-50,46473.41,11.7,12.5,0.182,10695.63,small_business,0,baseline
29,Under 30,48043.35,0.0,0.6,0.005,11264.98,home_improvement,1,baseline
32,30-50,40236.02,4.5,4.3,0.17,7620.3,auto,0,baseline
61,Over 50,56713.8,16.3,16.8,0.416,3582.97,debt_consolidation,1,baseline
35,30-50,21662.92,4.2,3.4,0.147,8998.3,home_improvement,0,baseline
49,30-50,35287.72,12.3,13.6,0.319,9932.55,debt_consolidation,0,baseline
36,30-50,43218.87,7.7,8.4,0.25,7396.24,debt_consolidation,0,baseline
33,30-50,33347.84,6.0,3.5,0.166,8456.95,debt_consolidation,0,baseline
29,Under 30,102041.93,2.8,6.9,0.168,3152.77,home_improvement,0,baseline
66,Over 50,49438.65,12.2,12.4,0.227,8375.92,debt_consolidation,0,baseline
67,Over 50,53079.52,15.9,15.5,0.166,7675.64,education,0,baseline
26,Under 30,39440.41,2.3,5.8,0.014,4418.85,home_improvement,0,baseline
38,30-50,48673.96,0.3,5.3,0.251,10552.68,debt_consolidation,0,baseline
48,30-50,28371.37,10.0,10.4,0.531,6328.8,home_improvement,0,baseline
39,30-50,45414.3,6.0,8.0,0.415,9086.63,debt_consolidation,1,baseline
56,Over 50,32155.74,8.4,9.4,0.255,10342.54,debt_consolidation,0,baseline
33,30-50,43267.99,3.2,3.9,0.266,9550.99,debt_consolidation,1,baseline
23,Under 30,15491.36,0.0,0.0,0.288,4144.79,education,0,baseline
37,30-50,29507.46,11.4,11.5,0.326,6687.18,home_improvement,0,baseline
50,30-50,94728.19,10.8,13.4,0.297,23499.41,debt_consolidation,0,baseline
29,Under 30,71230.69,5.9,7.9,0.124,16281.22,home_improvement,0,baseline
60,Over 50,88749.02,13.3,10.5,0.431,12298.84,debt_consolidation,0,baseline
21,Under 30,91534.81,0.0,4.2,0.282,9294.36,auto,0,baseline
24,Under 30,66359.64,3.1,3.8,0.187,4944.21,small_business,0,baseline
45,30-50,39982.98,6.4,3.0,0.231,7471.54,debt_consolidation,0,baseline
46,30-50,30737.45,7.7,10.2,0.128,6560.23,debt_consolidation,0,baseline
35,30-50,82128.06,1.7,1.5,0.209,7767.11,auto,0,baseline
33,30-50,50466.02,4.4,9.1,0.157,3931.43,auto,0,baseline
24,Under 30,150589.11,4.2,7.7,0.241,13059.21,education,0,baseline
53,Over 50,41593.78,14.0,12.7,0.414,2114.9,auto,0,baseline
39,30-50,119110.05,11.1,11.8,0.323,12438.54,debt_consolidation,0,baseline
26,Under 30,45681.27,6.9,12.4,0.303,12558.01,education,0,baseline
40,30-50,89430.93,0.5,4.4,0.014,25936.82,debt_consolidation,0,baseline
66,Over 50,105188.71,12.2,12.2,0.284,7151.7,debt_consolidation,0,baseline
33,30-50,30935.9,0.0,7.8,0.134,6247.93,small_business,0,baseline
64,Over 50,39409.05,16.9,15.8,0.054,8605.64,auto,0,baseline
33,30-50,30796.59,2.1,4.9,0.34,10720.46,debt_consolidation,0,baseline
30,30-50,28184.43,1.7,1.5,0.246,7745.64,debt_consolidation,0,baseline
33,30-50,66183.08,3.6,1.5,0.116,4484.92,debt_consolidation,0,baseline
36,30-50,44869.67,6.4,6.5,0.118,10713.57,auto,0,baseline
26,Under 30,50189.69,0.0,2.1,0.202,8100.42,education,0,baseline
49,30-50,62963.32,6.0,7.5,0.011,4894.7,auto,0,baseline
37,30-50,21251.35,5.6,3.6,0.213,3596.01,education,0,baseline
56,Over 50,87469.44,15.8,16.0,0.37,27846.38,auto,0,baseline
45,30-50,41894.41,8.3,7.0,0.117,12283.62,debt_consolidation,0,baseline
42,30-50,62291.52,5.0,7.2,0.311,10718.13,home_improvement,0,baseline
44,30-50,64816.84,1.6,5.2,0.51,7650.39,debt_consolidation,0,baseline
28,Under 30,90840.31,5.3,5.5,0.227,11441.4,debt_consolidation,0,baseline
55,Over 50,46761.44,9.7,7.8,0.433,4787.95,debt_consolidation,0,baseline
26,Under 30,18851.79,0.0,5.1,0.192,8952.6,education,1,baseline
56,Over 50,50297.34,7.1,9.4,0.101,9149.9,debt_consolidation,0,baseline
69,Over 50,53654.36,12.5,12.3,0.161,4847.56,home_improvement,0,baseline
58,Over 50,30778.84,10.1,13.0,0.167,7690.78,education,0,baseline
43,30-50,52384.75,7.0,7.8,0.249,6592.04,auto,0,baseline
36,30-50,41670.21,1.6,2.1,0.193,5530.45,debt_consolidation,0,baseline
63,Over 50,26789.38,15.3,12.2,0.397,6189.28,home_improvement,0,baseline
33,30-50,66314.79,3.5,4.6,0.386,3451.53,education,1,baseline
44,30-50,38037.34,14.7,15.3,0.215,13785.92,home_improvement,0,baseline
58,Over 50,40828.24,7.8,11.0,0.196,17697.19,debt_consolidation,0,baseline
66,Over 50,39808.65,16.2,15.0,0.086,5099.19,auto,0,baseline
66,Over 50,85473.82,16.3,17.4,0.513,14115.04,home_improvement,0,baseline
25,Under 30,48126.48,0.0,1.6,0.089,7974.42,home_improvement,0,baseline
65,Over 50,50797.12,15.7,13.0,0.478,8061.86,debt_consolidation,0,baseline
26,Under 30,40203.68,4.1,2.6,0.239,4240.15,small_business,0,baseline
49,30-50,60372.57,10.1,9.1,0.084,6131.12,small_business,0,baseline
66,Over 50,89966.54,19.9,15.4,0.296,10576.66,debt_consolidation,0,baseline
53,Over 50,65613.54,4.7,9.8,0.129,4975.74,debt_consolidation,0,baseline
67,Over 50,66775.41,13.6,13.7,0.436,5592.35,debt_consolidation,0,baseline
37,30-50,64395.79,10.0,9.8,0.053,6285.14,auto,0,baseline
36,30-50,26341.23,8.0,11.8,0.4,1474.92,debt_consolidation,0,baseline
36,30-50,33049.0,6.9,4.9,0.3,9548.48,auto,0,baseline
38,30-50,44701.2,9.6,9.4,0.092,11142.08,small_business,0,baseline
54,Over 50,35360.87,5.8,10.6,0.038,9723.44,debt_consolidation,0,baseline
43,30-50,30362.34,10.1,9.8,0.184,12983.27,debt_consolidation,0,baseline
57,Over 50,21110.4,15.8,19.5,0.194,6489.79,debt_consolidation,0,baseline
41,30-50,26743.9,5.0,7.6,0.363,20042.17,debt_consolidation,1,baseline
36,30-50,43676.41,13.1,15.1,0.047,5311.37,education,0,baseline
30,30-50,47512.98,3.7,7.7,0.025,7242.8,debt_consolidation,0,baseline
48,30-50,34307.72,2.9,4.3,0.658,6893.87,auto,0,baseline
65,Over 50,50793.13,16.5,14.3,0.33,8894.13,home_improvement,0,baseline
63,Over 50,40326.93,12.5,11.8,0.496,7188.33,debt_consolidation,0,baseline
33,30-50,80078.13,7.7,6.2,0.354,7696.59,debt_consolidation,0,baseline
44,30-50,45582.01,9.7,9.6,0.094,5771.94,education,1,baseline
55,Over 50,67060.39,10.1,10.1,0.28,6507.78,education,0,baseline
51,Over 50,53714.93,15.0,17.4,0.47,2651.45,debt_consolidation,0,baseline
24,Under 30,26083.76,3.9,6.3,0.483,12103.1,auto,1,baseline
49,30-50,47061.18,7.3,12.6,0.065,4861.04,home_improvement,0,baseline
22,Under 30,28112.49,0.0,0.0,0.288,6340.24,debt_consolidation,0,baseline
26,Under 30,46692.82,3.3,2.2,0.161,4770.09,debt_consolidation,0,baseline
53,Over 50,35055.62,10.1,9.4,0.023,10773.46,debt_consolidation,1,baseline
26,Under 30,58214.13,0.7,5.6,0.301,6175.31,education,0,baseline
37,30-50,26794.2,5.7,6.3,0.129,2388.42,home_improvement,0,baseline
49,30-50,49346.19,6.6,4.3,0.608,9324.27,education,0,baseline
53,Over 50,63423.33,4.5,5.1,0.211,5576.85,small_business,0,baseline
42,30-50,73748.65,8.1,6.1,0.323,8008.95,home_improvement,0,baseline
25,Under 30,34756.59,0.0,0.0,0.292,12284.49,auto,0,baseline
60,Over 50,49413.94,10.7,14.5,0.07,4945.45,small_business,0,baseline
67,Over 50,53256.02,10.8,9.9,0.301,7899.54,debt_consolidation,0,baseline
64,Over 50,98342.03,10.1,10.4,0.459,5509.17,debt_consolidation,0,baseline
57,Over 50,25169.83,13.9,12.9,0.346,13271.0,home_improvement,0,baseline
40,30-50,32532.79,6.0,6.3,0.081,8429.38,home_improvement,0,baseline
63,Over 50,173166.38,13.9,11.5,0.371,8010.08,small_business,0,baseline
44,30-50,43351.92,4.1,4.7,0.319,4357.03,home_improvement,0,baseline
27,Under 30,20932.39,0.1,2.8,0.213,11791.07,home_improvement,0,baseline
62,Over 50,37716.48,15.5,17.2,0.144,12563.42,home_improvement,0,baseline
36,30-50,14101.09,5.1,8.0,0.417,5524.39,home_improvement,0,baseline
66,Over 50,54634.14,18.2,14.1,0.117,8751.16,education,0,baseline
39,30-50,70573.02,9.2,11.3,0.553,10872.59,auto,0,baseline
63,Over 50,32524.6,13.9,14.1,0.338,24562.75,education,0,baseline
47,30-50,39663.01,3.5,3.6,0.042,9853.33,debt_consolidation,0,baseline
43,30-50,74283.52,5.4,6.7,0.307,8101.42,education,0,baseline
35,30-50,22301.36,4.6,6.8,0.257,7496.36,small_business,0,baseline
61,Over 50,27045.96,11.7,11.4,0.226,7722.58,small_business,1,baseline
23,Under 30,44238.39,0.0,3.0,0.202,11892.33,small_business,0,baseline
43,30-50,34942.16,7.9,6.6,0.433,5213.37,auto,0,baseline
39,30-50,42948.62,13.6,16.9,0.153,12917.55,auto,0,baseline
47,30-50,27758.92,7.6,4.2,0.202,3749.49,debt_consolidation,0,baseline
33,30-50,53983.9,4.2,6.5,0.444,11306.9,debt_consolidation,0,baseline
53,Over 50,45836.92,7.3,8.5,0.292,12996.08,education,0,baseline
39,30-50,62763.92,10.0,11.3,0.223,12125.76,home_improvement,0,baseline
30,30-50,53646.94,5.8,5.2,0.292,9276.07,auto,0,baseline
30,30-50,53799.02,5.6,8.8,0.095,9871.88,auto,0,baseline
55,Over 50,25569.66,16.0,14.6,0.136,6633.57,auto,0,baseline
33,30-50,61185.54,2.9,2.0,0.283,4617.11,home_improvement,0,baseline
36,30-50,42239.46,4.3,3.3,0.067,9180.7,education,0,baseline
51,Over 50,45480.13,15.6,14.8,0.494,8387.44,debt_consolidation,0,baseline
37,30-50,78567.94,7.5,4.8,0.054,12859.56,education,0,baseline
40,30-50,35463.31,0.0,5.6,0.142,7550.43,debt_consolidation,0,baseline
32,30-50,90042.13,5.2,8.3,0.202,8773.36,education,0,baseline
37,30-50,93902.65,3.9,8.7,0.201,9355.42,education,0,baseline
54,Over 50,68785.83,14.2,16.8,0.156,10788.07,small_business,0,baseline
47,30-50,31530.82,10.3,9.6,0.474,13020.73,debt_consolidation,0,baseline
69,Over 50,18327.69,11.6,9.5,0.372,5029.78,education,0,baseline
58,Over 50,79656.24,13.8,7.6,0.029,11508.62,debt_consolidation,0,baseline
21,Under 30,51540.5,0.6,1.7,0.44,7403.55,debt_consolidation,0,baseline
39,30-50,35054.57,7.4,11.4,0.248,11173.58,debt_consolidation,0,baseline
35,30-50,83125.19,6.6,5.6,0.263,16970.57,auto,0,baseline
49,30-50,33266.25,14.3,13.0,0.51,2823.72,small_business,0,baseline
34,30-50,40502.95,5.8,5.5,0.163,14871.85,auto,0,baseline
68,Over 50,62081.34,16.5,16.0,0.572,7637.37,debt_consolidation,0,baseline
35,30-50,29699.3,8.3,11.2,0.383,5283.11,home_improvement,1,baseline
46,30-50,46664.25,15.5,11.3,0.339,6510.95,debt_consolidation,0,baseline
27,Under 30,80026.39,4.8,3.2,0.384,4838.15,debt_consolidation,0,baseline
65,Over 50,53906.15,16.0,17.8,0.045,10443.64,education,0,baseline
65,Over 50,85934.6,16.7,16.8,0.3,4829.97,debt_consolidation,0,baseline
59,Over 50,81643.79,14.1,12.7,0.22,14796.75,auto,0,baseline
38,30-50,49191.8,6.0,10.2,0.403,11452.44,home_improvement,0,baseline
23,Under 30,17127.94,7.2,5.0,0.366,9077.71,debt_consolidation,0,baseline
55,Over 50,29804.14,9.7,11.6,0.247,2927.57,debt_consolidation,0,baseline
42,30-50,69113.15,10.8,10.5,0.408,4182.75,debt_consolidation,0,baseline
69,Over 50,24401.18,16.4,16.4,0.046,7784.77,auto,0,baseline
55,Over 50,42318.87,7.5,3.2,0.276,7999.72,auto,0,baseline
47,30-50,57086.12,8.5,8.3,0.324,12963.65,education,0,baseline
69,Over 50,94969.1,15.2,15.6,0.184,1888.86,debt_consolidation,0,baseline
60,Over 50,37844.51,15.4,14.2,0.007,5543.68,debt_consolidation,1,baseline
43,30-50,36696.28,8.0,10.9,0.538,12314.61,home_improvement,0,baseline
21,Under 30,47877.43,0.0,4.4,0.013,6845.79,education,0,baseline
25,Under 30,57406.39,5.8,4.7,0.201,6414.66,auto,0,baseline
42,30-50,45733.62,10.6,12.1,0.158,3618.74,small_business,0,baseline
48,30-50,78603.44,14.2,11.4,0.38,13756.43,debt_consolidation,0,baseline
22,Under 30,34213.83,1.1,3.0,0.063,6358.3,auto,0,baseline
27,Under 30,51744.45,2.0,4.9,0.437,14000.5,auto,0,baseline
55,Over 50,59894.84,14.0,11.5,0.186,16863.01,debt_consolidation,0,baseline
57,Over 50,40941.33,10.9,12.3,0.147,15655.32,debt_consolidation,0,baseline
22,Under 30,71529.8,0.7,1.6,0.404,7972.8,home_improvement,0,baseline
45,30-50,52419.36,7.9,7.1,0.338,6360.81,debt_consolidation,0,baseline
24,Under 30,69911.16,0.0,3.4,0.169,6147.82,debt_consolidation,0,baseline
56,Over 50,53495.18,12.6,10.4,0.09,21680.55,auto,0,baseline
61,Over 50,58068.7,12.7,10.4,0.259,7288.48,debt_consolidation,0,baseline
63,Over 50,36879.96,14.0,15.3,0.253,13719.6,auto,1,baseline
50,30-50,36906.86,11.2,11.2,0.185,10313.41,home_improvement,0,baseline
51,Over 50,85048.62,14.3,10.5,0.292,6596.11,debt_consolidation,0,baseline
66,Over 50,65249.89,13.2,14.3,0.482,7140.07,auto,0,baseline
51,Over 50,30935.69,9.5,8.8,0.226,14642.73,home_improvement,0,baseline
42,30-50,53177.39,5.1,3.2,0.066,8230.74,debt_consolidation,0,baseline
57,Over 50,16844.86,10.1,5.1,0.173,6458.11,auto,0,baseline
49,30-50,37862.9,8.0,10.2,0.279,5413.03,debt_consolidation,0,baseline
62,Over 50,75543.39,13.8,11.3,0.063,9509.38,debt_consolidation,0,baseline
46,30-50,46336.46,10.5,7.9,0.093,6258.96,home_improvement,0,baseline
63,Over 50,51692.12,15.7,15.8,0.359,10904.64,home_improvement,0,baseline
23,Under 30,12614.83,0.0,3.6,0.338,28913.82,auto,1,baseline
22,Under 30,41088.6,4.2,3.8,0.548,10499.12,home_improvement,1,baseline
25,Under 30,57080.77,4.2,7.2,0.123,19971.31,home_improvement,1,baseline
48,30-50,60438.43,6.7,11.5,0.287,5667.96,auto,0,baseline
55,Over 50,75588.55,15.6,17.2,0.192,11407.08,small_business,0,baseline
31,30-50,44595.31,4.5,8.0,0.479,15181.26,debt_consolidation,0,baseline
28,Under 30,45499.42,2.0,4.2,0.503,16153.82,auto,0,baseline
63,Over 50,26917.91,15.8,13.7,0.181,15361.77,debt_consolidation,0,baseline
57,Over 50,44710.57,12.5,11.9,0.023,8170.55,debt_consolidation,0,baseline
52,Over 50,27786.1,12.5,12.9,0.136,12644.26,education,0,baseline
44,30-50,21342.56,8.6,6.4,0.414,4871.76,home_improvement,0,baseline
41,30-50,30081.61,6.0,5.3,0.217,18098.09,debt_consolidation,0,baseline
22,Under 30,96655.48,0.0,0.0,0.247,5033.77,home_improvement,0,baseline
30,30-50,43401.42,4.7,6.3,0.298,15169.91,home_improvement,0,baseline
64,Over 50,54119.23,13.9,13.3,0.289,13653.83,small_business,0,baseline
37,30-50,38906.89,7.9,7.0,0.476,13610.52,small_business,1,baseline
55,Over 50,21900.22,13.3,14.3,0.29,22760.71,debt_consolidation,0,baseline
55,Over 50,74701.16,10.9,8.6,0.234,13714.39,education,0,baseline
36,30-50,18444.3,8.3,7.3,0.237,4174.32,home_improvement,0,baseline
31,30-50,38190.55,4.1,6.9,0.044,10882.68,home_improvement,0,baseline
54,Over 50,47830.72,12.0,13.5,0.164,3150.52,debt_consolidation,0,baseline
25,Under 30,54378.29,1.0,1.2,0.234,7742.15,education,0,baseline
45,30-50,35351.24,13.5,13.2,0.179,6560.32,auto,0,baseline
64,Over 50,21437.94,12.9,10.8,0.019,11146.95,small_business,0,baseline
55,Over 50,34183.83,10.9,10.4,0.459,5369.53,education,0,baseline
58,Over 50,34998.44,9.2,9.7,0.197,5450.73,home_improvement,0,baseline
25,Under 30,34617.27,3.6,6.0,0.131,10410.78,education,0,baseline
30,30-50,75851.01,1.4,3.8,0.139,14579.66,debt_consolidation,0,baseline
34,30-50,28392.46,3.1,5.1,0.118,8113.72,education,0,baseline
35,30-50,56130.84,3.3,2.5,0.378,25887.74,debt_consolidation,1,baseline
30,30-50,52640.11,3.3,5.4,0.106,6825.12,debt_consolidation,0,baseline
68,Over 50,75523.93,12.7,13.3,0.285,11382.91,education,0,baseline
29,Under 30,46170.24,0.0,3.4,0.513,9610.64,debt_consolidation,0,baseline
55,Over 50,69983.09,13.3,11.2,0.131,6826.88,education,0,baseline
49,30-50,45365.22,3.5,6.6,0.298,15610.47,debt_consolidation,0,baseline
50,30-50,59603.92,12.7,9.5,0.567,5191.81,auto,0,baseline
31,30-50,24926.24,8.2,7.7,0.296,2870.04,auto,0,baseline
36,30-50,14954.61,4.8,5.3,0.488,7607.86,debt_consolidation,0,baseline
50,30-50,58098.56,14.0,10.7,0.203,7126.42,education,0,baseline
35,30-50,59517.9,4.8,5.3,0.301,13786.14,debt_consolidation,1,baseline
55,Over 50,60716.82,16.7,15.8,0.327,4337.8,education,1,baseline
22,Under 30,38707.18,0.0,0.0,0.168,10528.63,small_business,1,baseline
24,Under 30,95834.21,0.0,1.2,0.365,9910.26,auto,0,baseline
56,Over 50,39857.07,12.0,8.1,0.405,9522.38,small_business,0,baseline
51,Over 50,59242.56,15.6,18.6,0.049,13657.43,auto,0,baseline
23,Under 30,64060.7,2.3,4.3,0.406,8008.62,small_business,0,baseline
65,Over 50,106237.57,13.9,13.3,0.129,8317.29,education,0,baseline
21,Under 30,42503.29,1.0,3.3,0.574,10149.09,auto,0,baseline
67,Over 50,36536.36,19.0,18.4,0.546,7700.34,small_business,0,baseline
56,Over 50,24980.09,12.0,13.6,0.069,4118.99,home_improvement,0,baseline
69,Over 50,98574.23,24.7,18.6,0.045,6599.56,home_improvement,0,baseline
67,Over 50,59256.75,14.5,16.3,0.074,7118.99,education,0,baseline
36,30-50,60106.75,8.3,11.1,0.222,6116.82,auto,0,baseline
58,Over 50,199290.12,15.2,14.1,0.092,6917.1,debt_consolidation,0,baseline
31,30-50,56742.01,1.4,2.9,0.154,8864.43,debt_consolidation,1,baseline
44,30-50,27281.26,6.8,1.2,0.296,7065.87,auto,0,baseline
32,30-50,44884.3,6.9,5.0,0.151,12419.06,debt_consolidation,0,baseline
44,30-50,31613.77,8.5,9.8,0.106,12516.31,home_improvement,0,baseline
63,Over 50,41021.81,15.7,17.0,0.383,2466.63,debt_consolidation,1,baseline
42,30-50,40897.93,2.4,5.4,0.184,3957.73,debt_consolidation,0,baseline
25,Under 30,37640.62,3.4,4.5,0.311,2434.81,education,0,baseline
36,30-50,26187.12,6.1,10.7,0.208,7066.3,debt_consolidation,1,baseline
59,Over 50,100370.71,13.1,14.5,0.314,6849.96,education,0,baseline
46,30-50,56077.03,9.8,9.1,0.04,8738.45,home_improvement,0,baseline
48,30-50,44291.04,8.2,12.9,0.53,12348.13,small_business,0,baseline
42,30-50,68936.22,5.6,4.3,0.141,7931.75,auto,0,baseline
35,30-50,60595.76,4.2,2.4,0.216,5994.25,home_improvement,0,baseline
50,30-50,55495.7,8.8,8.2,0.228,8085.62,debt_consolidation,0,baseline
52,Over 50,66719.27,17.4,14.4,0.05,6329.99,education,0,baseline
65,Over 50,52066.17,18.1,15.8,0.348,3871.23,auto,0,baseline
51,Over 50,66277.1,7.6,9.7,0.266,13080.83,debt_consolidation,0,baseline
69,Over 50,68795.98,22.9,20.3,0.352,10019.45,small_business,0,baseline
61,Over 50,52744.96,12.7,12.1,0.493,16721.7,home_improvement,0,baseline
24,Under 30,44392.35,1.1,3.0,0.019,4365.48,debt_consolidation,0,baseline
40,30-50,97604.51,9.3,4.8,0.19,3614.17,debt_consolidation,0,baseline
39,30-50,39535.11,0.4,0.0,0.312,5074.69,education,0,baseline
21,Under 30,58459.6,0.0,1.2,0.058,9891.48,home_improvement,0,baseline
29,Under 30,59057.03,1.1,1.2,0.004,12450.0,education,0,baseline
58,Over 50,37260.87,13.6,12.4,0.473,9350.07,home_improvement,0,baseline
38,30-50,34080.48,7.1,10.5,0.61,8706.36,debt_consolidation,0,baseline
28,Under 30,41804.81,2.2,3.6,0.087,12422.54,debt_consolidation,0,baseline
35,30-50,39281.24,4.5,3.0,0.273,6440.01,education,0,baseline
34,30-50,25433.98,7.7,6.6,0.388,13742.16,debt_consolidation,1,baseline
29,Under 30,36564.28,3.7,8.4,0.274,21862.06,small_business,0,baseline
25,Under 30,55259.76,1.5,6.3,0.135,4762.96,debt_consolidation,0,baseline
58,Over 50,86653.67,13.4,13.9,0.477,7136.45,small_business,0,baseline
61,Over 50,62910.99,19.5,14.5,0.223,4044.37,debt_consolidation,0,baseline
45,30-50,15217.62,8.9,9.7,0.079,5001.08,home_improvement,0,baseline
51,Over 50,65420.22,9.0,9.9,0.136,9860.3,debt_consolidation,0,baseline
66,Over 50,38132.86,10.0,10.1,0.434,3488.37,debt_consolidation,0,baseline
62,Over 50,60107.27,10.0,8.9,0.422,5487.38,education,0,baseline
22,Under 30,48709.98,0.0,1.3,0.301,13722.81,debt_consolidation,0,baseline
67,Over 50,44949.3,15.8,13.3,0.193,9060.9,education,0,baseline
24,Under 30,46816.64,0.0,0.0,0.046,11896.5,auto,0,baseline
22,Under 30,48528.62,1.4,5.9,0.108,4243.84,auto,0,baseline
40,30-50,89767.86,4.9,7.7,0.334,8382.16,home_improvement,0,baseline
57,Over 50,48589.02,9.9,9.3,0.5,20813.57,small_business,1,baseline
24,Under 30,79896.81,2.9,5.0,0.072,5819.97,education,0,baseline
35,30-50,74828.76,9.0,10.0,0.382,6348.61,small_business,0,baseline
33,30-50,66182.44,0.9,7.4,0.073,10838.39,debt_consolidation,0,baseline
40,30-50,21939.01,7.4,9.7,0.345,5167.19,debt_consolidation,0,baseline
69,Over 50,81022.7,11.1,12.5,0.422,11598.47,education,1,baseline
37,30-50,39892.53,1.2,3.0,0.32,3299.99,auto,1,baseline
31,30-50,67648.28,1.7,2.5,0.332,2409.51,home_improvement,0,baseline
26,Under 30,31645.78,5.2,8.9,0.212,9482.65,home_improvement,0,baseline
30,30-50,28759.31,0.8,4.0,0.138,4964.6,home_improvement,0,baseline
27,Under 30,119297.41,0.0,0.3,0.026,6106.6,auto,0,baseline
49,30-50,31868.0,9.9,10.8,0.353,12560.53,home_improvement,0,baseline
41,30-50,82104.49,7.1,9.4,0.219,11071.3,home_improvement,1,baseline
45,30-50,51703.93,6.0,2.6,0.392,4386.75,debt_consolidation,0,baseline
61,Over 50,40576.57,20.0,16.1,0.519,10507.7,home_improvement,0,baseline
49,30-50,48041.81,9.0,9.9,0.639,6973.65,debt_consolidation,0,baseline
28,Under 30,27296.33,2.8,0.4,0.131,9982.07,debt_consolidation,0,baseline
39,30-50,48718.33,5.1,2.5,0.505,8021.81,auto,1,baseline
36,30-50,30114.64,6.6,6.7,0.265,3821.0,small_business,0,baseline
61,Over 50,41029.65,17.7,17.1,0.15,5672.79,debt_consolidation,0,baseline
36,30-50,74338.54,10.2,11.3,0.468,2425.87,small_business,0,baseline
27,Under 30,54961.37,0.0,5.2,0.141,8889.15,auto,1,baseline
57,Over 50,25160.32,15.9,14.9,0.284,9881.79,small_business,1,baseline
41,30-50,71909.93,8.6,8.2,0.083,5697.53,home_improvement,0,baseline
25,Under 30,48864.43,4.3,2.8,0.199,7647.59,auto,0,baseline
54,Over 50,38407.83,11.3,10.3,0.27,4978.91,home_improvement,0,baseline
31,30-50,68597.02,2.9,5.8,0.119,15187.07,small_business,0,baseline
63,Over 50,45467.68,17.5,17.5,0.199,4259.99,debt_consolidation,0,baseline
61,Over 50,29011.64,16.9,16.0,0.217,6936.02,debt_consolidation,0,baseline
39,30-50,112590.7,11.0,11.9,0.169,4233.84,education,0,baseline
48,30-50,48640.93,10.0,12.6,0.062,9112.59,debt_consolidation,0,baseline
48,30-50,47257.97,9.1,9.5,0.053,13617.35,small_business,0,baseline
53,Over 50,40851.66,3.8,7.8,0.154,2869.83,debt_consolidation,0,baseline
24,Under 30,83365.06,0.0,0.5,0.176,11237.47,debt_consolidation,0,baseline
36,30-50,38708.12,4.1,5.1,0.209,18320.48,debt_consolidation,0,baseline
29,Under 30,24459.14,0.0,1.0,0.249,8642.8,auto,0,baseline
55,Over 50,36119.75,14.3,15.1,0.062,5782.69,auto,0,baseline
24,Under 30,89058.49,0.0,0.0,0.534,7950.28,small_business,0,baseline
46,30-50,71286.3,7.2,7.2,0.243,6168.38,auto,0,baseline
56,Over 50,43706.1,10.9,7.0,0.561,21636.77,auto,0,baseline
67,Over 50,90940.87,19.7,19.0,0.176,12301.77,auto,0,baseline
35,30-50,68636.11,3.1,7.0,0.116,12711.09,home_improvement,1,baseline
21,Under 30,43479.06,1.4,4.9,0.465,23801.89,auto,1,baseline
56,Over 50,45494.22,12.8,13.9,0.502,15871.37,small_business,0,baseline
21,Under 30,56851.22,2.7,5.8,0.137,7625.89,small_business,0,baseline
24,Under 30,33713.41,3.6,6.3,0.222,8206.48,debt_consolidation,0,baseline
69,Over 50,49120.28,16.7,16.6,0.018,26367.6,home_improvement,0,baseline
63,Over 50,56321.47,9.6,11.0,0.128,5599.07,auto,0,baseline
55,Over 50,22945.23,11.2,9.7,0.243,7436.74,auto,0,baseline
61,Over 50,45017.47,13.9,12.8,0.581,4883.15,debt_consolidation,0,baseline
24,Under 30,42771.39,1.9,3.7,0.108,3264.54,small_business,0,baseline
25,Under 30,77857.12,0.0,1.3,0.055,5219.32,home_improvement,0,baseline
35,30-50,21374.98,8.3,5.5,0.178,5270.78,debt_consolidation,0,baseline
22,Under 30,41287.8,0.4,0.0,0.308,5928.04,education,0,baseline
64,Over 50,39466.62,12.3,12.3,0.098,11005.31,auto,0,baseline
23,Under 30,75510.87,0.0,3.8,0.029,8055.04,small_business,0,baseline
47,30-50,48069.54,14.9,13.9,0.363,13433.44,debt_consolidation,0,baseline
62,Over 50,110000.76,16.3,20.6,0.285,8738.4,debt_consolidation,0,baseline
57,Over 50,66038.69,15.7,12.8,0.267,8862.01,small_business,0,baseline
32,30-50,40757.68,0.7,3.5,0.281,7004.61,home_improvement,0,baseline
44,30-50,54603.13,6.0,9.4,0.247,21450.05,debt_consolidation,0,baseline
47,30-50,41800.73,7.1,9.8,0.188,6557.12,auto,0,baseline
58,Over 50,72166.28,13.5,14.1,0.134,12814.62,small_business,0,baseline
41,30-50,26916.94,6.5,9.3,0.224,4486.81,small_business,0,baseline
34,30-50,33837.9,3.1,4.6,0.272,7174.37,small_business,0,baseline
59,Over 50,60177.9,12.2,15.1,0.034,22109.99,debt_consolidation,0,baseline
64,Over 50,85100.69,12.7,14.7,0.077,11413.13,education,0,baseline
44,30-50,18198.86,7.5,6.3,0.412,4024.44,debt_consolidation,1,baseline
22,Under 30,90990.65,3.7,5.6,0.246,4837.1,home_improvement,0,baseline
45,30-50,46024.96,3.9,2.0,0.104,18053.01,debt_consolidation,0,baseline
64,Over 50,20999.55,16.1,17.9,0.529,8469.06,home_improvement,0,baseline
69,Over 50,12698.29,20.9,19.2,0.043,7061.26,debt_consolidation,0,baseline
40,30-50,24631.37,6.1,9.6,0.678,5488.91,education,0,baseline
28,Under 30,48588.05,0.9,2.5,0.015,6913.96,small_business,0,baseline
49,30-50,47588.47,12.6,8.3,0.138,16431.31,debt_consolidation,0,baseline
61,Over 50,65182.1,11.0,16.1,0.142,5710.08,debt_consolidation,0,baseline
67,Over 50,38281.83,16.0,15.1,0.229,5996.9,debt_consolidation,0,baseline
23,Under 30,29773.73,0.0,0.0,0.169,10935.47,auto,0,baseline
35,30-50,40705.2,0.0,4.3,0.034,4818.17,education,1,baseline
44,30-50,49767.86,7.6,12.1,0.346,5077.2,auto,0,baseline
25,Under 30,54385.22,0.0,1.6,0.334,8128.62,home_improvement,0,baseline
64,Over 50,34367.82,15.0,13.8,0.302,8231.16,small_business,1,baseline
26,Under 30,73544.87,5.1,6.6,0.14,5406.65,home_improvement,0,baseline
53,Over 50,37062.89,16.8,13.2,0.165,10265.96,education,0,baseline
66,Over 50,33144.34,16.0,13.4,0.334,9039.93,home_improvement,0,baseline
54,Over 50,38404.27,14.6,17.2,0.24,3020.7,auto,0,baseline
58,Over 50,79513.18,14.1,13.1,0.296,11971.09,home_improvement,0,baseline
33,30-50,46177.21,3.1,2.8,0.061,6094.93,debt_consolidation,0,baseline
61,Over 50,35863.27,8.2,7.7,0.17,12125.06,auto,0,baseline
41,30-50,74365.58,11.9,13.6,0.351,22921.83,debt_consolidation,0,baseline
24,Under 30,128571.04,0.0,0.0,0.284,7835.79,auto,0,baseline
38,30-50,53871.52,10.1,10.6,0.511,5869.76,auto,0,baseline
38,30-50,85410.91,7.6,13.0,0.082,16145.49,home_improvement,0,baseline
46,30-50,78138.26,5.8,10.7,0.402,5326.45,debt_consolidation,0,baseline
33,30-50,37326.62,5.1,7.3,0.469,20873.19,education,1,baseline
43,30-50,49611.87,14.1,15.9,0.356,6426.73,debt_consolidation,0,baseline
41,30-50,27525.14,11.6,13.9,0.245,5922.64,debt_consolidation,0,baseline
37,30-50,44702.11,4.1,5.0,0.305,26448.24,debt_consolidation,0,baseline
55,Over 50,36983.03,9.8,11.7,0.271,9715.81,debt_consolidation,0,baseline
35,30-50,40892.47,5.2,9.7,0.259,18232.9,home_improvement,0,baseline
58,Over 50,34980.54,12.5,9.4,0.369,7997.51,education,0,baseline
33,30-50,43079.67,7.8,9.4,0.335,7718.04,education,0,baseline
63,Over 50,62286.79,16.9,16.3,0.297,1876.94,home_improvement,0,baseline
38,30-50,46454.5,0.9,2.9,0.042,13438.16,debt_consolidation,1,baseline
22,Under 30,21184.65,1.7,3.4,0.135,9824.44,small_business,0,baseline
28,Under 30,35040.01,1.9,4.0,0.217,7662.54,education,0,baseline
60,Over 50,24742.32,13.8,13.6,0.117,10893.84,debt_consolidation,0,baseline
63,Over 50,54711.38,15.4,16.6,0.43,8259.71,auto,0,baseline
31,30-50,61481.57,7.1,8.6,0.267,5055.86,small_business,1,baseline
50,30-50,55019.71,13.1,12.1,0.188,9713.96,small_business,0,baseline
49,30-50,34395.05,7.6,6.4,0.515,7366.16,home_improvement,0,baseline
27,Under 30,54780.21,1.9,2.6,0.18,11737.31,auto,0,baseline
43,30-50,39673.89,6.4,7.6,0.192,7043.5,auto,0,baseline
54,Over 50,29372.04,6.5,5.8,0.295,6410.35,auto,0,baseline
68,Over 50,68450.66,16.1,16.8,0.14,6172.76,small_business,0,baseline
62,Over 50,70835.28,19.9,18.8,0.104,5208.29,home_improvement,0,baseline
25,Under 30,75132.08,0.0,4.3,0.02,6239.91,debt_consolidation,0,baseline
32,30-50,37281.15,3.8,3.7,0.294,10056.26,auto,0,baseline
42,30-50,83342.43,7.2,6.1,0.274,5570.04,small_business,0,baseline
28,Under 30,39257.12,3.3,6.9,0.285,4502.05,education,0,baseline
48,30-50,65780.29,6.6,7.5,0.207,12024.45,debt_consolidation,0,baseline
21,Under 30,38952.15,0.0,1.6,0.043,7562.21,education,0,baseline
26,Under 30,44320.74,0.0,3.4,0.351,11896.57,debt_consolidation,0,baseline
23,Under 30,16489.35,4.7,7.1,0.131,7257.98,small_business,0,baseline
35,30-50,42793.4,2.0,1.1,0.115,6088.29,auto,0,baseline
58,Over 50,51071.94,11.5,13.9,0.086,3389.33,debt_consolidation,0,baseline
29,Under 30,40760.86,9.1,8.5,0.534,4605.63,debt_consolidation,0,baseline
69,Over 50,108043.01,14.6,17.1,0.143,5237.93,debt_consolidation,0,baseline
34,30-50,29053.38,5.6,3.8,0.446,9325.17,debt_consolidation,1,baseline
23,Under 30,38039.81,3.9,5.7,0.036,7673.33,debt_consolidation,0,baseline
37,30-50,32624.13,8.6,8.5,0.439,4852.49,education,0,baseline
57,Over 50,38036.46,8.6,4.9,0.616,2017.53,debt_consolidation,0,baseline
26,Under 30,77974.4,0.0,3.3,0.261,10211.85,small_business,0,baseline
24,Under 30,95331.38,2.0,0.0,0.18,12565.28,debt_consolidation,0,baseline
62,Over 50,35762.08,20.1,17.5,0.476,13125.89,auto,0,baseline
50,30-50,35406.36,7.9,10.5,0.108,5002.04,auto,0,baseline
37,30-50,29123.25,4.1,4.2,0.11,13540.09,debt_consolidation,0,baseline
58,Over 50,88241.13,14.2,11.6,0.058,10753.72,home_improvement,0,baseline
62,Over 50,81182.26,16.2,16.6,0.231,10727.97,education,0,baseline
38,30-50,46737.78,8.0,7.9,0.194,5974.81,debt_consolidation,0,baseline
48,30-50,26153.95,6.9,6.7,0.294,7582.74,home_improvement,0,baseline
21,Under 30,27228.02,0.0,4.5,0.323,20246.94,education,0,baseline
36,30-50,52933.05,5.9,4.4,0.149,18744.86,debt_consolidation,0,baseline
50,30-50,62768.09,13.9,12.2,0.428,7909.81,debt_consolidation,0,baseline
30,30-50,19345.88,2.4,5.7,0.293,8918.18,debt_consolidation,0,baseline
69,Over 50,42421.5,16.7,12.9,0.196,2704.04,auto,0,baseline
68,Over 50,101542.54,13.4,16.2,0.186,14794.04,small_business,0,baseline
33,30-50,44450.03,9.8,9.4,0.326,11764.18,debt_consolidation,0,baseline
40,30-50,95830.58,7.1,9.4,0.101,9629.01,home_improvement,0,baseline
30,30-50,65648.55,6.4,8.9,0.528,5995.74,debt_consolidation,0,baseline
45,30-50,30093.79,8.5,8.5,0.334,8376.69,small_business,1,baseline
27,Under 30,42971.74,2.4,2.9,0.658,16862.99,small_business,0,baseline
40,30-50,46262.53,2.1,3.6,0.456,9710.63,home_improvement,1,baseline
48,30-50,31932.19,3.0,5.8,0.088,30207.15,debt_consolidation,0,baseline
50,30-50,31683.76,13.9,11.2,0.311,12157.95,auto,0,baseline
50,30-50,96572.17,10.4,7.9,0.07,5118.48,auto,0,baseline
31,30-50,31577.11,4.1,8.3,0.23,6598.51,auto,0,baseline
59,Over 50,79641.95,9.6,8.2,0.174,5682.21,debt_consolidation,0,baseline
54,Over 50,40278.86,8.8,9.8,0.116,12442.24,debt_consolidation,0,baseline
57,Over 50,48458.46,15.8,14.2,0.193,14425.83,debt_consolidation,0,baseline
43,30-50,63122.34,12.9,12.0,0.174,19113.38,education,0,baseline
64,Over 50,37445.75,13.2,15.4,0.14,6862.42,home_improvement,0,baseline
40,30-50,63294.7,8.7,8.8,0.67,10239.46,debt_consolidation,0,baseline
60,Over 50,19518.28,14.2,12.7,0.257,15370.56,small_business,0,baseline
30,30-50,59746.65,2.8,3.7,0.347,17587.03,education,0,baseline
33,30-50,16141.7,9.8,8.8,0.039,4379.71,education,0,baseline
46,30-50,44263.65,7.4,6.6,0.105,11048.61,auto,0,baseline
48,30-50,71999.13,13.2,11.5,0.336,4462.58,auto,0,baseline
57,Over 50,64863.02,13.7,16.3,0.25,5997.61,home_improvement,0,baseline
35,30-50,27329.32,4.8,7.3,0.236,4215.84,debt_consolidation,0,baseline
63,Over 50,28959.43,18.8,16.4,0.089,5940.38,auto,0,baseline
37,30-50,35957.67,6.5,9.1,0.105,3925.11,home_improvement,0,baseline
47,30-50,53305.62,8.8,5.9,0.171,4487.38,home_improvement,0,baseline
66,Over 50,19646.02,19.9,20.7,0.462,5154.95,auto,0,baseline
47,30-50,48729.96,12.8,14.9,0.204,9429.03,home_improvement,0,baseline
54,Over 50,56395.42,15.2,18.6,0.2,8241.57,auto,0,baseline
65,Over 50,43158.44,3.7,7.0,0.404,3561.7,debt_consolidation,0,baseline
68,Over 50,62093.37,17.8,17.1,0.093,31910.7,education,0,baseline
45,30-50,54212.99,9.0,11.8,0.125,6347.0,small_business,0,baseline
41,30-50,38417.01,6.9,6.3,0.108,4168.74,auto,0,baseline
30,30-50,20510.96,5.0,5.2,0.323,10843.02,home_improvement,0,baseline
47,30-50,52053.95,9.9,9.8,0.385,8084.57,debt_consolidation,0,baseline
65,Over 50,31924.09,17.4,18.7,0.156,5397.44,education,0,baseline
44,30-50,37787.96,7.2,6.1,0.229,9850.8,debt_consolidation,0,baseline
38,30-50,60815.86,10.4,8.4,0.584,5789.45,education,1,baseline
26,Under 30,92762.71,4.1,5.7,0.281,6989.43,home_improvement,0,baseline
40,30-50,48188.37,8.3,10.1,0.353,16861.9,education,0,baseline
32,30-50,62901.74,5.3,4.9,0.182,8619.42,home_improvement,0,baseline
68,Over 50,25590.7,19.9,19.3,0.065,11015.51,auto,0,baseline
46,30-50,54747.42,11.8,14.2,0.241,6241.25,debt_consolidation,0,baseline
27,Under 30,47716.97,1.8,5.8,0.213,8748.18,small_business,0,baseline
24,Under 30,85233.72,4.0,5.9,0.289,5511.51,auto,0,baseline
62,Over 50,38437.69,14.9,13.7,0.457,5390.85,auto,0,baseline
66,Over 50,43970.01,21.5,22.7,0.404,6593.32,debt_consolidation,0,baseline
58,Over 50,78941.83,16.2,15.0,0.143,5725.85,auto,0,baseline
27,Under 30,47032.06,0.2,4.1,0.024,13616.25,home_improvement,0,baseline
25,Under 30,29763.0,8.4,12.6,0.098,10824.51,home_improvement,0,baseline
30,30-50,154544.13,0.0,3.7,0.074,2575.63,home_improvement,0,baseline
57,Over 50,30170.9,14.5,11.6,0.155,19188.98,home_improvement,0,baseline
58,Over 50,47614.14,10.9,8.2,0.142,11165.3,education,0,baseline
62,Over 50,57297.35,20.0,17.4,0.475,14361.44,debt_consolidation,0,baseline
25,Under 30,55294.45,2.2,5.1,0.344,7439.27,education,0,baseline
28,Under 30,45008.89,0.1,2.9,0.241,3839.03,debt_consolidation,0,baseline
65,Over 50,45109.94,14.6,18.1,0.437,4179.62,home_improvement,0,baseline
66,Over 50,44102.89,13.6,13.8,0.298,19027.19,auto,0,baseline
56,Over 50,29668.16,11.3,10.4,0.046,3591.63,small_business,0,baseline
26,Under 30,129003.99,0.8,0.3,0.259,3933.12,home_improvement,0,baseline
24,Under 30,44400.41,0.0,4.4,0.373,6526.23,auto,0,baseline
23,Under 30,64126.88,1.5,3.2,0.166,4054.62,education,0,baseline
54,Over 50,42167.55,12.7,9.2,0.33,10578.41,education,0,baseline
62,Over 50,41787.66,11.4,11.1,0.458,10997.23,small_business,0,baseline
51,Over 50,39936.67,5.5,4.4,0.259,9965.1,debt_consolidation,0,baseline
33,30-50,24405.64,5.1,5.3,0.471,5960.58,education,0,baseline
58,Over 50,45602.62,14.5,13.6,0.521,9361.68,small_business,0,baseline
23,Under 30,40816.7,2.9,2.5,0.344,19767.34,home_improvement,0,baseline
61,Over 50,83049.0,15.7,13.5,0.037,3956.06,auto,0,baseline
64,Over 50,28609.24,19.8,16.3,0.147,14162.36,debt_consolidation,0,baseline
56,Over 50,37808.29,15.2,12.8,0.385,12136.75,debt_consolidation,0,baseline
64,Over 50,32718.69,23.1,18.5,0.156,7687.63,debt_consolidation,0,baseline
49,30-50,93820.5,19.1,16.3,0.054,8805.97,debt_consolidation,0,baseline
43,30-50,33148.95,2.4,2.2,0.065,9685.26,auto,0,baseline
36,30-50,63135.28,0.0,3.2,0.322,4972.79,education,0,baseline
66,Over 50,75854.53,15.7,15.0,0.385,3582.64,debt_consolidation,0,baseline
55,Over 50,45901.12,13.4,15.1,0.051,12749.66,debt_consolidation,0,baseline
30,30-50,26381.94,2.9,8.1,0.149,4348.32,debt_consolidation,1,baseline
67,Over 50,26532.63,18.2,17.9,0.174,4691.11,education,0,baseline
23,Under 30,72178.24,0.0,2.9,0.261,6261.74,home_improvement,0,baseline
49,30-50,27798.37,7.7,9.7,0.076,9341.73,education,0,baseline
30,30-50,58478.36,1.5,4.2,0.437,6312.72,debt_consolidation,0,baseline
53,Over 50,51609.3,10.6,10.6,0.161,5642.1,auto,0,baseline
41,30-50,58087.72,9.5,9.6,0.266,13047.88,auto,0,baseline
42,30-50,60609.88,5.9,4.7,0.375,6859.53,education,0,baseline
53,Over 50,32204.07,10.3,11.9,0.265,5435.73,auto,0,baseline
58,Over 50,31603.16,14.7,13.7,0.247,9870.57,small_business,0,baseline
39,30-50,67623.93,5.7,9.5,0.351,8343.96,debt_consolidation,0,baseline
69,Over 50,36930.57,20.2,20.0,0.052,8220.28,auto,0,baseline
45,30-50,14220.4,5.6,5.3,0.038,10114.42,home_improvement,0,baseline
28,Under 30,65639.96,0.0,4.5,0.288,7564.91,small_business,1,baseline
21,Under 30,30751.14,0.9,0.0,0.369,12361.68,home_improvement,0,baseline
30,30-50,60488.66,4.4,9.4,0.432,3967.13,auto,0,baseline
54,Over 50,91745.14,9.0,6.5,0.297,15072.72,small_business,0,baseline
47,30-50,49391.97,13.1,13.5,0.31,5132.78,debt_consolidation,0,baseline
37,30-50,76733.57,11.4,12.0,0.598,3574.85,debt_consolidation,0,baseline
44,30-50,52533.64,6.2,9.2,0.261,5463.48,debt_consolidation,0,baseline
62,Over 50,100141.87,18.8,16.4,0.315,6803.81,debt_consolidation,0,baseline
49,30-50,30395.56,2.7,0.0,0.485,5611.13,auto,1,baseline
23,Under 30,48839.92,3.9,4.5,0.407,5001.13,debt_consolidation,0,baseline
23,Under 30,66364.84,0.0,1.6,0.142,13430.55,debt_consolidation,0,baseline
44,30-50,44995.36,11.0,6.7,0.37,5243.18,debt_consolidation,1,baseline
40,30-50,82330.63,3.8,5.1,0.277,2620.46,debt_consolidation,0,baseline
62,Over 50,40359.5,14.1,11.2,0.057,6800.69,home_improvement,0,baseline
49,30-50,124394.97,7.4,9.2,0.262,22532.07,auto,0,baseline
58,Over 50,127387.5,12.3,11.4,0.273,4759.9,debt_consolidation,0,baseline
49,30-50,55655.29,15.3,18.2,0.172,5167.66,small_business,0,baseline
37,30-50,62860.33,5.3,5.7,0.206,6622.06,debt_consolidation,0,baseline
53,Over 50,83805.35,17.5,16.9,0.207,17537.7,debt_consolidation,0,baseline
51,Over 50,28731.84,9.3,9.0,0.108,6769.87,debt_consolidation,1,baseline
56,Over 50,27162.7,16.7,12.1,0.175,4857.77,debt_consolidation,0,baseline
30,30-50,86283.06,0.0,1.6,0.104,9716.08,small_business,0,baseline
52,Over 50,55453.21,10.0,11.5,0.3,9361.16,auto,0,baseline
34,30-50,44270.45,2.9,5.6,0.151,10335.35,debt_consolidation,0,baseline
59,Over 50,49266.79,17.9,15.7,0.229,4763.99,small_business,0,baseline
60,Over 50,16752.14,14.2,10.5,0.062,6110.46,auto,0,baseline
51,Over 50,44992.31,4.2,6.7,0.22,14226.11,education,0,baseline
67,Over 50,34930.97,12.2,12.6,0.305,9941.84,debt_consolidation,1,baseline
47,30-50,74097.14,6.1,8.5,0.135,12140.91,debt_consolidation,0,baseline
22,Under 30,76708.2,3.2,4.0,0.344,7886.8,home_improvement,0,baseline
50,30-50,63545.16,12.6,8.7,0.119,13741.67,home_improvement,0,baseline
59,Over 50,58568.74,12.4,13.0,0.393,9382.26,small_business,0,baseline
25,Under 30,24989.07,0.0,2.0,0.775,6236.85,debt_consolidation,0,baseline
26,Under 30,63945.69,3.9,7.9,0.216,11763.22,debt_consolidation,0,baseline
34,30-50,65070.66,1.2,3.0,0.438,5231.59,auto,0,baseline
62,Over 50,85848.27,15.7,14.5,0.19,17531.86,auto,0,baseline
46,30-50,127159.11,9.9,10.7,0.264,13414.12,home_improvement,0,baseline
68,Over 50,22887.53,15.6,13.3,0.243,6999.87,home_improvement,0,baseline
63,Over 50,41158.49,15.9,13.4,0.203,7387.28,home_improvement,0,baseline
48,30-50,35100.83,9.8,9.6,0.405,8657.5,debt_consolidation,0,baseline
54,Over 50,52977.8,13.0,10.6,0.377,7432.14,education,0,baseline
37,30-50,49317.33,1.6,2.8,0.454,15669.94,home_improvement,0,baseline
25,Under 30,44119.76,3.2,8.5,0.23,6189.55,education,0,baseline
40,30-50,77840.88,9.7,11.9,0.135,3822.77,home_improvement,0,baseline
50,30-50,29862.64,11.1,11.5,0.347,7120.08,small_business,0,baseline
29,Under 30,30683.96,4.6,8.8,0.333,11804.91,small_business,0,baseline
31,30-50,30918.15,3.2,2.9,0.143,13458.09,auto,0,baseline
21,Under 30,41683.16,2.7,9.1,0.233,8577.57,education,0,baseline
56,Over 50,28201.61,12.4,11.0,0.246,5902.19,debt_consolidation,0,baseline
65,Over 50,47960.97,12.0,15.6,0.192,7926.42,debt_consolidation,0,baseline
61,Over 50,45502.81,16.5,19.2,0.396,5839.61,auto,0,baseline
39,30-50,34408.82,1.4,0.0,0.46,2558.98,debt_consolidation,0,baseline
50,30-50,72634.47,11.0,13.7,0.487,5292.13,auto,1,baseline
68,Over 50,47725.67,15.3,13.7,0.175,10458.77,debt_consolidation,0,baseline
49,30-50,79078.1,8.5,7.6,0.117,7077.45,debt_consolidation,0,baseline
35,30-50,44901.55,5.4,7.4,0.032,6944.64,home_improvement,0,baseline
37,30-50,48489.97,3.5,2.8,0.05,14092.76,small_business,0,baseline
56,Over 50,38053.48,13.8,14.0,0.115,5004.09,auto,0,baseline
42,30-50,48865.61,7.5,6.1,0.188,5254.78,education,0,baseline
62,Over 50,67541.94,12.5,12.4,0.415,9561.21,education,0,baseline
63,Over 50,40737.31,18.7,19.6,0.116,5676.43,education,0,baseline
22,Under 30,61900.61,1.0,3.5,0.285,5662.3,debt_consolidation,0,baseline
56,Over 50,34005.03,14.1,12.6,0.508,17581.77,small_business,0,baseline
39,30-50,68980.06,10.5,11.5,0.236,4740.88,home_improvement,0,baseline
46,30-50,37761.39,13.0,9.5,0.147,5618.11,auto,0,baseline
33,30-50,71916.14,5.9,5.1,0.147,10091.47,education,0,baseline
39,30-50,50384.53,5.4,5.5,0.113,7907.35,education,0,baseline
37,30-50,97190.59,1.3,4.6,0.394,4077.61,home_improvement,0,baseline
23,Under 30,29163.39,1.3,3.9,0.147,19771.73,home_improvement,0,baseline
59,Over 50,25228.27,16.6,16.3,0.446,5447.25,home_improvement,0,baseline
28,Under 30,37149.38,3.5,4.8,0.204,7166.95,debt_consolidation,0,baseline
39,30-50,26289.5,0.0,0.4,0.309,10081.04,auto,0,baseline
30,30-50,26311.71,5.8,9.6,0.107,23889.2,auto,0,baseline
28,Under 30,64841.29,5.2,4.8,0.395,6602.01,home_improvement,0,baseline
39,30-50,48928.71,5.4,7.2,0.443,5116.85,debt_consolidation,0,baseline
66,Over 50,39503.46,18.7,16.7,0.101,10392.72,auto,0,baseline
67,Over 50,41186.54,18.0,17.5,0.389,23018.88,debt_consolidation,0,baseline
39,30-50,37468.02,4.2,4.2,0.218,8673.07,home_improvement,0,baseline
45,30-50,103018.73,12.2,13.9,0.356,7025.24,education,0,baseline
69,Over 50,35207.78,13.0,15.2,0.039,9854.16,debt_consolidation,0,baseline
32,30-50,27039.11,3.7,6.9,0.199,2870.71,small_business,0,baseline
67,Over 50,70138.19,15.6,14.8,0.176,5958.0,auto,0,baseline
26,Under 30,44485.12,0.0,1.1,0.133,3253.04,debt_consolidation,0,baseline
32,30-50,122693.93,4.8,11.5,0.128,6768.24,debt_consolidation,0,baseline
37,30-50,38685.01,9.5,7.6,0.06,6269.85,debt_consolidation,0,baseline
22,Under 30,71732.05,4.1,7.0,0.572,2167.29,education,0,baseline
60,Over 50,79776.86,15.8,15.3,0.241,8862.85,debt_consolidation,0,baseline
62,Over 50,38769.88,9.3,9.3,0.428,11037.49,auto,0,baseline
39,30-50,35090.5,2.3,4.2,0.325,7356.18,education,0,baseline
61,Over 50,68433.31,14.5,12.6,0.313,3773.65,debt_consolidation,0,baseline
58,Over 50,63494.04,12.8,13.1,0.358,15254.28,home_improvement,0,baseline
60,Over 50,25983.72,12.2,12.4,0.338,20922.46,debt_consolidation,0,baseline
60,Over 50,29501.72,19.4,22.8,0.396,9898.07,education,0,baseline
49,30-50,15655.95,10.1,12.2,0.396,6788.1,small_business,0,baseline
26,Under 30,64082.34,3.4,5.7,0.21,6832.55,small_business,0,baseline
66,Over 50,43572.34,18.7,18.1,0.231,10063.49,debt_consolidation,0,baseline
50,30-50,45571.25,10.3,13.9,0.252,8476.05,auto,0,baseline
65,Over 50,22899.04,23.2,18.6,0.132,10074.52,auto,0,baseline
67,Over 50,29907.18,13.3,12.3,0.092,10147.4,small_business,0,baseline
30,30-50,39534.08,1.3,0.0,0.033,5602.17,auto,0,baseline
40,30-50,36223.14,3.8,6.2,0.167,5369.92,home_improvement,0,baseline
30,30-50,51690.34,7.8,10.0,0.224,7043.12,home_improvement,0,baseline
23,Under 30,63739.56,3.1,2.5,0.243,10236.99,education,0,baseline
68,Over 50,136124.56,14.8,16.7,0.263,3715.6,auto,0,baseline
66,Over 50,48581.22,13.2,11.1,0.223,7227.65,debt_consolidation,0,baseline
66,Over 50,80977.87,19.9,17.2,0.185,7958.57,small_business,0,baseline
64,Over 50,33742.46,16.1,15.1,0.264,6352.58,auto,0,baseline
52,Over 50,23069.67,15.1,17.3,0.164,16339.81,debt_consolidation,0,baseline
46,30-50,41833.98,8.6,7.1,0.091,15003.16,home_improvement,0,baseline
69,Over 50,23885.46,18.3,17.3,0.306,9974.43,debt_consolidation,0,baseline
48,30-50,49345.55,10.4,11.8,0.138,19637.6,auto,0,baseline
52,Over 50,34502.8,9.0,10.3,0.22,12571.34,auto,0,baseline
31,30-50,20344.74,3.1,5.7,0.528,8665.08,small_business,0,baseline
57,Over 50,107067.13,9.0,10.8,0.193,6383.9,debt_consolidation,0,baseline
61,Over 50,38487.82,15.5,13.3,0.264,6650.02,home_improvement,0,baseline
54,Over 50,23460.45,13.8,16.4,0.094,9801.17,debt_consolidation,0,baseline
45,30-50,73436.57,11.4,10.9,0.468,6728.47,debt_consolidation,0,baseline
30,30-50,35317.14,5.1,5.6,0.233,3795.33,education,0,baseline
22,Under 30,80063.45,0.0,4.7,0.257,6698.62,education,0,baseline
51,Over 50,35241.25,15.2,12.9,0.106,13545.39,small_business,0,baseline
54,Over 50,38430.09,14.2,14.0,0.086,2237.17,auto,0,baseline
58,Over 50,57249.5,17.1,14.2,0.074,16342.52,debt_consolidation,0,baseline
67,Over 50,64019.87,20.5,23.4,0.142,10797.05,home_improvement,0,baseline
45,30-50,69273.5,8.0,13.0,0.392,7206.88,auto,0,baseline
61,Over 50,47080.61,15.2,13.9,0.542,9356.51,auto,0,baseline
56,Over 50,62185.52,14.6,14.7,0.514,13102.42,debt_consolidation,0,baseline
34,30-50,68564.68,1.1,2.9,0.229,8239.54,small_business,0,baseline
62,Over 50,53651.04,11.0,10.1,0.085,13021.07,small_business,0,baseline
23,Under 30,45972.74,0.0,2.2,0.172,12399.5,education,0,baseline
50,30-50,25581.31,9.8,9.8,0.083,8844.76,debt_consolidation,0,baseline
67,Over 50,64191.65,15.1,11.0,0.248,4650.1,debt_consolidation,0,baseline
53,Over 50,49960.01,6.9,8.0,0.233,7716.54,auto,0,baseline
66,Over 50,40695.5,16.2,14.9,0.112,2919.99,debt_consolidation,0,baseline
23,Under 30,87115.91,0.4,3.0,0.117,10125.9,home_improvement,0,baseline
47,30-50,25783.11,12.6,12.0,0.243,6569.22,auto,0,baseline
59,Over 50,102725.57,19.3,16.8,0.195,5957.23,debt_consolidation,0,baseline
52,Over 50,48531.92,12.2,13.5,0.314,11245.84,debt_consolidation,0,baseline
64,Over 50,56550.15,13.0,13.4,0.421,4293.21,debt_consolidation,0,baseline
43,30-50,41037.03,9.6,12.5,0.16,8570.29,debt_consolidation,0,baseline
54,Over 50,23151.55,11.6,12.3,0.042,6836.96,home_improvement,0,baseline
41,30-50,46035.84,6.3,6.6,0.452,7404.13,education,0,baseline
63,Over 50,56990.23,12.1,12.9,0.536,9340.76,debt_consolidation,0,baseline
26,Under 30,66456.41,0.4,0.0,0.387,20165.29,home_improvement,1,baseline
33,30-50,44841.31,3.7,9.1,0.11,9889.67,debt_consolidation,0,baseline
25,Under 30,18276.24,3.8,5.6,0.098,15980.68,home_improvement,1,baseline
55,Over 50,24495.69,13.4,17.1,0.239,16280.74,debt_consolidation,0,baseline
32,30-50,123427.45,9.3,7.7,0.167,11906.5,debt_consolidation,0,baseline
36,30-50,29982.19,7.3,5.6,0.407,3222.93,education,0,baseline
61,Over 50,93169.18,15.3,14.9,0.299,7188.02,small_business,0,baseline
38,30-50,32198.04,5.0,6.8,0.179,4697.01,home_improvement,0,baseline
28,Under 30,45156.74,0.0,2.7,0.433,33922.25,debt_consolidation,1,baseline
22,Under 30,64948.1,0.0,2.4,0.097,4905.49,education,0,baseline
32,30-50,33891.26,1.8,2.1,0.448,3832.9,auto,0,baseline
65,Over 50,100357.77,7.7,5.2,0.15,2028.02,home_improvement,0,baseline
47,30-50,50720.11,6.1,7.4,0.417,4826.46,small_business,0,baseline
69,Over 50,60317.82,21.6,16.7,0.11,8616.41,home_improvement,0,baseline
31,30-50,43459.16,4.6,2.9,0.2,13955.43,small_business,0,baseline
38,30-50,65934.96,4.8,5.1,0.257,4745.32,education,0,baseline
28,Under 30,99753.43,3.6,5.8,0.839,14555.7,small_business,0,baseline
40,30-50,46208.61,0.8,6.6,0.225,7849.1,debt_consolidation,0,baseline
48,30-50,106763.43,10.3,12.2,0.576,6356.88,debt_consolidation,0,baseline
60,Over 50,37226.71,17.5,18.9,0.352,8834.5,home_improvement,0,baseline
39,30-50,69136.85,5.9,8.1,0.067,16461.61,auto,0,baseline
58,Over 50,61089.88,7.6,8.8,0.62,8312.82,debt_consolidation,0,baseline
51,Over 50,30307.12,9.3,14.4,0.132,4655.8,debt_consolidation,0,baseline
35,30-50,53971.66,8.7,6.3,0.064,10017.32,debt_consolidation,0,baseline
65,Over 50,49183.56,16.2,14.1,0.378,9937.5,debt_consolidation,0,baseline
42,30-50,33391.73,3.1,3.8,0.218,7367.71,education,0,baseline
28,Under 30,57589.82,9.6,11.4,0.146,13504.42,small_business,0,baseline
68,Over 50,52356.44,12.7,10.2,0.181,2579.7,debt_consolidation,0,baseline
65,Over 50,47445.45,14.7,15.3,0.156,9686.97,debt_consolidation,0,baseline
23,Under 30,47531.13,0.0,3.2,0.285,11994.15,auto,0,baseline
65,Over 50,47074.91,12.3,13.5,0.088,3926.85,home_improvement,0,baseline
67,Over 50,41545.11,14.7,15.4,0.096,3859.8,home_improvement,0,baseline
61,Over 50,52204.57,15.9,17.8,0.224,13347.23,home_improvement,0,baseline
33,30-50,36689.23,8.1,8.4,0.373,14577.39,home_improvement,0,baseline
51,Over 50,162034.45,9.3,10.5,0.016,15992.65,debt_consolidation,0,baseline
47,30-50,25998.65,6.1,5.4,0.226,5730.2,auto,0,baseline
51,Over 50,37679.4,11.9,9.6,0.265,8960.07,small_business,0,baseline
51,Over 50,39042.89,12.0,15.1,0.161,9572.35,small_business,0,baseline
52,Over 50,122788.92,11.6,9.6,0.182,3450.92,auto,0,baseline
46,30-50,27063.45,9.6,10.9,0.275,8765.95,home_improvement,0,baseline
54,Over 50,59377.17,11.2,12.0,0.205,8685.02,small_business,0,baseline
46,30-50,54818.19,9.0,11.6,0.293,11762.31,auto,0,baseline
21,Under 30,56960.94,0.0,0.0,0.174,6088.86,home_improvement,0,baseline
22,Under 30,85507.08,3.6,6.6,0.175,15141.86,debt_consolidation,0,baseline
67,Over 50,84721.38,22.8,20.1,0.218,8435.2,education,0,baseline
65,Over 50,40017.39,15.9,13.6,0.324,19050.7,education,0,baseline
49,30-50,53493.09,9.8,9.3,0.124,11769.94,auto,0,baseline
29,Under 30,21187.23,3.6,6.9,0.198,9310.04,debt_consolidation,0,baseline
59,Over 50,51256.2,11.3,12.5,0.278,4487.5,home_improvement,0,baseline
28,Under 30,34293.28,4.7,5.5,0.06,4188.09,auto,0,baseline
39,30-50,45077.02,7.6,5.8,0.257,18041.56,debt_consolidation,1,baseline
37,30-50,22961.69,4.3,3.3,0.193,12567.44,home_improvement,0,baseline
21,Under 30,58817.37,2.7,5.7,0.59,7026.6,debt_consolidation,0,baseline
60,Over 50,22846.29,13.7,10.4,0.154,6578.73,education,0,baseline
45,30-50,52403.47,5.5,6.2,0.042,9053.82,home_improvement,0,baseline
36,30-50,28228.08,6.3,12.4,0.101,4135.67,home_improvement,0,baseline
45,30-50,33445.13,9.1,10.2,0.049,6413.5,education,0,baseline
21,Under 30,82423.79,2.9,5.8,0.142,11006.81,home_improvement,0,baseline
42,30-50,63867.32,9.8,7.8,0.239,11768.16,home_improvement,0,baseline
46,30-50,82218.98,8.4,6.3,0.29,6740.94,debt_consolidation,1,baseline
37,30-50,98901.26,4.2,6.9,0.11,18035.98,education,0,baseline
61,Over 50,34621.24,14.0,12.6,0.488,13663.63,home_improvement,0,baseline
33,30-50,96233.93,5.3,8.6,0.209,5517.16,home_improvement,0,baseline
27,Under 30,25349.71,3.6,5.1,0.014,4281.65,home_improvement,0,baseline
46,30-50,68579.24,9.7,16.8,0.152,10908.35,auto,0,baseline
64,Over 50,39261.44,14.8,12.9,0.065,6470.21,home_improvement,0,baseline
39,30-50,32252.95,9.3,10.2,0.234,5883.93,home_improvement,0,baseline
23,Under 30,64635.01,0.0,0.4,0.423,9058.38,auto,0,baseline
68,Over 50,74998.86,23.9,23.4,0.152,11610.8,auto,0,baseline
42,30-50,74003.73,9.6,10.8,0.123,12039.67,auto,0,baseline
29,Under 30,53997.17,0.0,0.3,0.496,8329.78,home_improvement,0,baseline
51,Over 50,52019.86,11.1,10.4,0.271,2573.56,small_business,0,baseline
36,30-50,62136.57,7.6,11.0,0.165,13058.71,auto,0,baseline
66,Over 50,56201.23,14.7,16.5,0.319,5415.18,education,0,baseline
35,30-50,62543.03,0.4,0.0,0.202,9453.96,home_improvement,0,baseline
47,30-50,53733.92,6.0,6.1,0.227,7622.96,debt_consolidation,0,baseline
47,30-50,71628.82,10.7,14.4,0.468,24885.19,home_improvement,0,baseline
32,30-50,23570.62,0.0,1.9,0.249,22673.4,auto,0,baseline
45,30-50,46208.86,4.1,5.8,0.509,6439.87,debt_consolidation,0,baseline
26,Under 30,26298.55,3.4,6.9,0.222,4136.81,education,0,baseline
52,Over 50,55520.96,10.2,7.7,0.504,4301.8,home_improvement,0,baseline
58,Over 50,102628.26,10.9,9.0,0.049,9281.54,auto,0,baseline
67,Over 50,39603.07,14.6,13.2,0.208,6186.51,debt_consolidation,0,baseline
36,30-50,51909.83,0.8,5.3,0.067,4649.14,home_improvement,0,baseline
34,30-50,68900.52,6.0,9.0,0.074,6236.43,home_improvement,0,baseline
47,30-50,19332.15,6.7,9.0,0.336,10153.72,home_improvement,0,baseline
54,Over 50,38756.37,9.9,9.9,0.235,7792.12,auto,0,baseline
69,Over 50,57758.86,17.8,18.7,0.116,6366.5,debt_consolidation,0,baseline
22,Under 30,13311.08,0.0,1.9,0.327,6778.82,debt_consolidation,1,baseline
32,30-50,31584.95,1.7,4.7,0.064,7472.87,home_improvement,0,baseline
33,30-50,80449.59,0.0,4.0,0.505,9057.19,debt_consolidation,1,baseline
33,30-50,76983.67,5.3,9.8,0.119,9326.75,debt_consolidation,0,baseline
43,30-50,58014.21,7.9,8.4,0.393,3553.9,education,0,baseline
63,Over 50,72910.57,13.1,12.0,0.073,8807.41,debt_consolidation,0,baseline
22,Under 30,54003.11,0.0,4.8,0.272,6761.32,auto,0,baseline
60,Over 50,62939.4,13.7,15.9,0.377,4880.99,home_improvement,0,baseline
51,Over 50,42529.61,11.9,10.7,0.12,6725.38,debt_consolidation,0,baseline
51,Over 50,51643.3,10.8,8.6,0.295,14444.49,debt_consolidation,0,baseline
54,Over 50,36880.32,16.5,17.8,0.103,12140.62,debt_consolidation,0,baseline
26,Under 30,86557.79,3.9,2.0,0.3,8506.65,debt_consolidation,1,baseline
57,Over 50,97217.08,12.3,8.6,0.051,5174.26,home_improvement,0,baseline
33,30-50,91213.73,6.4,6.8,0.288,4105.92,education,0,baseline
46,30-50,40796.48,8.9,9.3,0.356,5059.85,home_improvement,0,baseline
54,Over 50,31914.05,11.7,9.2,0.161,8152.7,auto,0,baseline
50,30-50,87084.84,14.0,13.7,0.224,8239.06,debt_consolidation,0,baseline
36,30-50,62614.88,2.6,4.6,0.175,5850.72,education,0,baseline
40,30-50,56832.46,6.7,6.4,0.183,12567.89,debt_consolidation,0,baseline
44,30-50,36859.39,11.6,15.4,0.104,9820.67,debt_consolidation,0,baseline
23,Under 30,59370.26,1.6,4.2,0.368,2152.45,home_improvement,0,baseline
56,Over 50,30080.27,11.1,13.2,0.3,8557.69,small_business,1,baseline
25,Under 30,65207.39,0.0,0.0,0.491,11822.24,auto,0,baseline
43,30-50,91171.63,0.9,0.0,0.123,8966.2,debt_consolidation,0,baseline
53,Over 50,102126.8,17.4,16.9,0.335,10837.35,debt_consolidation,0,baseline
24,Under 30,67429.36,2.0,7.3,0.218,7102.93,education,0,baseline
69,Over 50,26320.16,15.0,12.0,0.297,7842.97,education,0,baseline
39,30-50,53572.9,7.3,8.2,0.649,7925.37,debt_consolidation,0,baseline
21,Under 30,128393.72,0.0,0.0,0.41,8884.29,debt_consolidation,0,baseline
53,Over 50,33160.83,10.2,8.7,0.068,6065.95,debt_consolidation,0,baseline
48,30-50,47732.52,6.6,7.7,0.018,13992.02,debt_consolidation,0,baseline
52,Over 50,92603.85,6.6,6.3,0.256,16504.54,debt_consolidation,0,baseline
57,Over 50,64712.54,6.3,4.4,0.176,6213.56,home_improvement,1,baseline
44,30-50,149652.37,3.3,1.9,0.076,4517.2,debt_consolidation,0,baseline
61,Over 50,35249.58,17.1,11.9,0.444,4135.54,auto,0,baseline
39,30-50,31401.47,3.3,5.6,0.26,9921.74,home_improvement,0,baseline
47,30-50,85038.25,10.7,11.8,0.153,10871.7,home_improvement,0,baseline
28,Under 30,28619.82,5.3,7.4,0.141,9942.62,small_business,0,baseline
51,Over 50,44866.85,10.5,8.6,0.106,10379.4,debt_consolidation,0,baseline
33,30-50,47593.86,3.3,6.7,0.242,6098.59,debt_consolidation,0,baseline
55,Over 50,78135.15,12.3,13.3,0.226,2995.68,home_improvement,1,baseline
60,Over 50,64629.13,12.4,11.9,0.393,6319.25,home_improvement,0,baseline
63,Over 50,60215.15,18.3,16.3,0.278,18526.04,home_improvement,1,baseline
66,Over 50,40900.85,21.4,17.8,0.415,9250.19,home_improvement,0,baseline
26,Under 30,84689.92,6.1,7.3,0.237,10019.31,debt_consolidation,0,baseline
27,Under 30,300024.92,0.0,5.2,0.248,12738.34,home_improvement,0,baseline
66,Over 50,66908.21,14.4,15.8,0.181,5323.88,education,0,baseline
39,30-50,51269.56,6.3,6.5,0.114,9061.04,home_improvement,1,baseline
22,Under 30,27336.05,1.7,4.5,0.063,10468.25,home_improvement,0,baseline
35,30-50,36795.59,0.0,0.0,0.268,5083.43,education,0,baseline
61,Over 50,44526.08,8.8,10.5,0.309,9719.89,home_improvement,0,baseline
38,30-50,38539.15,9.9,8.2,0.414,15485.86,debt_consolidation,0,baseline
24,Under 30,48667.41,0.0,3.4,0.232,6631.91,home_improvement,0,baseline
56,Over 50,109109.5,7.8,14.2,0.323,3424.87,home_improvement,0,baseline
30,30-50,85924.57,0.0,0.9,0.349,8833.42,education,0,baseline
38,30-50,45639.34,7.1,13.5,0.171,5835.56,education,0,baseline
21,Under 30,28460.55,0.0,3.0,0.392,8871.0,education,0,baseline
50,30-50,89484.03,10.9,9.2,0.133,5318.39,home_improvement,0,baseline
42,30-50,47950.55,4.4,3.9,0.112,8353.92,debt_consolidation,0,baseline
63,Over 50,22540.63,9.5,14.3,0.287,14967.15,home_improvement,0,baseline
37,30-50,67547.99,9.9,10.9,0.315,7991.23,debt_consolidation,0,baseline
31,30-50,77773.73,4.7,4.6,0.166,3552.56,small_business,0,baseline
29,Under 30,16454.29,1.8,3.0,0.066,9777.74,debt_consolidation,0,baseline
30,30-50,33824.83,1.6,4.1,0.054,8184.14,home_improvement,0,baseline
43,30-50,46643.82,12.1,11.7,0.321,9014.71,home_improvement,0,baseline
25,Under 30,68222.51,3.2,5.2,0.127,13181.88,education,1,baseline
40,30-50,38867.51,10.1,13.6,0.185,6232.08,auto,1,baseline
62,Over 50,33709.54,12.6,9.8,0.604,7016.22,debt_consolidation,0,baseline
58,Over 50,67997.5,13.1,13.8,0.055,4842.99,auto,0,baseline
52,Over 50,39705.89,12.1,11.5,0.13,8925.61,home_improvement,0,baseline
64,Over 50,62562.7,13.4,11.7,0.285,8809.35,auto,0,baseline
59,Over 50,29727.21,13.0,14.6,0.253,7116.25,debt_consolidation,0,baseline
52,Over 50,26674.15,9.1,6.4,0.202,11772.74,home_improvement,0,baseline
63,Over 50,68862.78,15.9,10.0,0.051,4825.42,home_improvement,0,baseline
27,Under 30,54920.06,0.0,2.4,0.226,8634.11,debt_consolidation,0,baseline
61,Over 50,74243.47,15.7,14.3,0.441,10944.1,auto,0,baseline
35,30-50,38573.98,5.8,4.0,0.263,6179.37,small_business,0,baseline
56,Over 50,34276.07,11.6,7.9,0.071,4077.48,debt_consolidation,0,baseline
65,Over 50,90429.29,16.7,19.3,0.16,3471.42,debt_consolidation,0,baseline
45,30-50,24702.72,7.3,8.8,0.498,8757.43,debt_consolidation,0,baseline
25,Under 30,86090.76,0.0,2.0,0.572,18901.82,home_improvement,0,baseline
39,30-50,88807.57,7.9,12.7,0.303,5973.81,auto,0,baseline
40,30-50,72188.81,8.4,10.8,0.234,10154.38,auto,0,baseline
66,Over 50,35971.66,14.2,16.9,0.371,2409.88,home_improvement,0,baseline
67,Over 50,33947.29,14.3,11.1,0.159,9765.75,small_business,0,baseline
48,30-50,44599.37,8.9,6.7,0.321,4702.26,debt_consolidation,0,baseline
67,Over 50,27370.8,14.4,14.8,0.148,6656.43,education,0,baseline
42,30-50,31800.51,11.9,12.4,0.115,8429.0,education,0,baseline
41,30-50,65521.29,7.9,10.9,0.055,3531.96,debt_consolidation,0,baseline
61,Over 50,65657.5,14.0,10.0,0.435,39058.69,debt_consolidation,0,baseline
53,Over 50,30567.46,8.4,10.1,0.191,5986.98,small_business,0,baseline
46,30-50,66453.31,11.0,12.8,0.293,10976.41,home_improvement,0,baseline
43,30-50,60140.36,5.9,8.6,0.444,17091.45,auto,1,baseline
55,Over 50,96707.75,9.9,9.1,0.1,9382.45,debt_consolidation,0,baseline
57,Over 50,63329.81,14.9,15.0,0.104,4385.85,education,0,baseline
45,30-50,78933.54,9.6,8.1,0.502,8530.06,home_improvement,0,baseline
22,Under 30,60759.88,0.0,1.4,0.233,3233.04,auto,0,baseline
25,Under 30,76188.67,0.9,0.7,0.282,6867.16,debt_consolidation,0,baseline
28,Under 30,27468.56,2.8,2.7,0.273,18740.58,debt_consolidation,0,baseline
43,30-50,46407.44,6.7,6.9,0.054,4001.4,education,0,baseline
51,Over 50,48168.36,11.0,9.8,0.347,5366.41,auto,0,baseline
60,Over 50,43928.23,8.2,7.1,0.346,20471.79,education,1,baseline
32,30-50,59859.11,0.0,0.0,0.163,7427.03,debt_consolidation,0,baseline
59,Over 50,65216.7,10.4,14.2,0.237,5183.05,debt_consolidation,0,baseline
53,Over 50,58484.42,12.0,10.6,0.323,9843.86,education,0,baseline
23,Under 30,45268.89,0.0,2.7,0.234,6409.91,auto,0,baseline
38,30-50,35204.23,3.4,1.2,0.386,2083.94,auto,0,baseline
35,30-50,80316.77,0.0,4.7,0.249,4104.22,debt_consolidation,0,baseline
64,Over 50,57375.91,14.3,13.8,0.168,22663.16,auto,0,baseline
66,Over 50,30996.32,21.6,18.4,0.174,9547.87,auto,0,baseline
61,Over 50,44929.08,13.3,11.8,0.281,16845.58,debt_consolidation,0,baseline
46,30-50,22370.87,8.4,10.5,0.257,4843.54,debt_consolidation,0,baseline
45,30-50,49807.3,10.9,4.8,0.191,7883.15,debt_consolidation,0,baseline
36,30-50,44834.31,5.3,4.6,0.39,7446.89,small_business,0,baseline
58,Over 50,37853.92,12.3,11.6,0.025,6163.21,education,0,baseline
25,Under 30,100014.46,4.2,5.1,0.179,9001.23,debt_consolidation,0,baseline
34,30-50,29136.02,6.0,11.8,0.2,4640.68,education,0,baseline
27,Under 30,67364.73,3.0,3.7,0.243,14834.97,home_improvement,0,baseline
45,30-50,131139.73,8.0,10.4,0.122,10235.61,small_business,0,baseline
35,30-50,79600.09,3.9,8.7,0.135,7427.53,home_improvement,0,baseline
30,30-50,48329.99,5.9,8.1,0.159,8661.46,debt_consolidation,0,baseline
39,30-50,29427.04,5.3,4.9,0.173,6966.18,education,0,baseline
63,Over 50,26557.62,18.4,14.1,0.275,3422.86,small_business,0,baseline
48,30-50,40733.32,6.3,8.5,0.15,4937.73,home_improvement,0,baseline
61,Over 50,35984.72,18.3,19.9,0.253,7405.39,home_improvement,0,baseline
65,Over 50,35461.54,16.8,16.5,0.147,6792.65,education,0,baseline
65,Over 50,42326.09,12.5,14.5,0.571,11201.38,debt_consolidation,0,baseline
38,30-50,46816.4,7.5,13.2,0.148,10723.39,education,0,baseline
63,Over 50,60982.69,12.7,13.9,0.171,6124.66,education,0,baseline
65,Over 50,28085.02,15.5,12.2,0.13,5021.62,debt_consolidation,0,baseline
68,Over 50,36061.83,15.0,14.1,0.045,11818.4,debt_consolidation,0,baseline
38,30-50,45622.1,5.6,9.2,0.044,8907.47,debt_consolidation,0,baseline
32,30-50,44892.75,6.7,6.8,0.097,5938.45,small_business,0,baseline
49,30-50,112015.29,11.4,14.1,0.297,4577.99,education,0,baseline
66,Over 50,54421.3,12.4,11.8,0.044,5779.56,home_improvement,0,baseline
65,Over 50,23715.51,12.2,12.4,0.065,9857.38,education,0,baseline
48,30-50,59170.69,10.3,9.5,0.29,18833.7,education,0,baseline
28,Under 30,62664.39,3.5,5.1,0.179,7288.44,small_business,0,baseline
41,30-50,46336.83,5.0,6.4,0.351,5342.79,home_improvement,0,baseline
55,Over 50,28395.09,16.7,12.1,0.338,23827.68,education,0,baseline
48,30-50,108133.8,11.9,10.6,0.364,6728.14,debt_consolidation,0,baseline
37,30-50,30289.37,3.7,2.5,0.102,5447.68,debt_consolidation,0,baseline
37,30-50,65995.87,3.4,3.9,0.101,6610.05,auto,0,baseline
23,Under 30,53638.52,0.0,0.4,0.062,6447.47,debt_consolidation,0,baseline
35,30-50,64238.93,3.9,7.1,0.271,15294.91,debt_consolidation,0,baseline
53,Over 50,105671.03,15.0,16.0,0.175,3509.17,debt_consolidation,0,baseline
32,30-50,63116.5,6.8,8.6,0.105,10908.05,home_improvement,0,baseline
69,Over 50,38124.07,16.9,13.0,0.114,8058.81,home_improvement,0,baseline
25,Under 30,80635.68,3.4,4.6,0.243,6134.31,small_business,0,baseline
49,30-50,36901.42,12.3,9.1,0.484,6850.25,home_improvement,0,baseline
45,30-50,52764.88,8.6,8.6,0.205,7148.51,home_improvement,0,baseline
61,Over 50,27394.91,15.2,15.5,0.327,8467.92,education,0,baseline
64,Over 50,30792.41,16.8,17.5,0.185,6466.15,education,0,baseline
47,30-50,50167.57,10.6,11.4,0.457,7841.97,debt_consolidation,0,baseline
51,Over 50,57851.75,8.2,11.0,0.558,5493.54,auto,0,baseline
55,Over 50,22786.52,9.9,10.4,0.278,24123.98,education,0,baseline
46,30-50,61314.97,7.9,7.8,0.179,13421.78,education,0,baseline
30,30-50,33902.94,1.0,4.6,0.266,10345.23,debt_consolidation,0,baseline
42,30-50,87191.28,2.9,6.2,0.426,6490.48,auto,0,baseline
32,30-50,41840.33,5.9,5.7,0.131,12218.81,auto,0,baseline
43,30-50,29565.69,8.7,9.7,0.176,9411.08,debt_consolidation,0,baseline
51,Over 50,50721.85,6.5,6.6,0.31,8600.07,auto,0,baseline
31,30-50,32457.74,2.8,0.2,0.295,6207.35,debt_consolidation,0,baseline
33,30-50,86770.79,3.6,5.8,0.408,9295.54,debt_consolidation,0,baseline
61,Over 50,49032.5,14.5,11.0,0.406,18803.16,debt_consolidation,0,baseline
39,30-50,45786.54,3.1,5.1,0.4,8436.62,debt_consolidation,0,baseline
30,30-50,63979.02,0.0,0.0,0.682,7102.19,debt_consolidation,0,baseline
55,Over 50,31187.53,13.5,11.3,0.239,8515.28,small_business,0,baseline
56,Over 50,27443.4,7.6,7.3,0.037,8282.45,debt_consolidation,0,baseline
61,Over 50,58909.53,13.3,15.0,0.038,6163.71,debt_consolidation,0,baseline
58,Over 50,29886.08,12.0,10.5,0.608,5593.69,education,0,baseline
69,Over 50,29881.52,16.4,13.0,0.226,12047.72,auto,0,baseline
49,30-50,71434.78,10.6,11.2,0.201,14804.28,auto,0,baseline
35,30-50,62086.19,9.7,9.3,0.519,25157.63,education,1,baseline
63,Over 50,27883.12,9.9,11.5,0.239,10189.68,auto,0,baseline
33,30-50,37100.61,6.8,5.4,0.15,8590.0,auto,0,baseline
35,30-50,32640.88,0.0,2.4,0.422,12719.51,home_improvement,1,baseline
61,Over 50,109026.22,18.2,21.5,0.463,5146.1,auto,0,baseline
64,Over 50,73696.07,8.9,8.7,0.359,11173.37,education,0,baseline
37,30-50,40563.33,12.9,12.7,0.295,13621.22,home_improvement,0,baseline
56,Over 50,63531.28,11.1,7.5,0.272,13522.52,debt_consolidation,0,baseline
66,Over 50,26627.94,19.6,16.0,0.214,18650.71,home_improvement,0,baseline
60,Over 50,36217.92,16.9,16.4,0.285,6007.69,home_improvement,0,baseline
21,Under 30,51389.47,0.0,1.3,0.382,6334.89,debt_consolidation,0,baseline
53,Over 50,60084.3,10.1,11.3,0.255,7276.62,auto,0,baseline
29,Under 30,46917.38,0.3,3.1,0.205,4638.85,education,0,baseline
62,Over 50,54808.8,16.7,12.7,0.012,10606.28,debt_consolidation,0,baseline
24,Under 30,50779.67,0.0,4.0,0.177,11356.84,home_improvement,0,baseline
69,Over 50,45542.0,14.3,11.0,0.444,10729.77,debt_consolidation,0,baseline
29,Under 30,42904.61,4.4,4.0,0.053,8731.49,auto,0,baseline
41,30-50,40464.52,4.3,5.9,0.239,13398.6,debt_consolidation,0,baseline
32,30-50,54413.73,2.9,7.4,0.113,10803.1,small_business,0,baseline
60,Over 50,58974.89,14.0,11.2,0.209,5995.37,debt_consolidation,0,baseline
40,30-50,53597.71,4.7,6.1,0.149,1853.86,education,0,baseline
57,Over 50,28843.25,11.1,11.2,0.225,6867.69,debt_consolidation,0,baseline
24,Under 30,31272.13,5.7,7.8,0.276,8262.86,education,0,baseline
43,30-50,58659.03,7.1,10.0,0.166,8297.23,debt_consolidation,0,baseline
65,Over 50,95059.0,14.3,12.6,0.217,7408.56,education,0,baseline
66,Over 50,52500.97,15.2,16.2,0.282,6195.58,small_business,0,baseline
31,30-50,40731.18,4.9,8.6,0.055,5306.03,small_business,0,baseline
40,30-50,54228.03,3.5,8.4,0.428,4834.42,education,0,baseline
41,30-50,29390.61,8.3,9.6,0.263,10071.64,home_improvement,0,baseline
48,30-50,88346.73,10.2,10.5,0.331,13962.68,home_improvement,0,baseline
47,30-50,53314.7,3.7,4.0,0.27,4334.59,small_business,0,baseline
26,Under 30,36269.93,7.1,4.8,0.342,7858.53,education,0,baseline
58,Over 50,45476.09,17.3,15.3,0.037,12020.42,home_improvement,0,baseline
32,30-50,38670.55,1.4,3.4,0.364,7372.83,home_improvement,0,baseline
36,30-50,88455.2,1.9,3.3,0.144,11591.22,debt_consolidation,0,baseline
62,Over 50,44756.5,15.0,15.2,0.345,13893.46,home_improvement,0,baseline
54,Over 50,52570.72,7.3,4.9,0.075,9869.46,home_improvement,0,baseline
40,30-50,63460.75,10.7,10.2,0.127,6324.34,education,1,baseline
65,Over 50,35124.53,14.0,17.2,0.391,15639.1,debt_consolidation,1,baseline
40,30-50,53485.68,11.5,13.2,0.126,7088.79,debt_consolidation,0,baseline
48,30-50,55464.36,7.0,8.8,0.381,7088.89,debt_consolidation,0,baseline
33,30-50,24359.19,3.9,5.9,0.296,10482.31,debt_consolidation,0,baseline
29,Under 30,54924.42,6.6,6.6,0.077,6969.24,education,0,baseline
45,30-50,48021.64,7.4,4.4,0.411,7245.2,debt_consolidation,0,baseline
48,30-50,51973.27,10.3,11.1,0.289,6721.94,small_business,0,baseline
60,Over 50,49813.1,16.9,10.6,0.105,7403.21,debt_consolidation,0,baseline
40,30-50,55084.65,5.0,5.3,0.309,8941.72,education,0,baseline
64,Over 50,89483.05,11.3,11.0,0.303,3021.93,debt_consolidation,0,baseline
50,30-50,28831.44,5.8,5.7,0.025,7715.91,auto,0,baseline
24,Under 30,42025.48,2.8,8.6,0.122,3352.7,education,0,baseline
57,Over 50,66169.73,13.8,16.7,0.204,6612.4,debt_consolidation,0,baseline
49,30-50,60865.19,13.0,14.5,0.119,9595.56,auto,0,baseline
40,30-50,60278.6,5.8,4.8,0.184,6879.25,education,0,baseline
43,30-50,169246.2,3.4,8.6,0.242,11515.81,debt_consolidation,0,baseline
35,30-50,64625.28,0.0,3.2,0.313,9641.3,home_improvement,0,baseline
51,Over 50,81545.96,19.1,15.4,0.195,2757.18,home_improvement,0,baseline
48,30-50,42694.17,11.0,10.9,0.13,14749.62,education,0,baseline
42,30-50,31356.89,7.8,10.1,0.357,9180.57,home_improvement,0,baseline
34,30-50,42555.19,5.4,5.1,0.249,6095.99,auto,0,baseline
40,30-50,67533.7,2.4,4.2,0.214,6406.71,small_business,0,baseline
45,30-50,58869.15,6.0,7.4,0.305,2857.41,auto,0,baseline
44,30-50,58774.49,13.3,10.4,0.06,9035.33,debt_consolidation,0,baseline
36,30-50,44513.38,7.2,7.2,0.501,11221.67,debt_consolidation,0,baseline
49,30-50,41431.17,7.5,6.0,0.078,5767.51,home_improvement,0,baseline
32,30-50,45209.58,0.2,3.9,0.585,5153.96,home_improvement,0,baseline
45,30-50,67915.12,6.9,5.7,0.094,8692.92,debt_consolidation,0,baseline
26,Under 30,71562.56,0.8,3.2,0.355,14725.45,home_improvement,0,baseline
44,30-50,31169.37,14.2,10.6,0.393,13980.37,small_business,0,baseline
59,Over 50,69082.32,12.7,9.9,0.297,12264.48,education,0,baseline
61,Over 50,36577.02,10.4,8.0,0.287,22249.31,debt_consolidation,1,baseline
55,Over 50,60537.29,11.7,10.8,0.17,12863.8,home_improvement,0,baseline
57,Over 50,44963.91,13.4,13.1,0.227,14448.31,auto,0,baseline
24,Under 30,99171.39,0.0,2.7,0.362,8463.69,debt_consolidation,0,baseline
37,30-50,40613.93,6.8,3.9,0.142,6813.47,debt_consolidation,0,baseline
53,Over 50,53123.53,14.8,13.5,0.495,14290.33,small_business,0,baseline
60,Over 50,64406.31,14.1,11.8,0.345,4961.58,education,0,baseline
49,30-50,33081.14,7.4,9.0,0.293,10015.55,education,0,baseline
62,Over 50,47439.68,12.8,11.7,0.078,5979.18,education,0,baseline
34,30-50,43479.15,0.0,1.8,0.092,9601.04,auto,0,baseline
28,Under 30,38901.34,2.0,2.1,0.071,9264.55,education,0,baseline
25,Under 30,40220.2,2.3,7.3,0.338,8791.05,home_improvement,0,baseline
49,30-50,80854.5,7.1,5.1,0.27,8031.62,debt_consolidation,0,baseline
53,Over 50,37445.89,17.0,14.8,0.14,10575.2,debt_consolidation,0,baseline
34,30-50,63252.1,6.9,7.8,0.206,11457.51,auto,0,baseline
59,Over 50,56475.81,7.9,7.8,0.298,4026.08,debt_consolidation,0,baseline
57,Over 50,26143.58,7.3,6.3,0.277,7921.35,education,0,baseline
38,30-50,61921.72,3.0,0.8,0.098,6574.53,home_improvement,0,baseline
32,30-50,25949.8,8.6,7.5,0.48,8929.04,small_business,0,baseline
57,Over 50,65032.43,15.3,12.3,0.009,6580.97,home_improvement,0,baseline
53,Over 50,39017.43,16.1,18.2,0.262,15329.7,home_improvement,0,baseline
29,Under 30,49205.73,2.8,8.8,0.364,7831.18,debt_consolidation,0,baseline
33,30-50,27380.16,3.6,4.8,0.15,13270.16,debt_consolidation,0,baseline
44,30-50,51796.2,4.3,2.6,0.226,5033.73,home_improvement,0,baseline
46,30-50,74393.79,9.8,11.3,0.102,7041.9,debt_consolidation,0,baseline
29,Under 30,34093.62,2.2,1.8,0.152,5958.95,education,0,baseline
67,Over 50,37300.98,15.4,13.2,0.498,9865.91,debt_consolidation,0,baseline
40,30-50,60148.96,11.5,9.9,0.344,4480.59,small_business,0,baseline
39,30-50,60829.38,5.9,5.7,0.196,3448.12,home_improvement,0,baseline
23,Under 30,16393.16,4.7,5.0,0.099,5926.56,home_improvement,0,baseline
63,Over 50,121410.53,9.9,7.3,0.179,10727.35,small_business,0,baseline
32,30-50,62183.75,11.9,10.1,0.252,5405.26,auto,0,baseline
69,Over 50,67078.13,15.7,16.6,0.167,9253.79,debt_consolidation,0,baseline
45,30-50,45954.49,10.5,10.4,0.199,5862.55,debt_consolidation,0,baseline
63,Over 50,21270.81,17.3,16.1,0.007,3373.08,debt_consolidation,0,baseline
29,Under 30,66411.46,1.3,0.0,0.224,12406.47,auto,0,baseline
29,Under 30,38012.31,5.3,8.1,0.201,11211.36,auto,0,baseline
60,Over 50,62615.57,16.3,13.6,0.407,7943.31,education,0,baseline
61,Over 50,44424.19,11.9,13.7,0.16,8278.74,debt_consolidation,0,baseline
47,30-50,54563.35,7.0,7.9,0.327,7304.42,debt_consolidation,0,baseline
22,Under 30,34587.64,0.5,1.3,0.366,4835.37,debt_consolidation,0,baseline
67,Over 50,72328.61,15.8,11.2,0.335,15568.47,small_business,0,baseline
40,30-50,28716.57,10.8,15.0,0.243,7705.54,small_business,0,baseline
66,Over 50,134659.71,17.9,17.9,0.264,9709.12,home_improvement,0,baseline
63,Over 50,134198.71,14.5,15.3,0.356,6314.41,home_improvement,0,baseline
62,Over 50,102202.85,16.2,18.6,0.188,10111.58,education,0,baseline
54,Over 50,87026.29,5.4,6.8,0.254,14365.43,home_improvement,0,baseline
53,Over 50,47190.75,9.4,12.2,0.141,8807.09,small_business,0,baseline
47,30-50,82863.17,10.0,9.0,0.419,9703.89,education,0,baseline
22,Under 30,46944.46,3.7,6.4,0.33,12569.16,auto,0,baseline
40,30-50,24365.34,7.2,6.5,0.091,11541.14,auto,0,baseline
56,Over 50,96417.27,16.6,14.3,0.267,13657.88,debt_consolidation,0,baseline
60,Over 50,81468.44,16.3,15.2,0.31,9513.19,debt_consolidation,0,baseline
48,30-50,48334.33,8.0,5.9,0.459,9510.6,education,0,baseline
55,Over 50,28244.87,11.5,11.8,0.405,9133.32,debt_consolidation,0,baseline
22,Under 30,37654.57,1.6,2.6,0.283,12486.17,debt_consolidation,0,baseline
43,30-50,21600.78,6.4,3.1,0.073,6529.76,education,0,baseline
45,30-50,75003.22,13.0,11.5,0.237,10564.72,debt_consolidation,0,baseline
64,Over 50,23825.48,11.7,10.7,0.249,25558.33,auto,0,baseline
36,30-50,55774.6,6.2,8.7,0.208,9696.08,auto,0,baseline
32,30-50,33534.77,6.1,7.4,0.411,4453.39,debt_consolidation,0,baseline
38,30-50,25796.23,5.0,8.9,0.364,7008.8,debt_consolidation,0,baseline
29,Under 30,54571.1,1.2,4.0,0.347,11052.32,debt_consolidation,0,baseline
48,30-50,42183.75,9.2,8.3,0.439,5794.73,debt_consolidation,0,baseline
52,Over 50,71480.87,13.3,12.5,0.278,4969.39,debt_consolidation,0,baseline
60,Over 50,27710.8,12.2,11.0,0.263,4065.8,education,0,baseline
68,Over 50,34863.94,13.2,13.6,0.318,7301.66,small_business,0,baseline
24,Under 30,16740.08,4.5,5.7,0.043,18139.64,debt_consolidation,0,baseline
33,30-50,18343.75,5.4,5.1,0.213,6213.03,auto,0,baseline
35,30-50,110104.65,7.9,8.4,0.142,12555.52,home_improvement,0,baseline
33,30-50,125193.92,6.5,8.1,0.336,7047.84,home_improvement,0,baseline
61,Over 50,51109.56,20.5,16.4,0.426,6676.6,small_business,0,baseline
27,Under 30,33835.88,5.4,7.0,0.246,10493.13,debt_consolidation,0,baseline
22,Under 30,42860.16,0.0,0.0,0.034,3763.67,small_business,0,baseline
63,Over 50,72628.19,16.1,17.1,0.705,18670.2,debt_consolidation,1,baseline
68,Over 50,38891.26,14.8,14.9,0.251,10600.52,auto,0,baseline
32,30-50,54553.4,2.5,7.2,0.353,13707.63,small_business,1,baseline
37,30-50,48740.22,1.4,0.9,0.464,7122.83,auto,0,baseline
45,30-50,37950.36,7.5,10.3,0.628,10385.79,education,0,baseline
46,30-50,38685.23,10.4,12.2,0.249,12918.33,debt_consolidation,0,baseline
69,Over 50,55937.73,16.6,14.9,0.559,7743.78,auto,0,baseline
40,30-50,31583.82,3.4,3.9,0.227,5236.45,debt_consolidation,0,baseline
21,Under 30,60070.74,0.0,0.0,0.034,5056.54,home_improvement,0,baseline
41,30-50,39647.75,13.3,10.0,0.345,6558.99,debt_consolidation,0,baseline
48,30-50,51912.52,10.4,8.8,0.64,9076.93,auto,0,baseline
46,30-50,91380.11,6.3,4.5,0.027,7469.52,home_improvement,0,baseline
46,30-50,45447.52,10.1,13.3,0.117,6344.18,debt_consolidation,0,baseline
66,Over 50,74154.94,22.3,16.8,0.55,11373.17,auto,0,baseline
60,Over 50,21885.62,15.5,14.7,0.52,6434.75,debt_consolidation,0,baseline
33,30-50,39669.45,0.0,2.9,0.111,6010.11,auto,0,baseline
38,30-50,49635.42,13.9,13.8,0.409,12960.87,education,0,baseline
53,Over 50,116482.79,5.7,7.4,0.318,10670.94,home_improvement,0,baseline
41,30-50,20292.8,6.4,9.0,0.191,4391.76,auto,0,baseline
41,30-50,46943.76,3.6,4.0,0.29,4165.45,education,0,baseline
29,Under 30,94420.17,0.6,2.6,0.213,4657.03,auto,0,baseline
33,30-50,34431.97,5.1,5.5,0.254,7979.95,small_business,0,baseline
57,Over 50,44543.55,6.4,9.7,0.144,14606.51,debt_consolidation,0,baseline
62,Over 50,56913.2,14.1,17.5,0.263,16708.77,home_improvement,0,baseline
59,Over 50,53264.69,16.7,13.0,0.421,11792.81,auto,0,baseline
36,30-50,99170.58,2.7,0.1,0.089,21087.63,home_improvement,0,baseline
27,Under 30,59982.8,0.0,3.1,0.139,8962.57,debt_consolidation,0,baseline
28,Under 30,89098.5,2.0,5.8,0.058,14108.23,debt_consolidation,0,baseline
40,30-50,41689.15,5.6,10.4,0.203,6089.96,auto,0,baseline
46,30-50,35128.34,7.0,9.0,0.113,3721.74,education,0,baseline
64,Over 50,44286.03,11.5,14.0,0.048,6944.28,auto,0,baseline
65,Over 50,29097.39,17.0,18.9,0.115,7611.6,education,0,baseline
21,Under 30,60936.05,1.8,6.4,0.391,29508.5,home_improvement,0,baseline
55,Over 50,41206.65,8.7,10.7,0.483,8101.33,education,0,baseline
35,30-50,36231.89,2.1,1.1,0.47,4871.2,debt_consolidation,0,baseline
30,30-50,61352.81,3.6,4.8,0.437,13125.66,small_business,0,baseline
48,30-50,29299.56,6.6,7.8,0.212,5542.53,education,0,baseline
22,Under 30,69336.45,0.9,2.5,0.187,8706.02,education,0,baseline
37,30-50,39527.35,10.0,9.9,0.483,12564.65,education,0,baseline
48,30-50,82585.83,9.3,12.6,0.329,5085.66,education,0,baseline
34,30-50,41079.65,0.9,1.2,0.122,17304.64,debt_consolidation,0,baseline
50,30-50,65144.25,11.3,12.7,0.582,14234.18,small_business,1,baseline
43,30-50,53146.26,7.2,8.4,0.121,9668.61,debt_consolidation,0,baseline
60,Over 50,68511.43,13.2,10.8,0.48,19454.64,education,0,baseline
29,Under 30,51507.16,4.2,3.2,0.374,6693.39,auto,0,baseline
23,Under 30,23189.88,2.8,0.8,0.386,12053.18,debt_consolidation,0,baseline
46,30-50,77184.74,8.9,10.1,0.139,9315.26,debt_consolidation,0,baseline
33,30-50,47124.23,4.0,5.1,0.186,5890.39,debt_consolidation,0,baseline
55,Over 50,69932.25,18.1,14.8,0.147,5979.6,auto,0,baseline
25,Under 30,66877.04,5.0,2.2,0.274,22371.33,auto,0,baseline
49,30-50,34614.11,12.3,12.7,0.175,13761.87,home_improvement,0,baseline
69,Over 50,32478.77,17.2,15.4,0.087,12641.67,home_improvement,0,baseline
25,Under 30,65835.19,0.0,0.6,0.135,5927.55,debt_consolidation,0,baseline
35,30-50,42767.68,8.3,6.7,0.206,11544.59,home_improvement,0,baseline
62,Over 50,74711.79,14.8,13.3,0.134,6741.13,auto,0,baseline
47,30-50,45243.29,7.4,8.8,0.426,18939.78,auto,0,baseline
29,Under 30,77694.08,2.1,3.0,0.444,14860.37,debt_consolidation,1,baseline
31,30-50,59307.26,0.6,0.1,0.212,12831.56,auto,0,baseline
58,Over 50,55803.33,16.1,14.8,0.242,12196.27,small_business,0,baseline
63,Over 50,41427.28,16.7,17.5,0.344,7755.11,education,0,baseline
38,30-50,54425.74,6.5,7.3,0.492,10338.07,debt_consolidation,0,baseline
44,30-50,83849.91,7.9,8.5,0.275,17512.45,education,0,baseline
59,Over 50,47839.31,11.3,10.4,0.165,10232.55,debt_consolidation,0,baseline
29,Under 30,62257.14,0.0,0.2,0.154,5322.18,debt_consolidation,0,baseline
31,30-50,50054.22,0.0,0.2,0.557,15176.04,debt_consolidation,0,baseline
58,Over 50,51848.01,10.7,7.3,0.145,5769.18,home_improvement,0,baseline
30,30-50,106461.09,0.5,4.7,0.134,7984.2,education,0,baseline
58,Over 50,84185.55,13.8,14.0,0.471,6394.31,education,0,baseline
45,30-50,50804.07,10.8,10.8,0.202,2198.45,home_improvement,0,baseline
69,Over 50,53987.31,16.4,15.7,0.321,8845.26,home_improvement,0,baseline
22,Under 30,35744.74,4.6,6.3,0.327,24013.88,debt_consolidation,1,baseline
67,Over 50,45349.88,13.8,11.5,0.085,9508.99,small_business,0,baseline
32,30-50,56343.89,3.4,4.1,0.184,35655.23,debt_consolidation,0,baseline
22,Under 30,71881.64,0.2,1.2,0.108,7505.5,debt_consolidation,0,baseline
56,Over 50,68675.61,15.5,19.4,0.121,9051.85,small_business,0,baseline
47,30-50,29757.41,9.4,11.6,0.134,7691.61,debt_consolidation,0,baseline
62,Over 50,76087.72,14.8,14.1,0.082,8351.25,debt_consolidation,0,baseline
26,Under 30,47101.11,0.0,4.7,0.523,9749.78,small_business,1,baseline
24,Under 30,31440.55,0.0,4.5,0.248,17242.8,debt_consolidation,0,baseline
48,30-50,89444.46,12.7,9.4,0.4,5327.17,debt_consolidation,0,baseline
64,Over 50,94700.59,8.8,8.6,0.226,8138.47,home_improvement,0,baseline
40,30-50,55198.23,10.7,10.5,0.462,11024.45,debt_consolidation,0,baseline
60,Over 50,67437.54,15.1,15.3,0.041,15367.97,education,0,baseline
65,Over 50,69241.26,13.2,12.1,0.052,2754.83,auto,0,baseline
63,Over 50,91867.03,12.2,11.6,0.24,4027.15,home_improvement,0,baseline
45,30-50,68025.02,14.1,12.3,0.23,8269.32,debt_consolidation,0,baseline
55,Over 50,26971.61,16.1,17.0,0.361,14180.85,debt_consolidation,0,baseline
46,30-50,121105.03,8.4,5.8,0.222,6372.02,education,0,baseline
54,Over 50,79185.27,12.0,10.7,0.247,11321.76,debt_consolidation,0,baseline
48,30-50,38976.5,7.5,4.3,0.234,21784.08,debt_consolidation,0,baseline
46,30-50,30843.11,9.2,7.3,0.236,8145.12,debt_consolidation,0,baseline
42,30-50,61522.98,5.3,6.9,0.055,7229.47,education,0,baseline
52,Over 50,43251.32,10.6,11.2,0.359,10259.18,education,0,baseline
57,Over 50,56868.56,18.0,15.8,0.384,8866.3,debt_consolidation,0,baseline
66,Over 50,68496.17,15.5,16.6,0.143,9206.13,debt_consolidation,0,baseline
51,Over 50,37990.87,7.4,10.6,0.272,7402.47,education,0,baseline
25,Under 30,29665.84,0.0,1.9,0.117,7125.48,debt_consolidation,1,baseline
49,30-50,58315.21,10.2,10.6,0.203,4903.9,home_improvement,0,baseline
36,30-50,38560.18,3.0,3.5,0.305,11010.94,home_improvement,0,baseline
22,Under 30,52351.88,1.1,4.1,0.358,4818.05,home_improvement,0,baseline
24,Under 30,26782.48,0.0,0.0,0.541,5385.32,debt_consolidation,1,baseline
49,30-50,43761.85,11.9,15.1,0.272,4451.83,education,0,baseline
67,Over 50,67624.68,12.9,14.6,0.162,6883.79,debt_consolidation,0,baseline
45,30-50,64387.17,8.5,6.4,0.216,8208.82,home_improvement,0,baseline
42,30-50,34380.3,6.3,5.5,0.25,4675.77,auto,0,baseline
25,Under 30,28977.68,6.6,8.1,0.18,7092.82,education,0,baseline
54,Over 50,49369.77,12.1,11.0,0.224,8785.56,auto,0,baseline
23,Under 30,63099.29,6.5,8.3,0.05,3697.23,home_improvement,0,baseline
62,Over 50,58825.39,16.0,14.1,0.076,5542.92,debt_consolidation,0,baseline
61,Over 50,38930.3,18.3,19.7,0.201,19976.76,home_improvement,0,baseline
69,Over 50,56051.21,16.2,15.0,0.129,5685.56,auto,0,baseline
34,30-50,96380.58,5.6,11.3,0.413,11547.37,home_improvement,0,baseline
28,Under 30,53761.62,6.1,8.1,0.247,6287.06,auto,0,baseline
35,30-50,23507.7,7.6,5.4,0.318,8955.78,education,0,baseline
60,Over 50,53714.6,15.2,18.4,0.173,5438.99,debt_consolidation,0,baseline
31,30-50,122980.44,2.5,6.2,0.248,3131.05,education,0,baseline
64,Over 50,27465.18,14.6,14.4,0.363,6499.66,auto,0,baseline
28,Under 30,49680.91,5.9,8.0,0.31,10106.31,debt_consolidation,0,baseline
23,Under 30,44273.83,4.7,3.4,0.005,11374.6,auto,0,baseline
31,30-50,51182.21,1.7,0.0,0.081,8703.8,auto,0,baseline
57,Over 50,53498.74,10.4,10.2,0.4,5493.4,education,0,baseline
50,30-50,81878.15,7.4,10.7,0.441,12837.49,home_improvement,0,baseline
38,30-50,50927.2,8.4,9.5,0.159,5647.76,auto,1,baseline
53,Over 50,87096.05,8.4,12.1,0.409,5823.41,home_improvement,0,baseline
52,Over 50,46492.9,13.3,15.3,0.151,4963.59,home_improvement,0,baseline
48,30-50,41874.76,11.1,10.9,0.148,6558.26,debt_consolidation,0,baseline
46,30-50,36274.4,7.1,10.1,0.029,6989.81,small_business,0,baseline
25,Under 30,21640.26,6.1,9.9,0.52,9383.04,debt_consolidation,0,baseline
33,30-50,55497.97,0.0,1.8,0.14,4119.76,auto,0,baseline
46,30-50,123537.51,13.7,12.6,0.086,6437.01,home_improvement,0,baseline
27,Under 30,60246.87,3.1,4.7,0.117,5430.07,education,0,baseline
44,30-50,66771.81,1.8,0.0,0.084,10034.5,home_improvement,0,baseline
26,Under 30,40706.21,6.5,7.8,0.136,9426.4,debt_consolidation,0,baseline
59,Over 50,43916.7,16.2,16.4,0.387,4842.81,debt_consolidation,0,baseline
26,Under 30,76350.41,0.5,2.7,0.232,10364.28,home_improvement,0,baseline
25,Under 30,121044.33,0.0,2.7,0.163,7893.71,home_improvement,0,baseline
52,Over 50,95757.72,6.1,6.8,0.333,12047.21,auto,0,baseline
31,30-50,70428.98,10.7,6.6,0.284,5866.03,education,0,baseline
38,30-50,49802.37,3.2,7.9,0.347,10885.89,home_improvement,0,baseline
36,30-50,53872.4,1.5,2.4,0.508,12487.61,education,0,baseline
31,30-50,34923.73,4.3,4.2,0.09,8387.19,debt_consolidation,0,baseline
58,Over 50,25548.26,8.0,11.1,0.07,23130.8,education,0,baseline
54,Over 50,29523.47,8.6,10.8,0.129,10360.32,debt_consolidation,0,baseline
32,30-50,50131.76,6.8,8.0,0.139,19563.14,education,0,baseline
54,Over 50,42984.87,12.9,13.9,0.346,28593.21,debt_consolidation,0,baseline
55,Over 50,25304.85,10.7,8.3,0.274,3510.64,auto,0,baseline
47,30-50,48204.35,9.2,9.2,0.274,14412.15,home_improvement,0,baseline
49,30-50,42476.5,8.5,11.4,0.073,10489.92,auto,0,baseline
66,Over 50,28917.96,15.6,13.1,0.052,9151.77,small_business,0,baseline
43,30-50,41498.79,5.4,4.3,0.294,5823.0,auto,0,baseline
39,30-50,42428.31,4.6,5.8,0.224,5189.26,debt_consolidation,0,baseline
47,30-50,37142.36,7.3,8.0,0.111,4785.91,home_improvement,0,baseline
61,Over 50,74384.4,11.8,12.8,0.213,24628.24,debt_consolidation,0,baseline
55,Over 50,20820.52,15.0,11.3,0.11,10339.13,debt_consolidation,0,baseline
24,Under 30,20058.14,3.4,0.0,0.04,4106.85,debt_consolidation,0,baseline
43,30-50,49093.34,4.9,7.8,0.122,4787.16,auto,0,baseline
57,Over 50,51187.84,9.0,7.0,0.204,2943.75,small_business,0,baseline
31,30-50,58799.98,3.0,3.2,0.212,14698.93,debt_consolidation,0,baseline
69,Over 50,38463.38,23.3,16.2,0.292,8288.66,education,0,baseline
60,Over 50,32433.08,10.6,12.5,0.119,10452.43,education,0,baseline
62,Over 50,48859.68,13.9,13.8,0.261,8112.94,auto,0,baseline
25,Under 30,40186.64,1.7,4.0,0.215,13015.57,auto,0,baseline
49,30-50,98516.78,9.5,10.2,0.348,6644.71,education,0,baseline
46,30-50,42365.84,7.4,3.8,0.398,9393.02,home_improvement,0,baseline
51,Over 50,47861.5,14.0,11.2,0.054,9293.08,small_business,0,baseline
62,Over 50,149333.62,15.7,13.7,0.27,4536.23,home_improvement,0,baseline
38,30-50,44907.4,8.5,7.3,0.33,5644.75,debt_consolidation,0,baseline
47,30-50,62960.99,10.9,10.2,0.22,6964.28,auto,0,baseline
54,Over 50,65567.75,14.2,13.9,0.306,9513.81,debt_consolidation,0,baseline
57,Over 50,68127.13,17.4,17.9,0.457,16223.43,debt_consolidation,0,baseline
58,Over 50,55841.31,16.9,12.6,0.231,8585.83,debt_consolidation,0,baseline
37,30-50,53488.84,12.6,12.0,0.176,7755.38,home_improvement,0,baseline
69,Over 50,51284.84,20.5,19.8,0.224,9461.51,debt_consolidation,0,baseline
21,Under 30,37827.92,0.0,0.2,0.311,7491.07,debt_consolidation,0,baseline
45,30-50,56754.12,10.9,10.4,0.243,8011.62,debt_consolidation,0,baseline
50,30-50,122136.02,12.3,12.8,0.224,17291.22,auto,0,baseline
24,Under 30,84525.36,6.8,7.5,0.149,7247.9,debt_consolidation,0,baseline
43,30-50,56205.12,4.8,7.2,0.212,9236.98,education,0,baseline
50,30-50,72050.56,11.8,11.6,0.063,5869.48,education,0,baseline
50,30-50,33152.41,8.1,7.9,0.197,15220.84,auto,1,baseline
26,Under 30,43598.13,3.3,2.3,0.252,5137.4,debt_consolidation,0,baseline
34,30-50,75096.74,3.9,5.6,0.323,7817.01,auto,0,baseline
32,30-50,95724.09,5.3,6.4,0.356,13243.33,debt_consolidation,0,baseline
52,Over 50,34651.98,6.6,5.3,0.218,5255.38,small_business,0,baseline
37,30-50,39434.06,8.0,9.5,0.012,12505.72,debt_consolidation,0,baseline
49,30-50,130825.43,10.4,12.9,0.138,2908.69,debt_consolidation,0,baseline
56,Over 50,51190.93,12.7,10.8,0.421,4693.97,debt_consolidation,0,baseline
60,Over 50,111358.82,19.5,16.1,0.081,7730.32,small_business,0,baseline
30,30-50,53803.07,2.0,2.1,0.326,27033.18,debt_consolidation,1,baseline
65,Over 50,54763.61,16.4,11.8,0.277,8714.42,debt_consolidation,0,baseline
29,Under 30,42724.56,3.1,8.5,0.04,8807.73,debt_consolidation,0,baseline
22,Under 30,74918.03,0.9,1.9,0.027,14383.86,education,0,baseline
23,Under 30,90309.68,7.4,6.2,0.469,4707.08,home_improvement,0,baseline
30,30-50,30768.57,3.3,2.4,0.114,1778.17,small_business,0,baseline
63,Over 50,41831.18,13.0,11.6,0.122,19281.97,small_business,0,baseline
31,30-50,73997.41,9.1,7.9,0.133,10963.53,auto,0,baseline
54,Over 50,46244.74,10.6,13.4,0.244,6485.75,debt_consolidation,0,baseline
41,30-50,39260.59,2.2,1.3,0.206,8338.84,small_business,0,baseline
22,Under 30,77210.75,0.0,0.0,0.225,13712.57,home_improvement,0,baseline
42,30-50,80543.6,3.6,6.0,0.237,7595.92,home_improvement,0,baseline
22,Under 30,40041.07,0.0,1.8,0.55,8711.88,auto,0,baseline
44,30-50,53936.62,7.0,7.1,0.163,22419.09,auto,1,baseline
48,30-50,28458.05,9.2,10.5,0.202,4351.27,small_business,0,baseline
46,30-50,32762.29,12.3,12.1,0.422,10494.49,small_business,0,baseline
34,30-50,51837.77,6.4,7.1,0.328,4398.38,home_improvement,0,baseline
58,Over 50,49718.53,14.7,10.9,0.224,17705.11,debt_consolidation,0,baseline
50,30-50,31726.44,7.5,4.6,0.14,9382.05,small_business,0,baseline
33,30-50,35518.6,6.9,6.1,0.337,5747.88,debt_consolidation,0,baseline
42,30-50,30355.41,11.5,9.1,0.422,3826.53,auto,0,baseline
26,Under 30,60160.84,2.9,4.9,0.524,6801.53,debt_consolidation,0,baseline
66,Over 50,20222.73,17.0,12.0,0.075,8891.17,home_improvement,0,baseline
57,Over 50,31094.62,8.8,8.2,0.074,14461.07,home_improvement,0,baseline
35,30-50,21198.3,8.1,8.1,0.228,4690.03,auto,0,baseline
54,Over 50,59193.04,16.9,15.4,0.294,5365.2,small_business,0,baseline
54,Over 50,21780.49,12.5,12.8,0.558,6320.04,small_business,0,baseline
50,30-50,49725.75,8.4,8.0,0.481,5499.47,home_improvement,0,baseline
23,Under 30,102517.19,0.2,0.8,0.252,6264.93,debt_consolidation,0,baseline
64,Over 50,104093.55,13.8,15.5,0.217,5051.37,home_improvement,0,baseline
67,Over 50,21749.4,15.0,13.4,0.139,9982.31,home_improvement,0,baseline
68,Over 50,56065.97,18.4,19.6,0.497,6364.75,home_improvement,0,baseline
69,Over 50,31412.55,17.6,15.5,0.262,8146.99,small_business,0,baseline
66,Over 50,28655.16,18.8,17.0,0.17,9434.72,home_improvement,0,baseline
57,Over 50,46580.56,13.7,12.7,0.227,4065.52,debt_consolidation,0,baseline
23,Under 30,85197.81,0.0,2.5,0.139,10903.22,auto,0,baseline
43,30-50,64205.65,6.2,6.1,0.127,8997.72,debt_consolidation,0,baseline
33,30-50,35531.91,2.5,4.2,0.312,9002.37,debt_consolidation,0,baseline
31,30-50,67323.54,2.9,7.4,0.315,7580.6,education,0,baseline
61,Over 50,17860.22,19.4,19.6,0.185,7081.29,debt_consolidation,0,baseline
60,Over 50,34932.55,19.5,19.7,0.331,8324.05,auto,0,baseline
46,30-50,33834.92,11.3,8.3,0.088,8500.26,education,0,baseline
57,Over 50,50779.31,13.0,10.0,0.184,4491.36,debt_consolidation,0,baseline
27,Under 30,44744.66,0.0,2.4,0.191,17812.39,home_improvement,0,baseline
31,30-50,45997.3,4.2,6.9,0.152,5722.27,auto,0,baseline
63,Over 50,45314.22,12.3,10.8,0.121,8377.91,auto,0,baseline
43,30-50,49517.59,12.6,10.7,0.244,14510.12,small_business,0,baseline
47,30-50,62508.57,4.3,8.2,0.279,6830.21,education,0,baseline
43,30-50,52428.15,8.9,10.5,0.272,9122.39,debt_consolidation,0,baseline
30,30-50,43132.92,0.5,4.5,0.398,2709.13,home_improvement,0,baseline
61,Over 50,58734.74,14.0,12.3,0.118,3008.2,debt_consolidation,0,baseline
58,Over 50,71093.81,14.9,12.9,0.396,8000.09,debt_consolidation,1,baseline
54,Over 50,38169.36,14.6,15.6,0.299,8908.25,home_improvement,0,baseline
38,30-50,47727.77,5.8,6.1,0.101,14087.78,debt_consolidation,0,baseline
52,Over 50,82690.33,13.1,11.3,0.364,12095.38,auto,0,baseline
67,Over 50,29844.56,14.1,11.5,0.445,3655.46,auto,0,baseline
52,Over 50,110427.67,11.6,10.2,0.162,15277.45,home_improvement,0,baseline
45,30-50,26832.8,11.4,12.9,0.362,4468.09,education,0,baseline
34,30-50,41964.78,5.5,3.4,0.379,12473.86,education,0,baseline
46,30-50,31965.56,7.2,9.0,0.374,6464.91,auto,0,baseline
39,30-50,131211.68,5.5,5.0,0.447,31504.92,home_improvement,1,baseline
50,30-50,39084.94,13.2,12.1,0.399,6031.95,debt_consolidation,0,baseline
23,Under 30,39129.09,0.0,1.7,0.309,7808.63,debt_consolidation,0,baseline
30,30-50,41488.15,0.3,1.8,0.569,8770.52,debt_consolidation,0,baseline
59,Over 50,51175.76,15.1,13.5,0.55,7177.76,small_business,0,baseline
39,30-50,42285.57,5.0,5.1,0.473,4921.73,home_improvement,1,baseline
42,30-50,46175.33,3.0,3.2,0.296,24392.99,home_improvement,0,baseline
47,30-50,10015.16,13.2,15.2,0.538,5970.99,home_improvement,0,baseline
42,30-50,50298.07,4.1,5.3,0.074,5864.97,auto,0,baseline
58,Over 50,49415.18,12.4,11.6,0.115,7671.75,small_business,0,baseline
33,30-50,78225.89,2.3,2.6,0.176,8925.11,debt_consolidation,0,baseline
58,Over 50,88351.41,12.1,10.8,0.084,5753.53,education,0,baseline
31,30-50,45050.14,0.8,1.4,0.179,13052.63,home_improvement,0,baseline
39,30-50,70777.97,8.4,10.3,0.315,8746.1,debt_consolidation,0,baseline
49,30-50,29860.57,10.1,8.6,0.013,8184.91,home_improvement,0,baseline
64,Over 50,69237.93,18.0,11.9,0.211,10711.24,home_improvement,0,baseline
32,30-50,37887.85,2.0,3.7,0.601,5301.26,debt_consolidation,0,baseline
49,30-50,28764.18,16.2,14.4,0.193,6048.0,debt_consolidation,0,baseline
24,Under 30,45093.13,0.0,0.8,0.272,8014.24,auto,0,baseline
24,Under 30,92061.55,0.0,3.8,0.569,12899.72,auto,0,baseline
58,Over 50,53180.79,18.2,11.1,0.264,7172.86,auto,0,baseline
56,Over 50,96126.44,13.7,16.1,0.099,6915.01,home_improvement,0,baseline
39,30-50,34998.84,7.3,10.0,0.536,2823.68,auto,0,baseline
51,Over 50,78553.33,11.8,10.2,0.275,5728.69,small_business,0,baseline
39,30-50,36553.35,8.0,7.5,0.081,3550.09,small_business,0,baseline
34,30-50,54252.15,5.4,7.4,0.232,4020.92,debt_consolidation,0,baseline
42,30-50,54041.49,4.5,6.6,0.067,9729.18,debt_consolidation,0,baseline
36,30-50,66017.25,7.7,6.9,0.039,42592.26,auto,0,baseline
60,Over 50,54876.1,15.6,11.3,0.276,8929.51,debt_consolidation,0,baseline
41,30-50,35149.55,11.3,15.3,0.12,9569.89,education,0,baseline
36,30-50,72848.57,10.5,12.3,0.51,5539.99,debt_consolidation,0,baseline
47,30-50,106856.86,10.1,10.4,0.257,4797.26,debt_consolidation,0,baseline
58,Over 50,37695.22,9.3,9.8,0.167,22653.53,education,0,baseline
34,30-50,21464.28,9.9,11.1,0.438,5417.09,debt_consolidation,0,baseline
67,Over 50,61371.07,13.0,13.9,0.086,2981.14,debt_consolidation,0,baseline
43,30-50,42233.49,8.7,4.8,0.189,9161.63,education,0,baseline
53,Over 50,46212.41,10.4,9.6,0.357,6536.24,debt_consolidation,0,baseline
67,Over 50,62961.58,14.8,12.9,0.322,10915.37,home_improvement,0,baseline
42,30-50,39919.63,9.6,9.4,0.497,17744.15,home_improvement,0,baseline
30,30-50,43434.82,3.9,6.6,0.461,9744.89,debt_consolidation,0,baseline
57,Over 50,46861.24,14.1,9.7,0.099,9076.63,debt_consolidation,0,baseline
21,Under 30,94976.93,0.0,0.0,0.143,11268.97,debt_consolidation,0,baseline
43,30-50,49688.63,7.2,6.4,0.178,31330.64,home_improvement,0,baseline
69,Over 50,28111.86,14.5,13.9,0.845,25317.53,small_business,0,baseline
41,30-50,28619.82,6.4,8.8,0.145,6918.95,auto,0,baseline
54,Over 50,52190.38,11.2,14.2,0.066,13028.58,auto,0,baseline
46,30-50,29488.55,14.3,12.9,0.432,19792.2,auto,1,baseline
31,30-50,24269.2,2.7,5.8,0.338,11461.12,education,0,baseline
36,30-50,65250.64,0.0,3.4,0.115,7838.75,home_improvement,0,baseline
46,30-50,66704.27,12.9,13.4,0.046,6317.53,small_business,0,baseline
26,Under 30,41536.95,3.1,4.4,0.173,8512.68,auto,1,baseline
41,30-50,55946.25,6.6,6.5,0.23,4582.91,auto,0,baseline
41,30-50,53351.36,5.7,4.4,0.705,12678.55,debt_consolidation,1,baseline
61,Over 50,64285.46,11.2,8.7,0.179,16243.72,education,0,baseline
27,Under 30,64352.91,7.9,9.0,0.12,6644.38,home_improvement,0,baseline
62,Over 50,15174.86,14.5,13.5,0.227,6468.71,education,1,baseline
41,30-50,43992.55,1.8,2.6,0.207,4778.75,education,0,baseline
52,Over 50,61886.47,11.8,12.8,0.392,10233.99,debt_consolidation,0,baseline
48,30-50,40753.4,13.1,12.1,0.31,8059.15,home_improvement,0,baseline
35,30-50,49825.95,5.4,4.5,0.205,3937.51,small_business,0,baseline
66,Over 50,68721.34,13.0,11.9,0.144,34802.95,debt_consolidation,0,baseline
31,30-50,50838.86,0.5,4.1,0.346,3330.41,auto,0,baseline
22,Under 30,96622.19,0.0,0.0,0.1,3944.61,debt_consolidation,0,baseline
57,Over 50,81401.08,17.2,16.2,0.083,12961.78,home_improvement,0,baseline
51,Over 50,46473.9,10.3,10.1,0.046,11254.8,small_business,0,baseline
64,Over 50,44841.05,10.0,8.5,0.338,5669.46,auto,0,baseline
43,30-50,13593.6,8.9,8.5,0.349,5489.75,home_improvement,0,baseline
21,Under 30,42322.49,0.4,0.0,0.27,10187.77,auto,0,baseline
21,Under 30,26662.92,0.0,2.2,0.296,9789.46,debt_consolidation,0,baseline
42,30-50,54152.17,4.3,2.7,0.148,5699.01,debt_consolidation,0,baseline
33,30-50,52511.73,1.0,5.0,0.199,13318.8,auto,0,baseline
66,Over 50,67046.06,19.0,17.0,0.06,10785.2,education,0,baseline
26,Under 30,91904.17,2.5,2.9,0.58,15807.52,auto,0,baseline
64,Over 50,48444.73,16.5,17.5,0.201,7903.72,home_improvement,0,baseline
31,30-50,136787.97,4.2,3.3,0.713,12150.14,debt_consolidation,0,baseline
26,Under 30,54426.32,2.7,2.7,0.25,7229.06,debt_consolidation,1,baseline
34,30-50,27184.51,3.1,0.9,0.197,10620.49,debt_consolidation,0,baseline
28,Under 30,38065.65,1.8,6.1,0.154,9690.59,small_business,0,baseline
40,30-50,41450.86,10.1,13.9,0.052,12382.61,home_improvement,0,baseline
37,30-50,63988.41,9.8,6.5,0.017,10506.49,education,0,baseline
46,30-50,32007.88,5.1,4.4,0.216,3151.32,debt_consolidation,0,baseline
47,30-50,42869.28,8.5,8.9,0.268,5923.81,home_improvement,0,baseline
21,Under 30,45594.02,2.5,3.0,0.31,8447.17,debt_consolidation,1,baseline
27,Under 30,40068.49,7.7,8.1,0.276,10231.08,small_business,0,baseline
28,Under 30,70624.82,7.8,8.0,0.482,12239.59,debt_consolidation,0,baseline
30,30-50,65420.74,0.8,3.4,0.202,10660.96,debt_consolidation,0,baseline
25,Under 30,82863.94,5.2,4.3,0.221,5696.77,debt_consolidation,0,baseline
36,30-50,42236.44,5.4,6.7,0.254,12823.81,debt_consolidation,0,baseline
47,30-50,84215.76,12.2,9.6,0.366,5407.15,debt_consolidation,0,baseline
36,30-50,26534.51,7.6,7.3,0.535,15239.22,small_business,0,baseline
37,30-50,26244.9,1.8,0.0,0.061,15756.14,small_business,1,baseline
44,30-50,28389.91,9.7,9.0,0.084,8062.26,auto,0,baseline
47,30-50,49224.43,12.1,10.5,0.063,5860.47,education,0,baseline
37,30-50,84210.1,5.5,8.3,0.324,5721.44,home_improvement,0,baseline
31,30-50,37385.42,2.8,4.1,0.134,4689.13,education,0,baseline
41,30-50,39556.61,2.3,4.1,0.267,5108.64,debt_consolidation,0,baseline
22,Under 30,44479.87,2.4,3.9,0.118,7403.97,home_improvement,0,baseline
45,30-50,63435.1,9.0,5.0,0.489,6125.95,debt_consolidation,0,baseline
67,Over 50,39540.02,13.3,8.7,0.386,3622.96,small_business,0,baseline
40,30-50,38559.68,5.7,5.9,0.287,6362.74,debt_consolidation,0,baseline
26,Under 30,26757.55,2.2,4.3,0.337,8488.31,debt_consolidation,0,baseline
55,Over 50,37900.72,10.2,9.7,0.174,6839.32,debt_consolidation,0,baseline
27,Under 30,83271.18,2.1,2.0,0.431,5179.9,home_improvement,0,baseline
30,30-50,51068.17,0.0,1.5,0.326,2451.38,home_improvement,0,baseline
28,Under 30,35138.95,6.5,6.5,0.476,14367.43,auto,0,baseline
64,Over 50,85499.41,15.1,15.6,0.067,7944.16,education,0,baseline
69,Over 50,37671.3,13.5,14.2,0.179,9512.39,auto,0,baseline
48,30-50,92872.24,2.1,2.5,0.143,8869.82,home_improvement,0,baseline
51,Over 50,92191.49,13.6,12.8,0.138,10390.88,home_improvement,1,baseline
52,Over 50,50272.09,12.5,12.6,0.034,9138.87,small_business,0,baseline
50,30-50,24975.55,10.8,11.5,0.392,8512.62,home_improvement,0,baseline
47,30-50,137348.29,11.7,14.7,0.089,11868.56,debt_consolidation,0,baseline
69,Over 50,58353.48,19.4,17.4,0.184,13212.79,auto,0,baseline
56,Over 50,42372.33,12.8,14.6,0.332,16181.89,auto,0,baseline
25,Under 30,75377.01,0.6,0.2,0.291,5345.67,small_business,0,baseline
40,30-50,67240.85,5.4,5.0,0.249,9179.39,home_improvement,0,baseline
68,Over 50,88426.08,17.7,11.9,0.119,3631.17,home_improvement,0,baseline
40,30-50,36386.15,10.8,11.0,0.185,6369.62,auto,0,baseline
30,30-50,56574.47,2.8,5.6,0.472,7343.05,auto,0,baseline
63,Over 50,28749.0,19.1,12.2,0.16,11736.45,debt_consolidation,0,baseline
51,Over 50,66161.27,11.6,11.7,0.177,7639.62,small_business,0,baseline
48,30-50,48517.25,10.6,11.7,0.307,11343.54,debt_consolidation,0,baseline
41,30-50,55628.68,14.2,14.5,0.172,6818.88,debt_consolidation,0,baseline
27,Under 30,45896.43,7.1,5.3,0.141,6070.21,auto,1,baseline
39,30-50,43785.37,11.3,12.6,0.124,5425.83,debt_consolidation,0,baseline
42,30-50,33166.51,5.0,6.0,0.135,11445.62,debt_consolidation,1,baseline
66,Over 50,69961.03,22.3,21.0,0.271,6706.3,small_business,0,baseline
36,30-50,95833.43,5.0,5.8,0.438,2408.49,auto,0,baseline
28,Under 30,38158.33,1.8,4.2,0.246,11135.25,small_business,0,baseline
41,30-50,62886.9,0.5,4.6,0.257,5091.69,debt_consolidation,0,baseline
69,Over 50,59544.7,17.8,15.8,0.175,8924.86,debt_consolidation,0,baseline
44,30-50,49199.76,4.8,6.4,0.327,4607.52,debt_consolidation,0,baseline
39,30-50,24662.32,7.5,10.5,0.41,8162.99,debt_consolidation,1,baseline
53,Over 50,27290.15,7.7,7.9,0.262,1929.07,home_improvement,0,baseline
52,Over 50,34494.6,16.2,12.7,0.137,7967.75,small_business,0,baseline
35,30-50,18721.87,6.6,8.6,0.315,5231.3,home_improvement,0,baseline
68,Over 50,92375.2,23.3,23.5,0.146,4298.98,auto,0,baseline
50,30-50,57841.77,7.1,10.2,0.18,11873.81,auto,0,baseline
23,Under 30,48364.32,5.3,7.7,0.066,7636.26,debt_consolidation,0,baseline
40,30-50,18295.2,1.2,0.0,0.057,7172.04,debt_consolidation,0,baseline
66,Over 50,21574.3,16.4,13.8,0.23,5641.17,auto,0,baseline
40,30-50,48969.18,4.8,4.6,0.106,12673.7,debt_consolidation,1,baseline
48,30-50,118981.17,8.1,8.6,0.079,6520.02,home_improvement,0,baseline
51,Over 50,35796.67,9.0,12.5,0.277,17049.39,auto,0,baseline
55,Over 50,72309.38,9.2,7.2,0.117,14984.69,debt_consolidation,0,baseline
63,Over 50,39499.52,10.9,15.2,0.184,16525.34,debt_consolidation,0,baseline
28,Under 30,50254.62,1.1,2.1,0.107,13147.76,auto,0,baseline
46,30-50,84677.71,9.1,7.7,0.273,5984.13,home_improvement,0,baseline
47,30-50,41953.69,12.6,13.8,0.288,8318.4,home_improvement,0,baseline
28,Under 30,35934.49,3.3,6.5,0.362,7320.74,debt_consolidation,0,baseline
54,Over 50,92793.49,15.0,15.3,0.065,12321.29,education,1,baseline
26,Under 30,50036.15,0.0,0.5,0.218,8060.27,auto,0,baseline
43,30-50,80100.89,6.4,8.1,0.48,7175.15,small_business,0,baseline
37,30-50,36013.1,7.7,6.1,0.182,18564.65,education,0,baseline
28,Under 30,92318.83,3.5,3.2,0.303,6879.41,auto,0,baseline
61,Over 50,55444.19,11.4,10.9,0.148,5930.01,auto,0,baseline
32,30-50,59614.52,6.7,5.7,0.223,6627.79,debt_consolidation,0,baseline
33,30-50,52012.18,2.6,6.2,0.064,13844.13,home_improvement,0,baseline
62,Over 50,39047.58,12.0,10.5,0.283,8900.76,auto,0,baseline
63,Over 50,48983.69,16.2,14.5,0.083,10190.66,home_improvement,0,baseline
22,Under 30,40168.34,0.4,0.5,0.589,9117.93,small_business,0,baseline
34,30-50,75493.04,3.0,6.5,0.065,2706.88,auto,0,baseline
55,Over 50,44740.05,10.2,8.9,0.291,4748.55,debt_consolidation,0,baseline
59,Over 50,24998.52,10.1,12.4,0.33,7048.82,debt_consolidation,0,baseline
69,Over 50,23023.24,15.6,16.6,0.002,9484.12,debt_consolidation,0,baseline
48,30-50,22538.42,12.8,11.3,0.536,4953.49,small_business,0,baseline
21,Under 30,64736.91,0.7,2.6,0.282,4877.7,debt_consolidation,0,baseline
63,Over 50,29197.05,17.6,15.1,0.312,6931.63,education,0,baseline
28,Under 30,56108.28,4.0,6.3,0.199,15727.1,home_improvement,0,baseline
26,Under 30,52128.05,0.0,1.6,0.36,2761.6,small_business,0,baseline
54,Over 50,47613.95,6.6,6.4,0.231,2152.15,home_improvement,0,baseline
50,30-50,59711.65,7.4,8.0,0.128,19296.38,education,0,baseline
23,Under 30,52640.26,0.0,0.0,0.264,3769.92,auto,0,baseline
29,Under 30,14481.42,0.6,2.3,0.206,6616.61,debt_consolidation,0,baseline
49,30-50,42377.32,12.7,13.5,0.089,3826.17,auto,0,baseline
33,30-50,59355.28,7.1,8.0,0.065,6965.44,debt_consolidation,0,baseline
54,Over 50,102552.2,18.2,18.5,0.127,7569.91,debt_consolidation,0,baseline
41,30-50,104705.4,4.7,5.0,0.116,18130.18,debt_consolidation,0,baseline
49,30-50,26544.62,14.6,12.8,0.079,11618.31,debt_consolidation,0,baseline
44,30-50,41882.51,12.8,10.0,0.225,4266.03,home_improvement,1,baseline
38,30-50,24227.61,5.3,5.4,0.249,3121.33,auto,0,baseline
37,30-50,97143.86,7.0,11.5,0.366,10402.9,small_business,0,baseline
55,Over 50,77325.98,15.6,15.0,0.373,6249.11,home_improvement,0,baseline
46,30-50,57397.99,8.6,7.7,0.214,5644.56,education,0,baseline
50,30-50,52825.15,9.7,7.8,0.6,14652.87,home_improvement,0,baseline
49,30-50,91243.22,7.9,5.1,0.124,3367.01,home_improvement,0,baseline
31,30-50,84549.83,0.0,0.3,0.278,6746.93,home_improvement,0,baseline
65,Over 50,82546.75,15.6,16.0,0.125,11107.64,education,0,baseline
48,30-50,60204.71,7.3,7.0,0.184,4491.08,debt_consolidation,0,baseline
56,Over 50,41891.88,9.0,7.3,0.316,15507.09,debt_consolidation,0,baseline
64,Over 50,69231.15,16.3,13.4,0.392,4886.21,auto,0,baseline
66,Over 50,70772.01,11.4,12.4,0.325,7822.75,debt_consolidation,0,baseline
53,Over 50,44990.79,13.6,12.7,0.18,5729.28,debt_consolidation,0,baseline
59,Over 50,41853.8,14.8,12.5,0.139,2058.94,debt_consolidation,0,baseline
44,30-50,81633.17,6.8,6.9,0.257,6566.3,debt_consolidation,0,baseline
57,Over 50,103657.99,12.4,16.3,0.342,12041.76,debt_consolidation,0,baseline
36,30-50,34988.4,1.7,5.8,0.182,4830.63,debt_consolidation,0,baseline
55,Over 50,43541.97,14.2,16.3,0.291,5918.84,small_business,0,baseline
25,Under 30,57406.91,2.0,0.1,0.119,6258.97,education,0,baseline
65,Over 50,61020.77,16.2,14.6,0.385,10593.88,debt_consolidation,0,baseline
32,30-50,38751.9,5.4,5.0,0.172,6769.12,debt_consolidation,0,baseline
53,Over 50,114414.64,9.3,10.5,0.296,8197.49,small_business,0,baseline
21,Under 30,59275.0,0.0,4.1,0.42,8251.23,auto,1,baseline
28,Under 30,62262.99,5.3,6.9,0.272,6237.19,auto,0,baseline
69,Over 50,108174.16,18.9,15.3,0.322,18860.24,auto,0,baseline
61,Over 50,40051.53,12.4,10.6,0.352,4853.0,debt_consolidation,0,baseline
31,30-50,47108.36,4.7,7.0,0.397,11515.9,debt_consolidation,1,baseline
27,Under 30,27889.48,5.9,8.1,0.353,15335.13,home_improvement,0,baseline
60,Over 50,45362.56,17.1,15.9,0.219,7561.69,home_improvement,0,baseline
69,Over 50,25083.93,15.1,14.3,0.407,8353.38,small_business,0,baseline
29,Under 30,68633.24,0.0,2.1,0.25,10563.74,debt_consolidation,0,baseline
53,Over 50,59219.05,7.2,8.3,0.187,6730.28,debt_consolidation,0,baseline
34,30-50,43274.5,3.6,6.3,0.242,3139.92,small_business,0,baseline
57,Over 50,46854.83,17.0,16.8,0.44,7153.19,education,0,baseline
41,30-50,69055.09,4.8,5.9,0.355,18451.5,debt_consolidation,0,baseline
27,Under 30,29404.17,0.3,2.2,0.39,10768.96,debt_consolidation,1,baseline
36,30-50,53737.99,3.4,4.5,0.32,8421.72,auto,0,baseline
47,30-50,67156.39,7.5,6.4,0.357,11826.8,debt_consolidation,0,baseline
60,Over 50,21981.94,13.6,11.3,0.254,7538.68,education,0,baseline
22,Under 30,66717.47,0.0,3.1,0.271,8223.39,debt_consolidation,0,baseline
67,Over 50,23078.85,19.4,16.1,0.168,6531.48,debt_consolidation,0,baseline
52,Over 50,46494.18,10.4,12.0,0.548,10288.2,home_improvement,0,baseline
63,Over 50,29041.29,22.1,19.6,0.134,6197.69,auto,0,baseline
66,Over 50,93345.32,12.2,13.4,0.186,6921.3,small_business,0,baseline
28,Under 30,29123.35,7.2,9.0,0.373,12575.25,auto,0,baseline
25,Under 30,23328.11,5.6,8.1,0.312,7352.87,debt_consolidation,0,baseline
59,Over 50,52052.52,12.1,10.7,0.172,10749.64,auto,0,baseline
30,30-50,40693.91,2.0,4.4,0.234,11203.38,debt_consolidation,1,baseline
28,Under 30,24907.58,0.0,3.5,0.319,7798.19,debt_consolidation,0,baseline
43,30-50,62107.18,5.0,2.9,0.468,6803.84,debt_consolidation,0,baseline
65,Over 50,20006.76,15.4,17.7,0.332,4188.6,debt_consolidation,0,baseline
59,Over 50,30751.42,13.4,17.2,0.44,4683.52,home_improvement,0,baseline
46,30-50,37841.13,3.9,7.0,0.253,10987.93,education,0,baseline
30,30-50,70333.26,10.0,11.6,0.114,10886.82,debt_consolidation,0,baseline
37,30-50,87812.64,4.8,7.0,0.158,4939.76,home_improvement,0,baseline
54,Over 50,80519.29,11.7,10.8,0.167,9879.37,debt_consolidation,0,baseline
28,Under 30,45753.65,0.6,2.2,0.23,9028.78,auto,0,baseline
46,30-50,16443.92,7.9,10.3,0.15,12935.83,home_improvement,0,baseline
21,Under 30,58447.48,0.0,0.1,0.095,23926.58,debt_consolidation,0,baseline
36,30-50,95011.97,5.2,4.1,0.209,10801.21,education,0,baseline
33,30-50,85408.91,4.2,4.5,0.367,5736.49,home_improvement,0,baseline
54,Over 50,60374.8,14.0,14.5,0.014,11751.01,small_business,0,baseline
65,Over 50,28702.05,16.1,13.1,0.703,4812.78,small_business,0,baseline
28,Under 30,38700.66,4.6,5.2,0.23,24604.78,debt_consolidation,0,baseline
60,Over 50,117033.61,13.6,12.7,0.15,4388.77,education,0,baseline
53,Over 50,25912.27,11.9,9.5,0.21,10089.58,auto,0,baseline
68,Over 50,29245.22,15.7,9.7,0.205,8110.66,home_improvement,0,baseline
65,Over 50,74917.91,18.4,14.7,0.283,6589.02,education,0,baseline
25,Under 30,40375.5,2.4,4.4,0.374,6384.94,home_improvement,0,baseline
57,Over 50,28802.29,12.1,12.7,0.321,16008.87,home_improvement,0,baseline
50,30-50,97497.99,9.6,10.7,0.146,10756.07,home_improvement,0,baseline
26,Under 30,60323.39,1.4,4.4,0.495,7508.74,education,1,baseline
33,30-50,41282.31,4.3,4.2,0.184,19266.05,small_business,1,baseline
66,Over 50,29272.43,15.6,12.8,0.033,7636.23,debt_consolidation,0,baseline
47,30-50,123171.5,7.4,8.7,0.596,11701.1,auto,0,baseline
37,30-50,48484.37,7.9,7.9,0.132,4145.58,debt_consolidation,1,baseline
36,30-50,91931.37,7.7,10.0,0.259,4257.81,education,0,baseline
62,Over 50,73286.75,19.7,18.5,0.553,11555.03,debt_consolidation,0,baseline
34,30-50,38777.45,2.7,6.8,0.135,9452.46,debt_consolidation,0,baseline
28,Under 30,38916.61,4.4,4.6,0.449,23703.23,auto,0,baseline
49,30-50,93980.42,4.1,7.4,0.251,5694.98,auto,0,baseline
69,Over 50,94668.14,19.3,21.5,0.224,11360.06,home_improvement,0,baseline
29,Under 30,21065.41,0.0,2.1,0.128,7166.2,auto,1,baseline
33,30-50,62780.58,1.2,4.0,0.236,12383.43,education,0,baseline
43,30-50,46418.5,8.7,7.1,0.17,11901.29,debt_consolidation,0,baseline
30,30-50,30791.83,1.3,4.8,0.214,7992.33,debt_consolidation,1,baseline
52,Over 50,55148.55,8.6,11.1,0.202,5595.57,home_improvement,0,baseline
33,30-50,26707.01,2.7,3.2,0.257,6838.97,auto,0,baseline
27,Under 30,39739.27,4.3,6.6,0.145,4645.29,auto,0,baseline
33,30-50,34224.15,1.4,3.7,0.169,9724.4,home_improvement,0,baseline
66,Over 50,39147.58,15.6,15.3,0.301,1989.34,auto,0,baseline
66,Over 50,47469.12,14.6,15.3,0.3,6059.85,debt_consolidation,0,baseline
45,30-50,31038.85,10.9,11.7,0.466,12734.27,debt_consolidation,1,baseline
40,30-50,99501.76,9.2,9.1,0.037,12582.87,auto,0,baseline
61,Over 50,61204.59,8.5,10.5,0.335,3619.0,debt_consolidation,0,baseline
30,30-50,109924.97,6.3,9.3,0.287,10844.89,small_business,0,baseline
53,Over 50,45613.73,9.4,8.4,0.286,4579.8,small_business,0,baseline
54,Over 50,38293.85,12.3,11.8,0.035,6706.57,home_improvement,0,baseline
55,Over 50,108151.36,9.1,5.7,0.489,11884.38,debt_consolidation,0,baseline
31,30-50,37792.77,4.6,6.9,0.22,4976.24,debt_consolidation,0,baseline
56,Over 50,45241.43,19.9,20.4,0.261,16538.83,home_improvement,0,baseline
50,30-50,67779.92,10.5,9.9,0.076,9213.78,small_business,0,baseline
63,Over 50,28085.91,13.3,12.9,0.141,10212.36,debt_consolidation,0,baseline
29,Under 30,67513.48,2.1,3.2,0.139,13885.67,debt_consolidation,0,baseline
51,Over 50,63736.09,6.1,6.1,0.372,12647.79,auto,0,baseline
61,Over 50,86785.64,18.3,17.1,0.429,12107.91,auto,0,baseline
34,30-50,73168.48,5.5,4.8,0.178,5832.1,auto,0,baseline
57,Over 50,87991.04,9.5,9.1,0.184,4649.6,auto,0,baseline
25,Under 30,46644.49,0.0,0.2,0.216,7036.46,education,1,baseline
56,Over 50,33249.61,12.3,13.0,0.22,10272.28,home_improvement,1,baseline
50,30-50,126689.37,12.9,12.8,0.122,4260.77,debt_consolidation,0,baseline
30,30-50,24661.21,0.0,1.1,0.084,10844.66,auto,0,baseline
24,Under 30,25798.44,4.4,5.6,0.418,9771.59,auto,0,baseline
57,Over 50,63215.68,12.3,11.4,0.163,7398.97,debt_consolidation,0,baseline
32,30-50,101848.71,1.1,5.1,0.379,8356.22,education,0,baseline
45,30-50,53385.68,7.0,6.7,0.088,8371.22,auto,0,baseline
23,Under 30,76855.83,5.9,8.0,0.153,10105.21,home_improvement,0,baseline
68,Over 50,19968.05,12.3,10.4,0.273,11768.82,small_business,0,baseline
47,30-50,39151.92,6.9,9.2,0.207,34054.49,auto,1,baseline
66,Over 50,21093.57,18.6,19.0,0.157,8817.91,small_business,0,baseline
28,Under 30,69646.31,3.1,6.6,0.412,5871.97,auto,1,baseline
31,30-50,24434.37,1.1,5.8,0.098,3124.12,auto,0,baseline
50,30-50,27583.73,13.0,13.0,0.215,4007.88,debt_consolidation,0,baseline
50,30-50,61778.54,13.2,15.0,0.284,5548.68,home_improvement,0,baseline
59,Over 50,79048.82,14.3,16.7,0.28,11438.27,auto,0,baseline
66,Over 50,45636.56,13.9,10.9,0.386,6651.27,education,0,baseline
61,Over 50,63359.34,12.6,10.9,0.174,9930.48,small_business,0,baseline
27,Under 30,62442.7,3.0,1.4,0.212,5619.37,debt_consolidation,0,baseline
36,30-50,44491.7,1.3,5.2,0.202,10175.32,auto,1,baseline
65,Over 50,29952.93,19.4,14.5,0.39,12534.09,debt_consolidation,0,baseline
47,30-50,63208.95,14.2,9.8,0.13,6626.93,auto,0,baseline
63,Over 50,64595.05,14.0,11.0,0.372,10071.76,debt_consolidation,0,baseline
48,30-50,73299.64,10.5,6.9,0.1,6501.56,auto,0,baseline
23,Under 30,56411.59,4.3,6.0,0.098,4376.76,home_improvement,0,baseline
44,30-50,28974.61,13.9,11.0,0.13,10687.69,education,0,baseline
61,Over 50,66879.85,18.7,13.6,0.309,9960.42,auto,0,baseline
53,Over 50,48990.34,6.0,6.7,0.165,10902.3,debt_consolidation,0,baseline
27,Under 30,39449.16,1.2,3.0,0.105,13065.97,auto,0,baseline
31,30-50,42933.77,5.0,2.3,0.142,7155.21,auto,0,baseline
62,Over 50,35932.03,12.9,10.9,0.169,7423.65,home_improvement,0,baseline
68,Over 50,73128.96,21.8,19.3,0.276,7027.31,debt_consolidation,0,baseline
57,Over 50,25896.12,17.5,15.3,0.255,9630.05,small_business,0,baseline
25,Under 30,31348.8,0.0,1.3,0.364,7560.0,debt_consolidation,0,baseline
